<?xml version="1.0" encoding="UTF-8"?>
<kml xmlns="http://www.opengis.net/kml/2.2">
<Document>
  <name>Amaipara Distribution Zone 1A1 (800M3)</name>
  <Placemark>
    <name>J-1</name>
    <ExtendedData>
      <Data name="id"><value>J-1</value></Data>
    </ExtendedData>
    <Point>
      <coordinates>88.2838639,24.2416847,0</coordinates>
    </Point>
  </Placemark>
  <Placemark>
    <name>J-2</name>
    <ExtendedData>
      <Data name="id"><value>J-2</value></Data>
    </ExtendedData>
    <Point>
      <coordinates>88.2842305,24.2411155,0</coordinates>
    </Point>
  </Placemark>
  <Placemark>
    <name>J-3</name>
    <ExtendedData>
      <Data name="id"><value>J-3</value></Data>
    </ExtendedData>
    <Point>
      <coordinates>88.2851389,24.2419153,0</coordinates>
    </Point>
  </Placemark>
  <Placemark>
    <name>J-4</name>
    <ExtendedData>
      <Data name="id"><value>J-4</value></Data>
    </ExtendedData>
    <Point>
      <coordinates>88.2849726,24.242184,0</coordinates>
    </Point>
  </Placemark>
  <Placemark>
    <name>J-5</name>
    <ExtendedData>
      <Data name="id"><value>J-5</value></Data>
    </ExtendedData>
    <Point>
      <coordinates>88.2852147,24.2417309,0</coordinates>
    </Point>
  </Placemark>
  <Placemark>
    <name>J-6</name>
    <ExtendedData>
      <Data name="id"><value>J-6</value></Data>
    </ExtendedData>
    <Point>
      <coordinates>88.2840734,24.241401,0</coordinates>
    </Point>
  </Placemark>
  <Placemark>
    <name>J-7</name>
    <ExtendedData>
      <Data name="id"><value>J-7</value></Data>
    </ExtendedData>
    <Point>
      <coordinates>88.2850145,24.2388637,0</coordinates>
    </Point>
  </Placemark>
  <Placemark>
    <name>J-8</name>
    <ExtendedData>
      <Data name="id"><value>J-8</value></Data>
    </ExtendedData>
    <Point>
      <coordinates>88.2841374,24.2413014,0</coordinates>
    </Point>
  </Placemark>
  <Placemark>
    <name>J-9</name>
    <ExtendedData>
      <Data name="id"><value>J-9</value></Data>
    </ExtendedData>
    <Point>
      <coordinates>88.2851758,24.241719,0</coordinates>
    </Point>
  </Placemark>
  <Placemark>
    <name>J-10</name>
    <ExtendedData>
      <Data name="id"><value>J-10</value></Data>
    </ExtendedData>
    <Point>
      <coordinates>88.2843149,24.2410059,0</coordinates>
    </Point>
  </Placemark>
  <Placemark>
    <name>J-11</name>
    <ExtendedData>
      <Data name="id"><value>J-11</value></Data>
    </ExtendedData>
    <Point>
      <coordinates>88.2847515,24.2411768,0</coordinates>
    </Point>
  </Placemark>
  <Placemark>
    <name>J-12</name>
    <ExtendedData>
      <Data name="id"><value>J-12</value></Data>
    </ExtendedData>
    <Point>
      <coordinates>88.2844878,24.2406571,0</coordinates>
    </Point>
  </Placemark>
  <Placemark>
    <name>J-13</name>
    <ExtendedData>
      <Data name="id"><value>J-13</value></Data>
    </ExtendedData>
    <Point>
      <coordinates>88.2853258,24.2408816,0</coordinates>
    </Point>
  </Placemark>
  <Placemark>
    <name>J-14</name>
    <ExtendedData>
      <Data name="id"><value>J-14</value></Data>
    </ExtendedData>
    <Point>
      <coordinates>88.2846474,24.2402789,0</coordinates>
    </Point>
  </Placemark>
  <Placemark>
    <name>J-15</name>
    <ExtendedData>
      <Data name="id"><value>J-15</value></Data>
    </ExtendedData>
    <Point>
      <coordinates>88.2853836,24.2404711,0</coordinates>
    </Point>
  </Placemark>
  <Placemark>
    <name>J-16</name>
    <ExtendedData>
      <Data name="id"><value>J-16</value></Data>
    </ExtendedData>
    <Point>
      <coordinates>88.2846967,24.240125,0</coordinates>
    </Point>
  </Placemark>
  <Placemark>
    <name>J-17</name>
    <ExtendedData>
      <Data name="id"><value>J-17</value></Data>
    </ExtendedData>
    <Point>
      <coordinates>88.2860779,24.2400443,0</coordinates>
    </Point>
  </Placemark>
  <Placemark>
    <name>J-18</name>
    <ExtendedData>
      <Data name="id"><value>J-18</value></Data>
    </ExtendedData>
    <Point>
      <coordinates>88.2853714,24.2396592,0</coordinates>
    </Point>
  </Placemark>
  <Placemark>
    <name>J-19</name>
    <ExtendedData>
      <Data name="id"><value>J-19</value></Data>
    </ExtendedData>
    <Point>
      <coordinates>88.2849135,24.2394512,0</coordinates>
    </Point>
  </Placemark>
  <Placemark>
    <name>J-20</name>
    <ExtendedData>
      <Data name="id"><value>J-20</value></Data>
    </ExtendedData>
    <Point>
      <coordinates>88.285832,24.2397824,0</coordinates>
    </Point>
  </Placemark>
  <Placemark>
    <name>J-21</name>
    <ExtendedData>
      <Data name="id"><value>J-21</value></Data>
    </ExtendedData>
    <Point>
      <coordinates>88.2853456,24.2392128,0</coordinates>
    </Point>
  </Placemark>
  <Placemark>
    <name>J-22</name>
    <ExtendedData>
      <Data name="id"><value>J-22</value></Data>
    </ExtendedData>
    <Point>
      <coordinates>88.285603,24.239501,0</coordinates>
    </Point>
  </Placemark>
  <Placemark>
    <name>J-23</name>
    <ExtendedData>
      <Data name="id"><value>J-23</value></Data>
    </ExtendedData>
    <Point>
      <coordinates>88.2864578,24.2403979,0</coordinates>
    </Point>
  </Placemark>
  <Placemark>
    <name>J-24</name>
    <ExtendedData>
      <Data name="id"><value>J-24</value></Data>
    </ExtendedData>
    <Point>
      <coordinates>88.2875133,24.2402722,0</coordinates>
    </Point>
  </Placemark>
  <Placemark>
    <name>J-25</name>
    <ExtendedData>
      <Data name="id"><value>J-25</value></Data>
    </ExtendedData>
    <Point>
      <coordinates>88.2874106,24.2394431,0</coordinates>
    </Point>
  </Placemark>
  <Placemark>
    <name>J-26</name>
    <ExtendedData>
      <Data name="id"><value>J-26</value></Data>
    </ExtendedData>
    <Point>
      <coordinates>88.288513,24.2393467,0</coordinates>
    </Point>
  </Placemark>
  <Placemark>
    <name>J-27</name>
    <ExtendedData>
      <Data name="id"><value>J-27</value></Data>
    </ExtendedData>
    <Point>
      <coordinates>88.2873356,24.2391335,0</coordinates>
    </Point>
  </Placemark>
  <Placemark>
    <name>J-28</name>
    <ExtendedData>
      <Data name="id"><value>J-28</value></Data>
    </ExtendedData>
    <Point>
      <coordinates>88.2863773,24.2391272,0</coordinates>
    </Point>
  </Placemark>
  <Placemark>
    <name>J-29</name>
    <ExtendedData>
      <Data name="id"><value>J-29</value></Data>
    </ExtendedData>
    <Point>
      <coordinates>88.2863273,24.2391305,0</coordinates>
    </Point>
  </Placemark>
  <Placemark>
    <name>J-30</name>
    <ExtendedData>
      <Data name="id"><value>J-30</value></Data>
    </ExtendedData>
    <Point>
      <coordinates>88.2855605,24.2390013,0</coordinates>
    </Point>
  </Placemark>
  <Placemark>
    <name>J-31</name>
    <ExtendedData>
      <Data name="id"><value>J-31</value></Data>
    </ExtendedData>
    <Point>
      <coordinates>88.2862753,24.2391276,0</coordinates>
    </Point>
  </Placemark>
  <Placemark>
    <name>J-32</name>
    <ExtendedData>
      <Data name="id"><value>J-32</value></Data>
    </ExtendedData>
    <Point>
      <coordinates>88.2858067,24.2387383,0</coordinates>
    </Point>
  </Placemark>
  <Placemark>
    <name>J-33</name>
    <ExtendedData>
      <Data name="id"><value>J-33</value></Data>
    </ExtendedData>
    <Point>
      <coordinates>88.2851689,24.2385012,0</coordinates>
    </Point>
  </Placemark>
  <Placemark>
    <name>J-34</name>
    <ExtendedData>
      <Data name="id"><value>J-34</value></Data>
    </ExtendedData>
    <Point>
      <coordinates>88.2864887,24.2380249,0</coordinates>
    </Point>
  </Placemark>
  <Placemark>
    <name>J-35</name>
    <ExtendedData>
      <Data name="id"><value>J-35</value></Data>
    </ExtendedData>
    <Point>
      <coordinates>88.2862154,24.2379325,0</coordinates>
    </Point>
  </Placemark>
  <Placemark>
    <name>J-36</name>
    <ExtendedData>
      <Data name="id"><value>J-36</value></Data>
    </ExtendedData>
    <Point>
      <coordinates>88.2867998,24.2376903,0</coordinates>
    </Point>
  </Placemark>
  <Placemark>
    <name>J-37</name>
    <ExtendedData>
      <Data name="id"><value>J-37</value></Data>
    </ExtendedData>
    <Point>
      <coordinates>88.2868456,24.2379627,0</coordinates>
    </Point>
  </Placemark>
  <Placemark>
    <name>J-38</name>
    <ExtendedData>
      <Data name="id"><value>J-38</value></Data>
    </ExtendedData>
    <Point>
      <coordinates>88.2870921,24.2373767,0</coordinates>
    </Point>
  </Placemark>
  <Placemark>
    <name>J-39</name>
    <ExtendedData>
      <Data name="id"><value>J-39</value></Data>
    </ExtendedData>
    <Point>
      <coordinates>88.2865297,24.2371228,0</coordinates>
    </Point>
  </Placemark>
  <Placemark>
    <name>J-40</name>
    <ExtendedData>
      <Data name="id"><value>J-40</value></Data>
    </ExtendedData>
    <Point>
      <coordinates>88.2860162,24.2371696,0</coordinates>
    </Point>
  </Placemark>
  <Placemark>
    <name>J-41</name>
    <ExtendedData>
      <Data name="id"><value>J-41</value></Data>
    </ExtendedData>
    <Point>
      <coordinates>88.2856154,24.2372181,0</coordinates>
    </Point>
  </Placemark>
  <Placemark>
    <name>J-42</name>
    <ExtendedData>
      <Data name="id"><value>J-42</value></Data>
    </ExtendedData>
    <Point>
      <coordinates>88.2854434,24.2376546,0</coordinates>
    </Point>
  </Placemark>
  <Placemark>
    <name>J-43</name>
    <ExtendedData>
      <Data name="id"><value>J-43</value></Data>
    </ExtendedData>
    <Point>
      <coordinates>88.2853888,24.2378065,0</coordinates>
    </Point>
  </Placemark>
  <Placemark>
    <name>J-44</name>
    <ExtendedData>
      <Data name="id"><value>J-44</value></Data>
    </ExtendedData>
    <Point>
      <coordinates>88.2857744,24.237887,0</coordinates>
    </Point>
  </Placemark>
  <Placemark>
    <name>J-45</name>
    <ExtendedData>
      <Data name="id"><value>J-45</value></Data>
    </ExtendedData>
    <Point>
      <coordinates>88.2856526,24.2382115,0</coordinates>
    </Point>
  </Placemark>
  <Placemark>
    <name>J-46</name>
    <ExtendedData>
      <Data name="id"><value>J-46</value></Data>
    </ExtendedData>
    <Point>
      <coordinates>88.2870513,24.2370701,0</coordinates>
    </Point>
  </Placemark>
  <Placemark>
    <name>J-47</name>
    <ExtendedData>
      <Data name="id"><value>J-47</value></Data>
    </ExtendedData>
    <Point>
      <coordinates>88.2870863,24.2370658,0</coordinates>
    </Point>
  </Placemark>
  <Placemark>
    <name>J-48</name>
    <ExtendedData>
      <Data name="id"><value>J-48</value></Data>
    </ExtendedData>
    <Point>
      <coordinates>88.2878143,24.2369968,0</coordinates>
    </Point>
  </Placemark>
  <Placemark>
    <name>J-49</name>
    <ExtendedData>
      <Data name="id"><value>J-49</value></Data>
    </ExtendedData>
    <Point>
      <coordinates>88.2878648,24.2373588,0</coordinates>
    </Point>
  </Placemark>
  <Placemark>
    <name>J-50</name>
    <ExtendedData>
      <Data name="id"><value>J-50</value></Data>
    </ExtendedData>
    <Point>
      <coordinates>88.2884745,24.2369125,0</coordinates>
    </Point>
  </Placemark>
  <Placemark>
    <name>J-51</name>
    <ExtendedData>
      <Data name="id"><value>J-51</value></Data>
    </ExtendedData>
    <Point>
      <coordinates>88.2885059,24.2372468,0</coordinates>
    </Point>
  </Placemark>
  <Placemark>
    <name>J-52</name>
    <ExtendedData>
      <Data name="id"><value>J-52</value></Data>
    </ExtendedData>
    <Point>
      <coordinates>88.2891313,24.2368355,0</coordinates>
    </Point>
  </Placemark>
  <Placemark>
    <name>J-53</name>
    <ExtendedData>
      <Data name="id"><value>J-53</value></Data>
    </ExtendedData>
    <Point>
      <coordinates>88.2869938,24.2363328,0</coordinates>
    </Point>
  </Placemark>
  <Placemark>
    <name>J-54</name>
    <ExtendedData>
      <Data name="id"><value>J-54</value></Data>
    </ExtendedData>
    <Point>
      <coordinates>88.2869533,24.2360368,0</coordinates>
    </Point>
  </Placemark>
  <Placemark>
    <name>J-55</name>
    <ExtendedData>
      <Data name="id"><value>J-55</value></Data>
    </ExtendedData>
    <Point>
      <coordinates>88.2874592,24.2362737,0</coordinates>
    </Point>
  </Placemark>
  <Placemark>
    <name>J-56</name>
    <ExtendedData>
      <Data name="id"><value>J-56</value></Data>
    </ExtendedData>
    <Point>
      <coordinates>88.2874002,24.2358975,0</coordinates>
    </Point>
  </Placemark>
  <Placemark>
    <name>J-57</name>
    <ExtendedData>
      <Data name="id"><value>J-57</value></Data>
    </ExtendedData>
    <Point>
      <coordinates>88.2880531,24.2361948,0</coordinates>
    </Point>
  </Placemark>
  <Placemark>
    <name>J-58</name>
    <ExtendedData>
      <Data name="id"><value>J-58</value></Data>
    </ExtendedData>
    <Point>
      <coordinates>88.2879808,24.235736,0</coordinates>
    </Point>
  </Placemark>
  <Placemark>
    <name>J-59</name>
    <ExtendedData>
      <Data name="id"><value>J-59</value></Data>
    </ExtendedData>
    <Point>
      <coordinates>88.2883876,24.2361513,0</coordinates>
    </Point>
  </Placemark>
  <Placemark>
    <name>J-60</name>
    <ExtendedData>
      <Data name="id"><value>J-60</value></Data>
    </ExtendedData>
    <Point>
      <coordinates>88.2884182,24.2364704,0</coordinates>
    </Point>
  </Placemark>
  <Placemark>
    <name>J-61</name>
    <ExtendedData>
      <Data name="id"><value>J-61</value></Data>
    </ExtendedData>
    <Point>
      <coordinates>88.2890199,24.2360571,0</coordinates>
    </Point>
  </Placemark>
  <Placemark>
    <name>J-62</name>
    <ExtendedData>
      <Data name="id"><value>J-62</value></Data>
    </ExtendedData>
    <Point>
      <coordinates>88.2886509,24.2401685,0</coordinates>
    </Point>
  </Placemark>
  <Placemark>
    <name>J-63</name>
    <ExtendedData>
      <Data name="id"><value>J-63</value></Data>
    </ExtendedData>
    <Point>
      <coordinates>88.2884478,24.2385536,0</coordinates>
    </Point>
  </Placemark>
  <Placemark>
    <name>J-64</name>
    <ExtendedData>
      <Data name="id"><value>J-64</value></Data>
    </ExtendedData>
    <Point>
      <coordinates>88.2882278,24.2385689,0</coordinates>
    </Point>
  </Placemark>
  <Placemark>
    <name>J-65</name>
    <ExtendedData>
      <Data name="id"><value>J-65</value></Data>
    </ExtendedData>
    <Point>
      <coordinates>88.2881846,24.2381654,0</coordinates>
    </Point>
  </Placemark>
  <Placemark>
    <name>J-66</name>
    <ExtendedData>
      <Data name="id"><value>J-66</value></Data>
    </ExtendedData>
    <Point>
      <coordinates>88.2873235,24.2386573,0</coordinates>
    </Point>
  </Placemark>
  <Placemark>
    <name>J-67</name>
    <ExtendedData>
      <Data name="id"><value>J-67</value></Data>
    </ExtendedData>
    <Point>
      <coordinates>88.2893768,24.2384617,0</coordinates>
    </Point>
  </Placemark>
  <Placemark>
    <name>J-68</name>
    <ExtendedData>
      <Data name="id"><value>J-68</value></Data>
    </ExtendedData>
    <Point>
      <coordinates>88.2890431,24.2401453,0</coordinates>
    </Point>
  </Placemark>
  <Placemark>
    <name>J-69</name>
    <ExtendedData>
      <Data name="id"><value>J-69</value></Data>
    </ExtendedData>
    <Point>
      <coordinates>88.288773,24.2413972,0</coordinates>
    </Point>
  </Placemark>
  <Placemark>
    <name>J-70</name>
    <ExtendedData>
      <Data name="id"><value>J-70</value></Data>
    </ExtendedData>
    <Point>
      <coordinates>88.2896441,24.2400935,0</coordinates>
    </Point>
  </Placemark>
  <Placemark>
    <name>J-71</name>
    <ExtendedData>
      <Data name="id"><value>J-71</value></Data>
    </ExtendedData>
    <Point>
      <coordinates>88.2914832,24.2399433,0</coordinates>
    </Point>
  </Placemark>
  <Placemark>
    <name>J-72</name>
    <ExtendedData>
      <Data name="id"><value>J-72</value></Data>
    </ExtendedData>
    <Point>
      <coordinates>88.2915928,24.2399366,0</coordinates>
    </Point>
  </Placemark>
  <Placemark>
    <name>J-73</name>
    <ExtendedData>
      <Data name="id"><value>J-73</value></Data>
    </ExtendedData>
    <Point>
      <coordinates>88.2930632,24.2397978,0</coordinates>
    </Point>
  </Placemark>
  <Placemark>
    <name>J-74</name>
    <ExtendedData>
      <Data name="id"><value>J-74</value></Data>
    </ExtendedData>
    <Point>
      <coordinates>88.2916607,24.2404615,0</coordinates>
    </Point>
  </Placemark>
  <Placemark>
    <name>J-75</name>
    <ExtendedData>
      <Data name="id"><value>J-75</value></Data>
    </ExtendedData>
    <Point>
      <coordinates>88.2911551,24.2387745,0</coordinates>
    </Point>
  </Placemark>
  <Placemark>
    <name>J-76</name>
    <ExtendedData>
      <Data name="id"><value>J-76</value></Data>
    </ExtendedData>
    <Point>
      <coordinates>88.2895182,24.239245,0</coordinates>
    </Point>
  </Placemark>
  <Placemark>
    <name>J-77</name>
    <ExtendedData>
      <Data name="id"><value>J-77</value></Data>
    </ExtendedData>
    <Point>
      <coordinates>88.2889301,24.2392989,0</coordinates>
    </Point>
  </Placemark>
  <Placemark>
    <name>J-78</name>
    <ExtendedData>
      <Data name="id"><value>J-78</value></Data>
    </ExtendedData>
    <Point>
      <coordinates>88.2889742,24.2396344,0</coordinates>
    </Point>
  </Placemark>
  <Placemark>
    <name>J-79</name>
    <ExtendedData>
      <Data name="id"><value>J-79</value></Data>
    </ExtendedData>
    <Point>
      <coordinates>88.2887891,24.2393115,0</coordinates>
    </Point>
  </Placemark>
  <Placemark>
    <name>J-80</name>
    <ExtendedData>
      <Data name="id"><value>J-80</value></Data>
    </ExtendedData>
    <Point>
      <coordinates>88.2885643,24.2393377,0</coordinates>
    </Point>
  </Placemark>
  <Placemark>
    <name>J-81</name>
    <ExtendedData>
      <Data name="id"><value>J-81</value></Data>
    </ExtendedData>
    <Point>
      <coordinates>88.2887354,24.2390128,0</coordinates>
    </Point>
  </Placemark>
  <Placemark>
    <name>J-82</name>
    <ExtendedData>
      <Data name="id"><value>J-82</value></Data>
    </ExtendedData>
    <Point>
      <coordinates>88.2894511,24.2389936,0</coordinates>
    </Point>
  </Placemark>
  <Placemark>
    <name>J-83</name>
    <ExtendedData>
      <Data name="id"><value>J-83</value></Data>
    </ExtendedData>
    <Point>
      <coordinates>88.2894886,24.2389842,0</coordinates>
    </Point>
  </Placemark>
  <Placemark>
    <name>J-84</name>
    <ExtendedData>
      <Data name="id"><value>J-84</value></Data>
    </ExtendedData>
    <Point>
      <coordinates>88.2900217,24.2389383,0</coordinates>
    </Point>
  </Placemark>
  <Placemark>
    <name>J-85</name>
    <ExtendedData>
      <Data name="id"><value>J-85</value></Data>
    </ExtendedData>
    <Point>
      <coordinates>88.2894352,24.2386607,0</coordinates>
    </Point>
  </Placemark>
  <Placemark>
    <name>J-86</name>
    <ExtendedData>
      <Data name="id"><value>J-86</value></Data>
    </ExtendedData>
    <Point>
      <coordinates>88.2899431,24.2385898,0</coordinates>
    </Point>
  </Placemark>
  <Placemark>
    <name>J-87</name>
    <ExtendedData>
      <Data name="id"><value>J-87</value></Data>
    </ExtendedData>
    <Point>
      <coordinates>88.2892836,24.2376513,0</coordinates>
    </Point>
  </Placemark>
  <Placemark>
    <name>J-88</name>
    <ExtendedData>
      <Data name="id"><value>J-88</value></Data>
    </ExtendedData>
    <Point>
      <coordinates>88.2892668,24.2374406,0</coordinates>
    </Point>
  </Placemark>
  <Placemark>
    <name>J-89</name>
    <ExtendedData>
      <Data name="id"><value>J-89</value></Data>
    </ExtendedData>
    <Point>
      <coordinates>88.2890414,24.2359395,0</coordinates>
    </Point>
  </Placemark>
  <Placemark>
    <name>J-90</name>
    <ExtendedData>
      <Data name="id"><value>J-90</value></Data>
    </ExtendedData>
    <Point>
      <coordinates>88.288993,24.2355092,0</coordinates>
    </Point>
  </Placemark>
  <Placemark>
    <name>J-91</name>
    <ExtendedData>
      <Data name="id"><value>J-91</value></Data>
    </ExtendedData>
    <Point>
      <coordinates>88.2895402,24.2374284,0</coordinates>
    </Point>
  </Placemark>
  <Placemark>
    <name>J-92</name>
    <ExtendedData>
      <Data name="id"><value>J-92</value></Data>
    </ExtendedData>
    <Point>
      <coordinates>88.2888389,24.2376939,0</coordinates>
    </Point>
  </Placemark>
  <Placemark>
    <name>J-93</name>
    <ExtendedData>
      <Data name="id"><value>J-93</value></Data>
    </ExtendedData>
    <Point>
      <coordinates>88.2888744,24.2379831,0</coordinates>
    </Point>
  </Placemark>
  <Placemark>
    <name>J-94</name>
    <ExtendedData>
      <Data name="id"><value>J-94</value></Data>
    </ExtendedData>
    <Point>
      <coordinates>88.2884136,24.2377435,0</coordinates>
    </Point>
  </Placemark>
  <Placemark>
    <name>J-95</name>
    <ExtendedData>
      <Data name="id"><value>J-95</value></Data>
    </ExtendedData>
    <Point>
      <coordinates>88.2883807,24.2374749,0</coordinates>
    </Point>
  </Placemark>
  <Placemark>
    <name>J-96</name>
    <ExtendedData>
      <Data name="id"><value>J-96</value></Data>
    </ExtendedData>
    <Point>
      <coordinates>88.2876084,24.2378343,0</coordinates>
    </Point>
  </Placemark>
  <Placemark>
    <name>J-97</name>
    <ExtendedData>
      <Data name="id"><value>J-97</value></Data>
    </ExtendedData>
    <Point>
      <coordinates>88.287599,24.2375359,0</coordinates>
    </Point>
  </Placemark>
  <Placemark>
    <name>J-98</name>
    <ExtendedData>
      <Data name="id"><value>J-98</value></Data>
    </ExtendedData>
    <Point>
      <coordinates>88.2875884,24.2374375,0</coordinates>
    </Point>
  </Placemark>
  <Placemark>
    <name>J-99</name>
    <ExtendedData>
      <Data name="id"><value>J-99</value></Data>
    </ExtendedData>
    <Point>
      <coordinates>88.2871702,24.2376218,0</coordinates>
    </Point>
  </Placemark>
  <Placemark>
    <name>J-100</name>
    <ExtendedData>
      <Data name="id"><value>J-100</value></Data>
    </ExtendedData>
    <Point>
      <coordinates>88.2872033,24.2378862,0</coordinates>
    </Point>
  </Placemark>
  <Placemark>
    <name>J-101</name>
    <ExtendedData>
      <Data name="id"><value>J-101</value></Data>
    </ExtendedData>
    <Point>
      <coordinates>88.2858006,24.2363808,0</coordinates>
    </Point>
  </Placemark>
  <Placemark>
    <name>J-102</name>
    <ExtendedData>
      <Data name="id"><value>J-102</value></Data>
    </ExtendedData>
    <Point>
      <coordinates>88.2858794,24.2356932,0</coordinates>
    </Point>
  </Placemark>
  <Placemark>
    <name>J-103</name>
    <ExtendedData>
      <Data name="id"><value>J-103</value></Data>
    </ExtendedData>
    <Point>
      <coordinates>88.2864974,24.2355042,0</coordinates>
    </Point>
  </Placemark>
  <Placemark>
    <name>J-104</name>
    <ExtendedData>
      <Data name="id"><value>J-104</value></Data>
    </ExtendedData>
    <Point>
      <coordinates>88.2859314,24.2346389,0</coordinates>
    </Point>
  </Placemark>
  <Placemark>
    <name>J-105</name>
    <ExtendedData>
      <Data name="id"><value>J-105</value></Data>
    </ExtendedData>
    <Point>
      <coordinates>88.2862129,24.2346078,0</coordinates>
    </Point>
  </Placemark>
  <Placemark>
    <name>J-106</name>
    <ExtendedData>
      <Data name="id"><value>J-106</value></Data>
    </ExtendedData>
    <Point>
      <coordinates>88.2859444,24.234068,0</coordinates>
    </Point>
  </Placemark>
  <Placemark>
    <name>J-107</name>
    <ExtendedData>
      <Data name="id"><value>J-107</value></Data>
    </ExtendedData>
    <Point>
      <coordinates>88.2865002,24.2340633,0</coordinates>
    </Point>
  </Placemark>
  <Placemark>
    <name>J-108</name>
    <ExtendedData>
      <Data name="id"><value>J-108</value></Data>
    </ExtendedData>
    <Point>
      <coordinates>88.2859491,24.2337522,0</coordinates>
    </Point>
  </Placemark>
  <Placemark>
    <name>J-109</name>
    <ExtendedData>
      <Data name="id"><value>J-109</value></Data>
    </ExtendedData>
    <Point>
      <coordinates>88.2861799,24.2337359,0</coordinates>
    </Point>
  </Placemark>
  <Placemark>
    <name>J-110</name>
    <ExtendedData>
      <Data name="id"><value>J-110</value></Data>
    </ExtendedData>
    <Point>
      <coordinates>88.2857761,24.2321494,0</coordinates>
    </Point>
  </Placemark>
  <Placemark>
    <name>J-111</name>
    <ExtendedData>
      <Data name="id"><value>J-111</value></Data>
    </ExtendedData>
    <Point>
      <coordinates>88.2869177,24.2320163,0</coordinates>
    </Point>
  </Placemark>
  <Placemark>
    <name>J-112</name>
    <ExtendedData>
      <Data name="id"><value>J-112</value></Data>
    </ExtendedData>
    <Point>
      <coordinates>88.2855678,24.2309214,0</coordinates>
    </Point>
  </Placemark>
  <Placemark>
    <name>J-113</name>
    <ExtendedData>
      <Data name="id"><value>J-113</value></Data>
    </ExtendedData>
    <Point>
      <coordinates>88.2865882,24.2306974,0</coordinates>
    </Point>
  </Placemark>
  <Placemark>
    <name>J-114</name>
    <ExtendedData>
      <Data name="id"><value>J-114</value></Data>
    </ExtendedData>
    <Point>
      <coordinates>88.2854971,24.2302148,0</coordinates>
    </Point>
  </Placemark>
  <Placemark>
    <name>J-115</name>
    <ExtendedData>
      <Data name="id"><value>J-115</value></Data>
    </ExtendedData>
    <Point>
      <coordinates>88.2889917,24.2354506,0</coordinates>
    </Point>
  </Placemark>
  <Placemark>
    <name>J-116</name>
    <ExtendedData>
      <Data name="id"><value>J-116</value></Data>
    </ExtendedData>
    <Point>
      <coordinates>88.288916,24.2348289,0</coordinates>
    </Point>
  </Placemark>
  <Placemark>
    <name>J-117</name>
    <ExtendedData>
      <Data name="id"><value>J-117</value></Data>
    </ExtendedData>
    <Point>
      <coordinates>88.2888652,24.2344022,0</coordinates>
    </Point>
  </Placemark>
  <Placemark>
    <name>J-118</name>
    <ExtendedData>
      <Data name="id"><value>J-118</value></Data>
    </ExtendedData>
    <Point>
      <coordinates>88.2888299,24.2341268,0</coordinates>
    </Point>
  </Placemark>
  <Placemark>
    <name>J-119</name>
    <ExtendedData>
      <Data name="id"><value>J-119</value></Data>
    </ExtendedData>
    <Point>
      <coordinates>88.2886969,24.2328672,0</coordinates>
    </Point>
  </Placemark>
  <Placemark>
    <name>J-120</name>
    <ExtendedData>
      <Data name="id"><value>J-120</value></Data>
    </ExtendedData>
    <Point>
      <coordinates>88.2883178,24.2292185,0</coordinates>
    </Point>
  </Placemark>
  <Placemark>
    <name>J-121</name>
    <ExtendedData>
      <Data name="id"><value>J-121</value></Data>
    </ExtendedData>
    <Point>
      <coordinates>88.288227,24.2284458,0</coordinates>
    </Point>
  </Placemark>
  <Placemark>
    <name>J-122</name>
    <ExtendedData>
      <Data name="id"><value>J-122</value></Data>
    </ExtendedData>
    <Point>
      <coordinates>88.2893054,24.2347785,0</coordinates>
    </Point>
  </Placemark>
  <Placemark>
    <name>J-123</name>
    <ExtendedData>
      <Data name="id"><value>J-123</value></Data>
    </ExtendedData>
    <Point>
      <coordinates>88.2885844,24.2346419,0</coordinates>
    </Point>
  </Placemark>
  <Placemark>
    <name>J-124</name>
    <ExtendedData>
      <Data name="id"><value>J-124</value></Data>
    </ExtendedData>
    <Point>
      <coordinates>88.2879837,24.2342059,0</coordinates>
    </Point>
  </Placemark>
  <Placemark>
    <name>J-125</name>
    <ExtendedData>
      <Data name="id"><value>J-125</value></Data>
    </ExtendedData>
    <Point>
      <coordinates>88.2880061,24.232627,0</coordinates>
    </Point>
  </Placemark>
  <Placemark>
    <name>J-126</name>
    <ExtendedData>
      <Data name="id"><value>J-126</value></Data>
    </ExtendedData>
    <Point>
      <coordinates>88.2861894,24.2406453,0</coordinates>
    </Point>
  </Placemark>
  <Placemark>
    <name>J-127</name>
    <ExtendedData>
      <Data name="id"><value>J-127</value></Data>
    </ExtendedData>
    <Point>
      <coordinates>88.2900271,24.2351625,0</coordinates>
    </Point>
  </Placemark>
  <Placemark>
    <name>J-128</name>
    <ExtendedData>
      <Data name="id"><value>J-128</value></Data>
    </ExtendedData>
    <Point>
      <coordinates>88.2911847,24.2348908,0</coordinates>
    </Point>
  </Placemark>
  <Placemark>
    <name>J-129</name>
    <ExtendedData>
      <Data name="id"><value>J-129</value></Data>
    </ExtendedData>
    <Point>
      <coordinates>88.2911261,24.2343501,0</coordinates>
    </Point>
  </Placemark>
  <Placemark>
    <name>J-130</name>
    <ExtendedData>
      <Data name="id"><value>J-130</value></Data>
    </ExtendedData>
    <Point>
      <coordinates>88.2900285,24.2347869,0</coordinates>
    </Point>
  </Placemark>
  <Placemark>
    <name>J-131</name>
    <ExtendedData>
      <Data name="id"><value>J-131</value></Data>
    </ExtendedData>
    <Point>
      <coordinates>88.2919402,24.2348576,0</coordinates>
    </Point>
  </Placemark>
  <Placemark>
    <name>J-132</name>
    <ExtendedData>
      <Data name="id"><value>J-132</value></Data>
    </ExtendedData>
    <Point>
      <coordinates>88.2919171,24.2342768,0</coordinates>
    </Point>
  </Placemark>
  <Placemark>
    <name>J-133</name>
    <ExtendedData>
      <Data name="id"><value>J-133</value></Data>
    </ExtendedData>
    <Point>
      <coordinates>88.2922275,24.2348487,0</coordinates>
    </Point>
  </Placemark>
  <Placemark>
    <name>J-134</name>
    <ExtendedData>
      <Data name="id"><value>J-134</value></Data>
    </ExtendedData>
    <Point>
      <coordinates>88.2922189,24.2341502,0</coordinates>
    </Point>
  </Placemark>
  <Placemark>
    <name>J-135</name>
    <ExtendedData>
      <Data name="id"><value>J-135</value></Data>
    </ExtendedData>
    <Point>
      <coordinates>88.2932481,24.2346957,0</coordinates>
    </Point>
  </Placemark>
  <Placemark>
    <name>J-136</name>
    <ExtendedData>
      <Data name="id"><value>J-136</value></Data>
    </ExtendedData>
    <Point>
      <coordinates>88.2932621,24.2338605,0</coordinates>
    </Point>
  </Placemark>
  <Placemark>
    <name>J-137</name>
    <ExtendedData>
      <Data name="id"><value>J-137</value></Data>
    </ExtendedData>
    <Point>
      <coordinates>88.292936,24.2339987,0</coordinates>
    </Point>
  </Placemark>
  <Placemark>
    <name>J-138</name>
    <ExtendedData>
      <Data name="id"><value>J-138</value></Data>
    </ExtendedData>
    <Point>
      <coordinates>88.2932407,24.2333832,0</coordinates>
    </Point>
  </Placemark>
  <Placemark>
    <name>J-139</name>
    <ExtendedData>
      <Data name="id"><value>J-139</value></Data>
    </ExtendedData>
    <Point>
      <coordinates>88.2930714,24.2333823,0</coordinates>
    </Point>
  </Placemark>
  <Placemark>
    <name>J-140</name>
    <ExtendedData>
      <Data name="id"><value>J-140</value></Data>
    </ExtendedData>
    <Point>
      <coordinates>88.2932573,24.2329033,0</coordinates>
    </Point>
  </Placemark>
  <Placemark>
    <name>J-141</name>
    <ExtendedData>
      <Data name="id"><value>J-141</value></Data>
    </ExtendedData>
    <Point>
      <coordinates>88.293869,24.2329027,0</coordinates>
    </Point>
  </Placemark>
  <Placemark>
    <name>J-142</name>
    <ExtendedData>
      <Data name="id"><value>J-142</value></Data>
    </ExtendedData>
    <Point>
      <coordinates>88.2941359,24.2335449,0</coordinates>
    </Point>
  </Placemark>
  <Placemark>
    <name>J-143</name>
    <ExtendedData>
      <Data name="id"><value>J-143</value></Data>
    </ExtendedData>
    <Point>
      <coordinates>88.2942042,24.2344996,0</coordinates>
    </Point>
  </Placemark>
  <Placemark>
    <name>J-144</name>
    <ExtendedData>
      <Data name="id"><value>J-144</value></Data>
    </ExtendedData>
    <Point>
      <coordinates>88.2932703,24.2314696,0</coordinates>
    </Point>
  </Placemark>
  <Placemark>
    <name>J-145</name>
    <ExtendedData>
      <Data name="id"><value>J-145</value></Data>
    </ExtendedData>
    <Point>
      <coordinates>88.2917478,24.2314013,0</coordinates>
    </Point>
  </Placemark>
  <Placemark>
    <name>J-146</name>
    <ExtendedData>
      <Data name="id"><value>J-146</value></Data>
    </ExtendedData>
    <Point>
      <coordinates>88.2955007,24.2306028,0</coordinates>
    </Point>
  </Placemark>
  <Placemark>
    <name>J-147</name>
    <ExtendedData>
      <Data name="id"><value>J-147</value></Data>
    </ExtendedData>
    <Point>
      <coordinates>88.2976275,24.2291985,0</coordinates>
    </Point>
  </Placemark>
  <Placemark>
    <name>J-148</name>
    <ExtendedData>
      <Data name="id"><value>J-148</value></Data>
    </ExtendedData>
    <Point>
      <coordinates>88.2980086,24.2297838,0</coordinates>
    </Point>
  </Placemark>
  <Placemark>
    <name>J-149</name>
    <ExtendedData>
      <Data name="id"><value>J-149</value></Data>
    </ExtendedData>
    <Point>
      <coordinates>88.297952,24.2277968,0</coordinates>
    </Point>
  </Placemark>
  <Placemark>
    <name>J-150</name>
    <ExtendedData>
      <Data name="id"><value>J-150</value></Data>
    </ExtendedData>
    <Point>
      <coordinates>88.2975324,24.2265293,0</coordinates>
    </Point>
  </Placemark>
  <Placemark>
    <name>J-151</name>
    <ExtendedData>
      <Data name="id"><value>J-151</value></Data>
    </ExtendedData>
    <Point>
      <coordinates>88.2965521,24.2267602,0</coordinates>
    </Point>
  </Placemark>
  <Placemark>
    <name>J-152</name>
    <ExtendedData>
      <Data name="id"><value>J-152</value></Data>
    </ExtendedData>
    <Point>
      <coordinates>88.2974915,24.2265436,0</coordinates>
    </Point>
  </Placemark>
  <Placemark>
    <name>J-153</name>
    <ExtendedData>
      <Data name="id"><value>J-153</value></Data>
    </ExtendedData>
    <Point>
      <coordinates>88.2974202,24.2262991,0</coordinates>
    </Point>
  </Placemark>
  <Placemark>
    <name>J-154</name>
    <ExtendedData>
      <Data name="id"><value>J-154</value></Data>
    </ExtendedData>
    <Point>
      <coordinates>88.2974887,24.2265072,0</coordinates>
    </Point>
  </Placemark>
  <Placemark>
    <name>J-155</name>
    <ExtendedData>
      <Data name="id"><value>J-155</value></Data>
    </ExtendedData>
    <Point>
      <coordinates>88.2976452,24.2260315,0</coordinates>
    </Point>
  </Placemark>
  <Placemark>
    <name>J-156</name>
    <ExtendedData>
      <Data name="id"><value>J-156</value></Data>
    </ExtendedData>
    <Point>
      <coordinates>88.2960328,24.2315298,0</coordinates>
    </Point>
  </Placemark>
  <Placemark>
    <name>J-157</name>
    <ExtendedData>
      <Data name="id"><value>J-157</value></Data>
    </ExtendedData>
    <Point>
      <coordinates>88.2963614,24.2314213,0</coordinates>
    </Point>
  </Placemark>
  <Placemark>
    <name>J-158</name>
    <ExtendedData>
      <Data name="id"><value>J-158</value></Data>
    </ExtendedData>
    <Point>
      <coordinates>88.296276,24.2311735,0</coordinates>
    </Point>
  </Placemark>
  <Placemark>
    <name>J-159</name>
    <ExtendedData>
      <Data name="id"><value>J-159</value></Data>
    </ExtendedData>
    <Point>
      <coordinates>88.2971476,24.2311606,0</coordinates>
    </Point>
  </Placemark>
  <Placemark>
    <name>J-160</name>
    <ExtendedData>
      <Data name="id"><value>J-160</value></Data>
    </ExtendedData>
    <Point>
      <coordinates>88.2972005,24.2314007,0</coordinates>
    </Point>
  </Placemark>
  <Placemark>
    <name>J-161</name>
    <ExtendedData>
      <Data name="id"><value>J-161</value></Data>
    </ExtendedData>
    <Point>
      <coordinates>88.2973606,24.2307278,0</coordinates>
    </Point>
  </Placemark>
  <Placemark>
    <name>J-162</name>
    <ExtendedData>
      <Data name="id"><value>J-162</value></Data>
    </ExtendedData>
    <Point>
      <coordinates>88.2974855,24.2310754,0</coordinates>
    </Point>
  </Placemark>
  <Placemark>
    <name>J-163</name>
    <ExtendedData>
      <Data name="id"><value>J-163</value></Data>
    </ExtendedData>
    <Point>
      <coordinates>88.2973349,24.2305102,0</coordinates>
    </Point>
  </Placemark>
  <Placemark>
    <name>J-164</name>
    <ExtendedData>
      <Data name="id"><value>J-164</value></Data>
    </ExtendedData>
    <Point>
      <coordinates>88.2971785,24.2298219,0</coordinates>
    </Point>
  </Placemark>
  <Placemark>
    <name>J-165</name>
    <ExtendedData>
      <Data name="id"><value>J-165</value></Data>
    </ExtendedData>
    <Point>
      <coordinates>88.297125,24.2296123,0</coordinates>
    </Point>
  </Placemark>
  <Placemark>
    <name>J-166</name>
    <ExtendedData>
      <Data name="id"><value>J-166</value></Data>
    </ExtendedData>
    <Point>
      <coordinates>88.2970141,24.2305862,0</coordinates>
    </Point>
  </Placemark>
  <Placemark>
    <name>J-167</name>
    <ExtendedData>
      <Data name="id"><value>J-167</value></Data>
    </ExtendedData>
    <Point>
      <coordinates>88.2976452,24.2304365,0</coordinates>
    </Point>
  </Placemark>
  <Placemark>
    <name>J-168</name>
    <ExtendedData>
      <Data name="id"><value>J-168</value></Data>
    </ExtendedData>
    <Point>
      <coordinates>88.298072,24.2309646,0</coordinates>
    </Point>
  </Placemark>
  <Placemark>
    <name>J-169</name>
    <ExtendedData>
      <Data name="id"><value>J-169</value></Data>
    </ExtendedData>
    <Point>
      <coordinates>88.2979998,24.2305802,0</coordinates>
    </Point>
  </Placemark>
  <Placemark>
    <name>J-170</name>
    <ExtendedData>
      <Data name="id"><value>J-170</value></Data>
    </ExtendedData>
    <Point>
      <coordinates>88.2974223,24.2307103,0</coordinates>
    </Point>
  </Placemark>
  <Placemark>
    <name>J-171</name>
    <ExtendedData>
      <Data name="id"><value>J-171</value></Data>
    </ExtendedData>
    <Point>
      <coordinates>88.2979471,24.2303584,0</coordinates>
    </Point>
  </Placemark>
  <Placemark>
    <name>J-172</name>
    <ExtendedData>
      <Data name="id"><value>J-172</value></Data>
    </ExtendedData>
    <Point>
      <coordinates>88.2976694,24.230426,0</coordinates>
    </Point>
  </Placemark>
  <Placemark>
    <name>J-173</name>
    <ExtendedData>
      <Data name="id"><value>J-173</value></Data>
    </ExtendedData>
    <Point>
      <coordinates>88.2982091,24.2302873,0</coordinates>
    </Point>
  </Placemark>
  <Placemark>
    <name>J-174</name>
    <ExtendedData>
      <Data name="id"><value>J-174</value></Data>
    </ExtendedData>
    <Point>
      <coordinates>88.2978229,24.2298576,0</coordinates>
    </Point>
  </Placemark>
  <Placemark>
    <name>J-175</name>
    <ExtendedData>
      <Data name="id"><value>J-175</value></Data>
    </ExtendedData>
    <Point>
      <coordinates>88.2980969,24.2315888,0</coordinates>
    </Point>
  </Placemark>
  <Placemark>
    <name>J-176</name>
    <ExtendedData>
      <Data name="id"><value>J-176</value></Data>
    </ExtendedData>
    <Point>
      <coordinates>88.2983593,24.2323967,0</coordinates>
    </Point>
  </Placemark>
  <Placemark>
    <name>J-177</name>
    <ExtendedData>
      <Data name="id"><value>J-177</value></Data>
    </ExtendedData>
    <Point>
      <coordinates>88.2987352,24.2330752,0</coordinates>
    </Point>
  </Placemark>
  <Placemark>
    <name>J-178</name>
    <ExtendedData>
      <Data name="id"><value>J-178</value></Data>
    </ExtendedData>
    <Point>
      <coordinates>88.2979701,24.2321628,0</coordinates>
    </Point>
  </Placemark>
  <Placemark>
    <name>J-179</name>
    <ExtendedData>
      <Data name="id"><value>J-179</value></Data>
    </ExtendedData>
    <Point>
      <coordinates>88.2978672,24.2319691,0</coordinates>
    </Point>
  </Placemark>
  <Placemark>
    <name>J-180</name>
    <ExtendedData>
      <Data name="id"><value>J-180</value></Data>
    </ExtendedData>
    <Point>
      <coordinates>88.2981961,24.2326512,0</coordinates>
    </Point>
  </Placemark>
  <Placemark>
    <name>J-181</name>
    <ExtendedData>
      <Data name="id"><value>J-181</value></Data>
    </ExtendedData>
    <Point>
      <coordinates>88.298378,24.2331318,0</coordinates>
    </Point>
  </Placemark>
  <Placemark>
    <name>J-182</name>
    <ExtendedData>
      <Data name="id"><value>J-182</value></Data>
    </ExtendedData>
    <Point>
      <coordinates>88.2988047,24.2330911,0</coordinates>
    </Point>
  </Placemark>
  <Placemark>
    <name>J-183</name>
    <ExtendedData>
      <Data name="id"><value>J-183</value></Data>
    </ExtendedData>
    <Point>
      <coordinates>88.2983604,24.233338,0</coordinates>
    </Point>
  </Placemark>
  <Placemark>
    <name>J-184</name>
    <ExtendedData>
      <Data name="id"><value>J-184</value></Data>
    </ExtendedData>
    <Point>
      <coordinates>88.2988135,24.2333504,0</coordinates>
    </Point>
  </Placemark>
  <Placemark>
    <name>J-185</name>
    <ExtendedData>
      <Data name="id"><value>J-185</value></Data>
    </ExtendedData>
    <Point>
      <coordinates>88.2983376,24.2337751,0</coordinates>
    </Point>
  </Placemark>
  <Placemark>
    <name>J-186</name>
    <ExtendedData>
      <Data name="id"><value>J-186</value></Data>
    </ExtendedData>
    <Point>
      <coordinates>88.2978014,24.2317862,0</coordinates>
    </Point>
  </Placemark>
  <Placemark>
    <name>J-187</name>
    <ExtendedData>
      <Data name="id"><value>J-187</value></Data>
    </ExtendedData>
    <Point>
      <coordinates>88.2962078,24.2324739,0</coordinates>
    </Point>
  </Placemark>
  <Placemark>
    <name>J-188</name>
    <ExtendedData>
      <Data name="id"><value>J-188</value></Data>
    </ExtendedData>
    <Point>
      <coordinates>88.2953648,24.2325988,0</coordinates>
    </Point>
  </Placemark>
  <Placemark>
    <name>J-189</name>
    <ExtendedData>
      <Data name="id"><value>J-189</value></Data>
    </ExtendedData>
    <Point>
      <coordinates>88.2962605,24.2327994,0</coordinates>
    </Point>
  </Placemark>
  <Placemark>
    <name>J-190</name>
    <ExtendedData>
      <Data name="id"><value>J-190</value></Data>
    </ExtendedData>
    <Point>
      <coordinates>88.297597,24.2326522,0</coordinates>
    </Point>
  </Placemark>
  <Placemark>
    <name>J-191</name>
    <ExtendedData>
      <Data name="id"><value>J-191</value></Data>
    </ExtendedData>
    <Point>
      <coordinates>88.2966581,24.2330891,0</coordinates>
    </Point>
  </Placemark>
  <Placemark>
    <name>J-192</name>
    <ExtendedData>
      <Data name="id"><value>J-192</value></Data>
    </ExtendedData>
    <Point>
      <coordinates>88.2967447,24.2339359,0</coordinates>
    </Point>
  </Placemark>
  <Placemark>
    <name>J-193</name>
    <ExtendedData>
      <Data name="id"><value>J-193</value></Data>
    </ExtendedData>
    <Point>
      <coordinates>88.2970019,24.2330541,0</coordinates>
    </Point>
  </Placemark>
  <Placemark>
    <name>J-194</name>
    <ExtendedData>
      <Data name="id"><value>J-194</value></Data>
    </ExtendedData>
    <Point>
      <coordinates>88.2971854,24.2334466,0</coordinates>
    </Point>
  </Placemark>
  <Placemark>
    <name>J-195</name>
    <ExtendedData>
      <Data name="id"><value>J-195</value></Data>
    </ExtendedData>
    <Point>
      <coordinates>88.2972504,24.2338772,0</coordinates>
    </Point>
  </Placemark>
  <Placemark>
    <name>J-196</name>
    <ExtendedData>
      <Data name="id"><value>J-196</value></Data>
    </ExtendedData>
    <Point>
      <coordinates>88.2975261,24.2333927,0</coordinates>
    </Point>
  </Placemark>
  <Placemark>
    <name>J-197</name>
    <ExtendedData>
      <Data name="id"><value>J-197</value></Data>
    </ExtendedData>
    <Point>
      <coordinates>88.297497,24.2330058,0</coordinates>
    </Point>
  </Placemark>
  <Placemark>
    <name>J-198</name>
    <ExtendedData>
      <Data name="id"><value>J-198</value></Data>
    </ExtendedData>
    <Point>
      <coordinates>88.2975777,24.2329912,0</coordinates>
    </Point>
  </Placemark>
  <Placemark>
    <name>J-199</name>
    <ExtendedData>
      <Data name="id"><value>J-199</value></Data>
    </ExtendedData>
    <Point>
      <coordinates>88.297741,24.2333932,0</coordinates>
    </Point>
  </Placemark>
  <Placemark>
    <name>J-200</name>
    <ExtendedData>
      <Data name="id"><value>J-200</value></Data>
    </ExtendedData>
    <Point>
      <coordinates>88.2944072,24.2345145,0</coordinates>
    </Point>
  </Placemark>
  <Placemark>
    <name>J-201</name>
    <ExtendedData>
      <Data name="id"><value>J-201</value></Data>
    </ExtendedData>
    <Point>
      <coordinates>88.2932227,24.236647,0</coordinates>
    </Point>
  </Placemark>
  <Placemark>
    <name>J-202</name>
    <ExtendedData>
      <Data name="id"><value>J-202</value></Data>
    </ExtendedData>
    <Point>
      <coordinates>88.2900791,24.2370415,0</coordinates>
    </Point>
  </Placemark>
  <Placemark>
    <name>J-203</name>
    <ExtendedData>
      <Data name="id"><value>J-203</value></Data>
    </ExtendedData>
    <Point>
      <coordinates>88.2892769,24.2370554,0</coordinates>
    </Point>
  </Placemark>
  <Placemark>
    <name>J-204</name>
    <ExtendedData>
      <Data name="id"><value>J-204</value></Data>
    </ExtendedData>
    <Point>
      <coordinates>88.2956921,24.2342316,0</coordinates>
    </Point>
  </Placemark>
  <Placemark>
    <name>J-205</name>
    <ExtendedData>
      <Data name="id"><value>J-205</value></Data>
    </ExtendedData>
    <Point>
      <coordinates>88.2957583,24.2345787,0</coordinates>
    </Point>
  </Placemark>
  <Placemark>
    <name>J-206</name>
    <ExtendedData>
      <Data name="id"><value>J-206</value></Data>
    </ExtendedData>
    <Point>
      <coordinates>88.2957315,24.2342008,0</coordinates>
    </Point>
  </Placemark>
  <Placemark>
    <name>J-207</name>
    <ExtendedData>
      <Data name="id"><value>J-207</value></Data>
    </ExtendedData>
    <Point>
      <coordinates>88.2956831,24.2338957,0</coordinates>
    </Point>
  </Placemark>
  <Placemark>
    <name>J-208</name>
    <ExtendedData>
      <Data name="id"><value>J-208</value></Data>
    </ExtendedData>
    <Point>
      <coordinates>88.296371,24.2340443,0</coordinates>
    </Point>
  </Placemark>
  <Placemark>
    <name>J-209</name>
    <ExtendedData>
      <Data name="id"><value>J-209</value></Data>
    </ExtendedData>
    <Point>
      <coordinates>88.2963985,24.2342807,0</coordinates>
    </Point>
  </Placemark>
  <Placemark>
    <name>J-210</name>
    <ExtendedData>
      <Data name="id"><value>J-210</value></Data>
    </ExtendedData>
    <Point>
      <coordinates>88.2967498,24.2340256,0</coordinates>
    </Point>
  </Placemark>
  <Placemark>
    <name>J-211</name>
    <ExtendedData>
      <Data name="id"><value>J-211</value></Data>
    </ExtendedData>
    <Point>
      <coordinates>88.2964728,24.2347455,0</coordinates>
    </Point>
  </Placemark>
  <Placemark>
    <name>J-212</name>
    <ExtendedData>
      <Data name="id"><value>J-212</value></Data>
    </ExtendedData>
    <Point>
      <coordinates>88.2961475,24.2347639,0</coordinates>
    </Point>
  </Placemark>
  <Placemark>
    <name>J-213</name>
    <ExtendedData>
      <Data name="id"><value>J-213</value></Data>
    </ExtendedData>
    <Point>
      <coordinates>88.2964828,24.2347892,0</coordinates>
    </Point>
  </Placemark>
  <Placemark>
    <name>J-214</name>
    <ExtendedData>
      <Data name="id"><value>J-214</value></Data>
    </ExtendedData>
    <Point>
      <coordinates>88.296811,24.23477,0</coordinates>
    </Point>
  </Placemark>
  <Placemark>
    <name>J-215</name>
    <ExtendedData>
      <Data name="id"><value>J-215</value></Data>
    </ExtendedData>
    <Point>
      <coordinates>88.2965098,24.2352035,0</coordinates>
    </Point>
  </Placemark>
  <Placemark>
    <name>J-216</name>
    <ExtendedData>
      <Data name="id"><value>J-216</value></Data>
    </ExtendedData>
    <Point>
      <coordinates>88.2968386,24.235206,0</coordinates>
    </Point>
  </Placemark>
  <Placemark>
    <name>J-217</name>
    <ExtendedData>
      <Data name="id"><value>J-217</value></Data>
    </ExtendedData>
    <Point>
      <coordinates>88.296517,24.2354034,0</coordinates>
    </Point>
  </Placemark>
  <Placemark>
    <name>J-218</name>
    <ExtendedData>
      <Data name="id"><value>J-218</value></Data>
    </ExtendedData>
    <Point>
      <coordinates>88.2969202,24.2339619,0</coordinates>
    </Point>
  </Placemark>
  <Placemark>
    <name>J-219</name>
    <ExtendedData>
      <Data name="id"><value>J-219</value></Data>
    </ExtendedData>
    <Point>
      <coordinates>88.2971971,24.2350032,0</coordinates>
    </Point>
  </Placemark>
  <Placemark>
    <name>J-220</name>
    <ExtendedData>
      <Data name="id"><value>J-220</value></Data>
    </ExtendedData>
    <Point>
      <coordinates>88.2975152,24.2338909,0</coordinates>
    </Point>
  </Placemark>
  <Placemark>
    <name>J-221</name>
    <ExtendedData>
      <Data name="id"><value>J-221</value></Data>
    </ExtendedData>
    <Point>
      <coordinates>88.29753,24.2343566,0</coordinates>
    </Point>
  </Placemark>
  <Placemark>
    <name>J-222</name>
    <ExtendedData>
      <Data name="id"><value>J-222</value></Data>
    </ExtendedData>
    <Point>
      <coordinates>88.2976869,24.2338778,0</coordinates>
    </Point>
  </Placemark>
  <Placemark>
    <name>J-223</name>
    <ExtendedData>
      <Data name="id"><value>J-223</value></Data>
    </ExtendedData>
    <Point>
      <coordinates>88.2982781,24.2345844,0</coordinates>
    </Point>
  </Placemark>
  <Placemark>
    <name>J-224</name>
    <ExtendedData>
      <Data name="id"><value>J-224</value></Data>
    </ExtendedData>
    <Point>
      <coordinates>88.2982652,24.2338196,0</coordinates>
    </Point>
  </Placemark>
  <Placemark>
    <name>J-225</name>
    <ExtendedData>
      <Data name="id"><value>J-225</value></Data>
    </ExtendedData>
    <Point>
      <coordinates>88.2981403,24.2350231,0</coordinates>
    </Point>
  </Placemark>
  <Placemark>
    <name>J-226</name>
    <ExtendedData>
      <Data name="id"><value>J-226</value></Data>
    </ExtendedData>
    <Point>
      <coordinates>88.2985765,24.2337955,0</coordinates>
    </Point>
  </Placemark>
  <Placemark>
    <name>J-227</name>
    <ExtendedData>
      <Data name="id"><value>J-227</value></Data>
    </ExtendedData>
    <Point>
      <coordinates>88.2986211,24.2341429,0</coordinates>
    </Point>
  </Placemark>
  <Placemark>
    <name>J-228</name>
    <ExtendedData>
      <Data name="id"><value>J-228</value></Data>
    </ExtendedData>
    <Point>
      <coordinates>88.2990385,24.2337148,0</coordinates>
    </Point>
  </Placemark>
  <Placemark>
    <name>J-229</name>
    <ExtendedData>
      <Data name="id"><value>J-229</value></Data>
    </ExtendedData>
    <Point>
      <coordinates>88.2866872,24.2406344,0</coordinates>
    </Point>
  </Placemark>
  <Placemark>
    <name>J-230</name>
    <ExtendedData>
      <Data name="id"><value>J-230</value></Data>
    </ExtendedData>
    <Point>
      <coordinates>88.2864874,24.2408425,0</coordinates>
    </Point>
  </Placemark>
  <Placemark>
    <name>J-231</name>
    <ExtendedData>
      <Data name="id"><value>J-231</value></Data>
    </ExtendedData>
    <Point>
      <coordinates>88.2870139,24.2409708,0</coordinates>
    </Point>
  </Placemark>
  <Placemark>
    <name>J-232</name>
    <ExtendedData>
      <Data name="id"><value>J-232</value></Data>
    </ExtendedData>
    <Point>
      <coordinates>88.2871347,24.2406977,0</coordinates>
    </Point>
  </Placemark>
  <Placemark>
    <name>J-233</name>
    <ExtendedData>
      <Data name="id"><value>J-233</value></Data>
    </ExtendedData>
    <Point>
      <coordinates>88.2870896,24.2404871,0</coordinates>
    </Point>
  </Placemark>
  <Placemark>
    <name>J-234</name>
    <ExtendedData>
      <Data name="id"><value>J-234</value></Data>
    </ExtendedData>
    <Point>
      <coordinates>88.2870656,24.2403599,0</coordinates>
    </Point>
  </Placemark>
  <Placemark>
    <name>J-235</name>
    <ExtendedData>
      <Data name="id"><value>J-235</value></Data>
    </ExtendedData>
    <Point>
      <coordinates>88.2874266,24.2403082,0</coordinates>
    </Point>
  </Placemark>
  <Placemark>
    <name>J-236</name>
    <ExtendedData>
      <Data name="id"><value>J-236</value></Data>
    </ExtendedData>
    <Point>
      <coordinates>88.2874549,24.2413742,0</coordinates>
    </Point>
  </Placemark>
  <Placemark>
    <name>J-237</name>
    <ExtendedData>
      <Data name="id"><value>J-237</value></Data>
    </ExtendedData>
    <Point>
      <coordinates>88.2871975,24.2411562,0</coordinates>
    </Point>
  </Placemark>
  <Placemark>
    <name>J-238</name>
    <ExtendedData>
      <Data name="id"><value>J-238</value></Data>
    </ExtendedData>
    <Point>
      <coordinates>88.2869374,24.2414435,0</coordinates>
    </Point>
  </Placemark>
  <Placemark>
    <name>J-239</name>
    <ExtendedData>
      <Data name="id"><value>J-239</value></Data>
    </ExtendedData>
    <Point>
      <coordinates>88.2875473,24.2415102,0</coordinates>
    </Point>
  </Placemark>
  <Placemark>
    <name>J-240</name>
    <ExtendedData>
      <Data name="id"><value>J-240</value></Data>
    </ExtendedData>
    <Point>
      <coordinates>88.2873044,24.2417441,0</coordinates>
    </Point>
  </Placemark>
  <Placemark>
    <name>J-241</name>
    <ExtendedData>
      <Data name="id"><value>J-241</value></Data>
    </ExtendedData>
    <Point>
      <coordinates>88.2877806,24.2417492,0</coordinates>
    </Point>
  </Placemark>
  <Placemark>
    <name>J-242</name>
    <ExtendedData>
      <Data name="id"><value>J-242</value></Data>
    </ExtendedData>
    <Point>
      <coordinates>88.2879919,24.2414224,0</coordinates>
    </Point>
  </Placemark>
  <Placemark>
    <name>J-243</name>
    <ExtendedData>
      <Data name="id"><value>J-243</value></Data>
    </ExtendedData>
    <Point>
      <coordinates>88.2886414,24.2425776,0</coordinates>
    </Point>
  </Placemark>
  <Placemark>
    <name>J-244</name>
    <ExtendedData>
      <Data name="id"><value>J-244</value></Data>
    </ExtendedData>
    <Point>
      <coordinates>88.2876672,24.2454437,0</coordinates>
    </Point>
  </Placemark>
  <Placemark>
    <name>J-245</name>
    <ExtendedData>
      <Data name="id"><value>J-245</value></Data>
    </ExtendedData>
    <Point>
      <coordinates>88.2871584,24.2453808,0</coordinates>
    </Point>
  </Placemark>
  <Placemark>
    <name>J-246</name>
    <ExtendedData>
      <Data name="id"><value>J-246</value></Data>
    </ExtendedData>
    <Point>
      <coordinates>88.2876258,24.2457814,0</coordinates>
    </Point>
  </Placemark>
  <Placemark>
    <name>J-247</name>
    <ExtendedData>
      <Data name="id"><value>J-247</value></Data>
    </ExtendedData>
    <Point>
      <coordinates>88.2871447,24.2457027,0</coordinates>
    </Point>
  </Placemark>
  <Placemark>
    <name>J-248</name>
    <ExtendedData>
      <Data name="id"><value>J-248</value></Data>
    </ExtendedData>
    <Point>
      <coordinates>88.287102,24.2460777,0</coordinates>
    </Point>
  </Placemark>
  <Placemark>
    <name>J-249</name>
    <ExtendedData>
      <Data name="id"><value>J-249</value></Data>
    </ExtendedData>
    <Point>
      <coordinates>88.2867861,24.2456316,0</coordinates>
    </Point>
  </Placemark>
  <Placemark>
    <name>J-250</name>
    <ExtendedData>
      <Data name="id"><value>J-250</value></Data>
    </ExtendedData>
    <Point>
      <coordinates>88.287368,24.2484989,0</coordinates>
    </Point>
  </Placemark>
  <Placemark>
    <name>J-251</name>
    <ExtendedData>
      <Data name="id"><value>J-251</value></Data>
    </ExtendedData>
    <Point>
      <coordinates>88.2888355,24.242757,0</coordinates>
    </Point>
  </Placemark>
  <Placemark>
    <name>J-252</name>
    <ExtendedData>
      <Data name="id"><value>J-252</value></Data>
    </ExtendedData>
    <Point>
      <coordinates>88.2891492,24.2424803,0</coordinates>
    </Point>
  </Placemark>
  <Placemark>
    <name>J-253</name>
    <ExtendedData>
      <Data name="id"><value>J-253</value></Data>
    </ExtendedData>
    <Point>
      <coordinates>88.2892796,24.2425775,0</coordinates>
    </Point>
  </Placemark>
  <Placemark>
    <name>J-254</name>
    <ExtendedData>
      <Data name="id"><value>J-254</value></Data>
    </ExtendedData>
    <Point>
      <coordinates>88.2894955,24.2424062,0</coordinates>
    </Point>
  </Placemark>
  <Placemark>
    <name>J-255</name>
    <ExtendedData>
      <Data name="id"><value>J-255</value></Data>
    </ExtendedData>
    <Point>
      <coordinates>88.288933,24.2423278,0</coordinates>
    </Point>
  </Placemark>
  <Placemark>
    <name>J-256</name>
    <ExtendedData>
      <Data name="id"><value>J-256</value></Data>
    </ExtendedData>
    <Point>
      <coordinates>88.2889285,24.2428537,0</coordinates>
    </Point>
  </Placemark>
  <Placemark>
    <name>J-257</name>
    <ExtendedData>
      <Data name="id"><value>J-257</value></Data>
    </ExtendedData>
    <Point>
      <coordinates>88.2883986,24.2430659,0</coordinates>
    </Point>
  </Placemark>
  <Placemark>
    <name>J-258</name>
    <ExtendedData>
      <Data name="id"><value>J-258</value></Data>
    </ExtendedData>
    <Point>
      <coordinates>88.2890193,24.2429354,0</coordinates>
    </Point>
  </Placemark>
  <Placemark>
    <name>J-259</name>
    <ExtendedData>
      <Data name="id"><value>J-259</value></Data>
    </ExtendedData>
    <Point>
      <coordinates>88.289501,24.2424244,0</coordinates>
    </Point>
  </Placemark>
  <Placemark>
    <name>J-260</name>
    <ExtendedData>
      <Data name="id"><value>J-260</value></Data>
    </ExtendedData>
    <Point>
      <coordinates>88.2891069,24.2430214,0</coordinates>
    </Point>
  </Placemark>
  <Placemark>
    <name>J-261</name>
    <ExtendedData>
      <Data name="id"><value>J-261</value></Data>
    </ExtendedData>
    <Point>
      <coordinates>88.289239,24.2431449,0</coordinates>
    </Point>
  </Placemark>
  <Placemark>
    <name>J-262</name>
    <ExtendedData>
      <Data name="id"><value>J-262</value></Data>
    </ExtendedData>
    <Point>
      <coordinates>88.2893257,24.2432286,0</coordinates>
    </Point>
  </Placemark>
  <Placemark>
    <name>J-263</name>
    <ExtendedData>
      <Data name="id"><value>J-263</value></Data>
    </ExtendedData>
    <Point>
      <coordinates>88.2893779,24.2432796,0</coordinates>
    </Point>
  </Placemark>
  <Placemark>
    <name>J-264</name>
    <ExtendedData>
      <Data name="id"><value>J-264</value></Data>
    </ExtendedData>
    <Point>
      <coordinates>88.2894514,24.2433569,0</coordinates>
    </Point>
  </Placemark>
  <Placemark>
    <name>J-265</name>
    <ExtendedData>
      <Data name="id"><value>J-265</value></Data>
    </ExtendedData>
    <Point>
      <coordinates>88.2916139,24.2455044,0</coordinates>
    </Point>
  </Placemark>
  <Placemark>
    <name>J-266</name>
    <ExtendedData>
      <Data name="id"><value>J-266</value></Data>
    </ExtendedData>
    <Point>
      <coordinates>88.2930976,24.2470918,0</coordinates>
    </Point>
  </Placemark>
  <Placemark>
    <name>J-267</name>
    <ExtendedData>
      <Data name="id"><value>J-267</value></Data>
    </ExtendedData>
    <Point>
      <coordinates>88.2889213,24.2432517,0</coordinates>
    </Point>
  </Placemark>
  <Placemark>
    <name>J-268</name>
    <ExtendedData>
      <Data name="id"><value>J-268</value></Data>
    </ExtendedData>
    <Point>
      <coordinates>88.2890742,24.2433732,0</coordinates>
    </Point>
  </Placemark>
  <Placemark>
    <name>J-269</name>
    <ExtendedData>
      <Data name="id"><value>J-269</value></Data>
    </ExtendedData>
    <Point>
      <coordinates>88.2894248,24.2425381,0</coordinates>
    </Point>
  </Placemark>
  <Placemark>
    <name>J-270</name>
    <ExtendedData>
      <Data name="id"><value>J-270</value></Data>
    </ExtendedData>
    <Point>
      <coordinates>88.2895426,24.2429404,0</coordinates>
    </Point>
  </Placemark>
  <Placemark>
    <name>J-271</name>
    <ExtendedData>
      <Data name="id"><value>J-271</value></Data>
    </ExtendedData>
    <Point>
      <coordinates>88.2892406,24.2435734,0</coordinates>
    </Point>
  </Placemark>
  <Placemark>
    <name>J-272</name>
    <ExtendedData>
      <Data name="id"><value>J-272</value></Data>
    </ExtendedData>
    <Point>
      <coordinates>88.2899196,24.24322,0</coordinates>
    </Point>
  </Placemark>
  <Placemark>
    <name>J-273</name>
    <ExtendedData>
      <Data name="id"><value>J-273</value></Data>
    </ExtendedData>
    <Point>
      <coordinates>88.2902855,24.243407,0</coordinates>
    </Point>
  </Placemark>
  <Placemark>
    <name>J-274</name>
    <ExtendedData>
      <Data name="id"><value>J-274</value></Data>
    </ExtendedData>
    <Point>
      <coordinates>88.2899711,24.2435696,0</coordinates>
    </Point>
  </Placemark>
  <Placemark>
    <name>J-275</name>
    <ExtendedData>
      <Data name="id"><value>J-275</value></Data>
    </ExtendedData>
    <Point>
      <coordinates>88.2933553,24.2465605,0</coordinates>
    </Point>
  </Placemark>
  <Placemark>
    <name>J-276</name>
    <ExtendedData>
      <Data name="id"><value>J-276</value></Data>
    </ExtendedData>
    <Point>
      <coordinates>88.2941285,24.2460721,0</coordinates>
    </Point>
  </Placemark>
  <Placemark>
    <name>J-277</name>
    <ExtendedData>
      <Data name="id"><value>J-277</value></Data>
    </ExtendedData>
    <Point>
      <coordinates>88.2943701,24.2465192,0</coordinates>
    </Point>
  </Placemark>
  <Placemark>
    <name>J-278</name>
    <ExtendedData>
      <Data name="id"><value>J-278</value></Data>
    </ExtendedData>
    <Point>
      <coordinates>88.2941526,24.2457242,0</coordinates>
    </Point>
  </Placemark>
  <Placemark>
    <name>J-279</name>
    <ExtendedData>
      <Data name="id"><value>J-279</value></Data>
    </ExtendedData>
    <Point>
      <coordinates>88.2939694,24.2467363,0</coordinates>
    </Point>
  </Placemark>
  <Placemark>
    <name>J-280</name>
    <ExtendedData>
      <Data name="id"><value>J-280</value></Data>
    </ExtendedData>
    <Point>
      <coordinates>88.2939934,24.2463848,0</coordinates>
    </Point>
  </Placemark>
  <Placemark>
    <name>J-281</name>
    <ExtendedData>
      <Data name="id"><value>J-281</value></Data>
    </ExtendedData>
    <Point>
      <coordinates>88.2942031,24.2468031,0</coordinates>
    </Point>
  </Placemark>
  <Placemark>
    <name>J-282</name>
    <ExtendedData>
      <Data name="id"><value>J-282</value></Data>
    </ExtendedData>
    <Point>
      <coordinates>88.2943148,24.2465233,0</coordinates>
    </Point>
  </Placemark>
  <Placemark>
    <name>J-283</name>
    <ExtendedData>
      <Data name="id"><value>J-283</value></Data>
    </ExtendedData>
    <Point>
      <coordinates>88.2946928,24.2471146,0</coordinates>
    </Point>
  </Placemark>
  <Placemark>
    <name>J-284</name>
    <ExtendedData>
      <Data name="id"><value>J-284</value></Data>
    </ExtendedData>
    <Point>
      <coordinates>88.2950718,24.2472212,0</coordinates>
    </Point>
  </Placemark>
  <Placemark>
    <name>J-285</name>
    <ExtendedData>
      <Data name="id"><value>J-285</value></Data>
    </ExtendedData>
    <Point>
      <coordinates>88.2943118,24.247342,0</coordinates>
    </Point>
  </Placemark>
  <Placemark>
    <name>J-286</name>
    <ExtendedData>
      <Data name="id"><value>J-286</value></Data>
    </ExtendedData>
    <Point>
      <coordinates>88.2932484,24.2472504,0</coordinates>
    </Point>
  </Placemark>
  <Placemark>
    <name>J-287</name>
    <ExtendedData>
      <Data name="id"><value>J-287</value></Data>
    </ExtendedData>
    <Point>
      <coordinates>88.2934164,24.2469969,0</coordinates>
    </Point>
  </Placemark>
  <Placemark>
    <name>J-288</name>
    <ExtendedData>
      <Data name="id"><value>J-288</value></Data>
    </ExtendedData>
    <Point>
      <coordinates>88.2937991,24.2478019,0</coordinates>
    </Point>
  </Placemark>
  <Placemark>
    <name>J-289</name>
    <ExtendedData>
      <Data name="id"><value>J-289</value></Data>
    </ExtendedData>
    <Point>
      <coordinates>88.2942655,24.2473676,0</coordinates>
    </Point>
  </Placemark>
  <Placemark>
    <name>J-290</name>
    <ExtendedData>
      <Data name="id"><value>J-290</value></Data>
    </ExtendedData>
    <Point>
      <coordinates>88.2942405,24.2482136,0</coordinates>
    </Point>
  </Placemark>
  <Placemark>
    <name>J-291</name>
    <ExtendedData>
      <Data name="id"><value>J-291</value></Data>
    </ExtendedData>
    <Point>
      <coordinates>88.2937272,24.2487094,0</coordinates>
    </Point>
  </Placemark>
  <Placemark>
    <name>J-292</name>
    <ExtendedData>
      <Data name="id"><value>J-292</value></Data>
    </ExtendedData>
    <Point>
      <coordinates>88.2946584,24.2485602,0</coordinates>
    </Point>
  </Placemark>
  <Placemark>
    <name>J-293</name>
    <ExtendedData>
      <Data name="id"><value>J-293</value></Data>
    </ExtendedData>
    <Point>
      <coordinates>88.2943404,24.249093,0</coordinates>
    </Point>
  </Placemark>
  <Placemark>
    <name>J-294</name>
    <ExtendedData>
      <Data name="id"><value>J-294</value></Data>
    </ExtendedData>
    <Point>
      <coordinates>88.2941005,24.2496259,0</coordinates>
    </Point>
  </Placemark>
  <Placemark>
    <name>J-295</name>
    <ExtendedData>
      <Data name="id"><value>J-295</value></Data>
    </ExtendedData>
    <Point>
      <coordinates>88.2958026,24.2496105,0</coordinates>
    </Point>
  </Placemark>
  <Placemark>
    <name>J-296</name>
    <ExtendedData>
      <Data name="id"><value>J-296</value></Data>
    </ExtendedData>
    <Point>
      <coordinates>88.295203,24.2496853,0</coordinates>
    </Point>
  </Placemark>
  <Placemark>
    <name>J-297</name>
    <ExtendedData>
      <Data name="id"><value>J-297</value></Data>
    </ExtendedData>
    <Point>
      <coordinates>88.29525,24.2499659,0</coordinates>
    </Point>
  </Placemark>
  <Placemark>
    <name>J-298</name>
    <ExtendedData>
      <Data name="id"><value>J-298</value></Data>
    </ExtendedData>
    <Point>
      <coordinates>88.2938738,24.2496962,0</coordinates>
    </Point>
  </Placemark>
  <Placemark>
    <name>J-299</name>
    <ExtendedData>
      <Data name="id"><value>J-299</value></Data>
    </ExtendedData>
    <Point>
      <coordinates>88.2933624,24.2497709,0</coordinates>
    </Point>
  </Placemark>
  <Placemark>
    <name>J-300</name>
    <ExtendedData>
      <Data name="id"><value>J-300</value></Data>
    </ExtendedData>
    <Point>
      <coordinates>88.2963892,24.2507015,0</coordinates>
    </Point>
  </Placemark>
  <Placemark>
    <name>J-301</name>
    <ExtendedData>
      <Data name="id"><value>J-301</value></Data>
    </ExtendedData>
    <Point>
      <coordinates>88.2967912,24.2513899,0</coordinates>
    </Point>
  </Placemark>
  <Placemark>
    <name>J-302</name>
    <ExtendedData>
      <Data name="id"><value>J-302</value></Data>
    </ExtendedData>
    <Point>
      <coordinates>88.2969104,24.2516342,0</coordinates>
    </Point>
  </Placemark>
  <Placemark>
    <name>J-303</name>
    <ExtendedData>
      <Data name="id"><value>J-303</value></Data>
    </ExtendedData>
    <Point>
      <coordinates>88.2966813,24.2515556,0</coordinates>
    </Point>
  </Placemark>
  <Placemark>
    <name>J-304</name>
    <ExtendedData>
      <Data name="id"><value>J-304</value></Data>
    </ExtendedData>
    <Point>
      <coordinates>88.2810034,24.2467296,0</coordinates>
    </Point>
  </Placemark>
  <Placemark>
    <name>J-305</name>
    <ExtendedData>
      <Data name="id"><value>J-305</value></Data>
    </ExtendedData>
    <Point>
      <coordinates>88.2800088,24.2486199,0</coordinates>
    </Point>
  </Placemark>
  <Placemark>
    <name>J-306</name>
    <ExtendedData>
      <Data name="id"><value>J-306</value></Data>
    </ExtendedData>
    <Point>
      <coordinates>88.2837418,24.2418865,0</coordinates>
    </Point>
  </Placemark>
  <Placemark>
    <name>J-307</name>
    <ExtendedData>
      <Data name="id"><value>J-307</value></Data>
    </ExtendedData>
    <Point>
      <coordinates>88.2841164,24.2423002,0</coordinates>
    </Point>
  </Placemark>
  <Placemark>
    <name>J-308</name>
    <ExtendedData>
      <Data name="id"><value>J-308</value></Data>
    </ExtendedData>
    <Point>
      <coordinates>88.2835951,24.2421044,0</coordinates>
    </Point>
  </Placemark>
  <Placemark>
    <name>J-309</name>
    <ExtendedData>
      <Data name="id"><value>J-309</value></Data>
    </ExtendedData>
    <Point>
      <coordinates>88.2840776,24.2423021,0</coordinates>
    </Point>
  </Placemark>
  <Placemark>
    <name>J-310</name>
    <ExtendedData>
      <Data name="id"><value>J-310</value></Data>
    </ExtendedData>
    <Point>
      <coordinates>88.2831262,24.2428269,0</coordinates>
    </Point>
  </Placemark>
  <Placemark>
    <name>J-311</name>
    <ExtendedData>
      <Data name="id"><value>J-311</value></Data>
    </ExtendedData>
    <Point>
      <coordinates>88.2839454,24.2432199,0</coordinates>
    </Point>
  </Placemark>
  <Placemark>
    <name>J-312</name>
    <ExtendedData>
      <Data name="id"><value>J-312</value></Data>
    </ExtendedData>
    <Point>
      <coordinates>88.2829862,24.2430483,0</coordinates>
    </Point>
  </Placemark>
  <Placemark>
    <name>J-313</name>
    <ExtendedData>
      <Data name="id"><value>J-313</value></Data>
    </ExtendedData>
    <Point>
      <coordinates>88.2834373,24.2432734,0</coordinates>
    </Point>
  </Placemark>
  <Placemark>
    <name>J-314</name>
    <ExtendedData>
      <Data name="id"><value>J-314</value></Data>
    </ExtendedData>
    <Point>
      <coordinates>88.2828275,24.2432873,0</coordinates>
    </Point>
  </Placemark>
  <Placemark>
    <name>J-315</name>
    <ExtendedData>
      <Data name="id"><value>J-315</value></Data>
    </ExtendedData>
    <Point>
      <coordinates>88.2831421,24.24347,0</coordinates>
    </Point>
  </Placemark>
  <Placemark>
    <name>J-316</name>
    <ExtendedData>
      <Data name="id"><value>J-316</value></Data>
    </ExtendedData>
    <Point>
      <coordinates>88.282691,24.2435291,0</coordinates>
    </Point>
  </Placemark>
  <Placemark>
    <name>J-317</name>
    <ExtendedData>
      <Data name="id"><value>J-317</value></Data>
    </ExtendedData>
    <Point>
      <coordinates>88.2830256,24.2436509,0</coordinates>
    </Point>
  </Placemark>
  <Placemark>
    <name>J-318</name>
    <ExtendedData>
      <Data name="id"><value>J-318</value></Data>
    </ExtendedData>
    <Point>
      <coordinates>88.2818956,24.2450341,0</coordinates>
    </Point>
  </Placemark>
  <Placemark>
    <name>J-319</name>
    <ExtendedData>
      <Data name="id"><value>J-319</value></Data>
    </ExtendedData>
    <Point>
      <coordinates>88.282729,24.24543,0</coordinates>
    </Point>
  </Placemark>
  <Placemark>
    <name>J-320</name>
    <ExtendedData>
      <Data name="id"><value>J-320</value></Data>
    </ExtendedData>
    <Point>
      <coordinates>88.2817531,24.2453153,0</coordinates>
    </Point>
  </Placemark>
  <Placemark>
    <name>J-321</name>
    <ExtendedData>
      <Data name="id"><value>J-321</value></Data>
    </ExtendedData>
    <Point>
      <coordinates>88.282804,24.2458972,0</coordinates>
    </Point>
  </Placemark>
  <Placemark>
    <name>J-322</name>
    <ExtendedData>
      <Data name="id"><value>J-322</value></Data>
    </ExtendedData>
    <Point>
      <coordinates>88.2814664,24.2458713,0</coordinates>
    </Point>
  </Placemark>
  <Placemark>
    <name>J-323</name>
    <ExtendedData>
      <Data name="id"><value>J-323</value></Data>
    </ExtendedData>
    <Point>
      <coordinates>88.2817608,24.2459825,0</coordinates>
    </Point>
  </Placemark>
  <Placemark>
    <name>J-324</name>
    <ExtendedData>
      <Data name="id"><value>J-324</value></Data>
    </ExtendedData>
    <Point>
      <coordinates>88.2813734,24.2460479,0</coordinates>
    </Point>
  </Placemark>
  <Placemark>
    <name>J-325</name>
    <ExtendedData>
      <Data name="id"><value>J-325</value></Data>
    </ExtendedData>
    <Point>
      <coordinates>88.2808419,24.247081,0</coordinates>
    </Point>
  </Placemark>
  <Placemark>
    <name>J-326</name>
    <ExtendedData>
      <Data name="id"><value>J-326</value></Data>
    </ExtendedData>
    <Point>
      <coordinates>88.2816039,24.2474316,0</coordinates>
    </Point>
  </Placemark>
  <Placemark>
    <name>J-327</name>
    <ExtendedData>
      <Data name="id"><value>J-327</value></Data>
    </ExtendedData>
    <Point>
      <coordinates>88.2817586,24.2479726,0</coordinates>
    </Point>
  </Placemark>
  <Placemark>
    <name>J-328</name>
    <ExtendedData>
      <Data name="id"><value>J-328</value></Data>
    </ExtendedData>
    <Point>
      <coordinates>88.2819799,24.2476073,0</coordinates>
    </Point>
  </Placemark>
  <Placemark>
    <name>J-330</name>
    <ExtendedData>
      <Data name="id"><value>J-330</value></Data>
    </ExtendedData>
    <Point>
      <coordinates>88.2805829,24.2475833,0</coordinates>
    </Point>
  </Placemark>
  <Placemark>
    <name>J-331</name>
    <ExtendedData>
      <Data name="id"><value>J-331</value></Data>
    </ExtendedData>
    <Point>
      <coordinates>88.2808038,24.2476742,0</coordinates>
    </Point>
  </Placemark>
  <Placemark>
    <name>J-332</name>
    <ExtendedData>
      <Data name="id"><value>J-332</value></Data>
    </ExtendedData>
    <Point>
      <coordinates>88.2807964,24.2480526,0</coordinates>
    </Point>
  </Placemark>
  <Placemark>
    <name>J-333</name>
    <ExtendedData>
      <Data name="id"><value>J-333</value></Data>
    </ExtendedData>
    <Point>
      <coordinates>88.2813438,24.2468774,0</coordinates>
    </Point>
  </Placemark>
  <Placemark>
    <name>J-334</name>
    <ExtendedData>
      <Data name="id"><value>J-334</value></Data>
    </ExtendedData>
    <Point>
      <coordinates>88.281387,24.2468957,0</coordinates>
    </Point>
  </Placemark>
  <Placemark>
    <name>J-335</name>
    <ExtendedData>
      <Data name="id"><value>J-335</value></Data>
    </ExtendedData>
    <Point>
      <coordinates>88.2816064,24.2469851,0</coordinates>
    </Point>
  </Placemark>
  <Placemark>
    <name>J-336</name>
    <ExtendedData>
      <Data name="id"><value>J-336</value></Data>
    </ExtendedData>
    <Point>
      <coordinates>88.2818699,24.2471064,0</coordinates>
    </Point>
  </Placemark>
  <Placemark>
    <name>J-337</name>
    <ExtendedData>
      <Data name="id"><value>J-337</value></Data>
    </ExtendedData>
    <Point>
      <coordinates>88.2822659,24.2472631,0</coordinates>
    </Point>
  </Placemark>
  <Placemark>
    <name>J-338</name>
    <ExtendedData>
      <Data name="id"><value>J-338</value></Data>
    </ExtendedData>
    <Point>
      <coordinates>88.2811924,24.2472272,0</coordinates>
    </Point>
  </Placemark>
  <Placemark>
    <name>J-339</name>
    <ExtendedData>
      <Data name="id"><value>J-339</value></Data>
    </ExtendedData>
    <Point>
      <coordinates>88.2811473,24.2464764,0</coordinates>
    </Point>
  </Placemark>
  <Placemark>
    <name>J-340</name>
    <ExtendedData>
      <Data name="id"><value>J-340</value></Data>
    </ExtendedData>
    <Point>
      <coordinates>88.2814922,24.2473582,0</coordinates>
    </Point>
  </Placemark>
  <Placemark>
    <name>J-341</name>
    <ExtendedData>
      <Data name="id"><value>J-341</value></Data>
    </ExtendedData>
    <Point>
      <coordinates>88.2817072,24.2467678,0</coordinates>
    </Point>
  </Placemark>
  <Placemark>
    <name>J-342</name>
    <ExtendedData>
      <Data name="id"><value>J-342</value></Data>
    </ExtendedData>
    <Point>
      <coordinates>88.2817011,24.2474487,0</coordinates>
    </Point>
  </Placemark>
  <Placemark>
    <name>J-343</name>
    <ExtendedData>
      <Data name="id"><value>J-343</value></Data>
    </ExtendedData>
    <Point>
      <coordinates>88.2823222,24.247275,0</coordinates>
    </Point>
  </Placemark>
  <Placemark>
    <name>J-344</name>
    <ExtendedData>
      <Data name="id"><value>J-344</value></Data>
    </ExtendedData>
    <Point>
      <coordinates>88.2825268,24.2469493,0</coordinates>
    </Point>
  </Placemark>
  <Placemark>
    <name>J-345</name>
    <ExtendedData>
      <Data name="id"><value>J-345</value></Data>
    </ExtendedData>
    <Point>
      <coordinates>88.284244,24.2485628,0</coordinates>
    </Point>
  </Placemark>
  <Placemark>
    <name>J-346</name>
    <ExtendedData>
      <Data name="id"><value>J-346</value></Data>
    </ExtendedData>
    <Point>
      <coordinates>88.2840888,24.2489856,0</coordinates>
    </Point>
  </Placemark>
  <Placemark>
    <name>J-347</name>
    <ExtendedData>
      <Data name="id"><value>J-347</value></Data>
    </ExtendedData>
    <Point>
      <coordinates>88.2843137,24.2485548,0</coordinates>
    </Point>
  </Placemark>
  <Placemark>
    <name>J-348</name>
    <ExtendedData>
      <Data name="id"><value>J-348</value></Data>
    </ExtendedData>
    <Point>
      <coordinates>88.2845592,24.2486714,0</coordinates>
    </Point>
  </Placemark>
  <Placemark>
    <name>J-349</name>
    <ExtendedData>
      <Data name="id"><value>J-349</value></Data>
    </ExtendedData>
    <Point>
      <coordinates>88.2846966,24.248192,0</coordinates>
    </Point>
  </Placemark>
  <Placemark>
    <name>J-350</name>
    <ExtendedData>
      <Data name="id"><value>J-350</value></Data>
    </ExtendedData>
    <Point>
      <coordinates>88.2845778,24.2480526,0</coordinates>
    </Point>
  </Placemark>
  <Placemark>
    <name>J-351</name>
    <ExtendedData>
      <Data name="id"><value>J-351</value></Data>
    </ExtendedData>
    <Point>
      <coordinates>88.2844527,24.2479625,0</coordinates>
    </Point>
  </Placemark>
  <Placemark>
    <name>J-352</name>
    <ExtendedData>
      <Data name="id"><value>J-352</value></Data>
    </ExtendedData>
    <Point>
      <coordinates>88.2846171,24.2478424,0</coordinates>
    </Point>
  </Placemark>
  <Placemark>
    <name>J-353</name>
    <ExtendedData>
      <Data name="id"><value>J-353</value></Data>
    </ExtendedData>
    <Point>
      <coordinates>88.2851084,24.2481578,0</coordinates>
    </Point>
  </Placemark>
  <Placemark>
    <name>J-354</name>
    <ExtendedData>
      <Data name="id"><value>J-354</value></Data>
    </ExtendedData>
    <Point>
      <coordinates>88.2851775,24.2483853,0</coordinates>
    </Point>
  </Placemark>
  <Placemark>
    <name>J-355</name>
    <ExtendedData>
      <Data name="id"><value>J-355</value></Data>
    </ExtendedData>
    <Point>
      <coordinates>88.2851866,24.2477301,0</coordinates>
    </Point>
  </Placemark>
  <Placemark>
    <name>J-356</name>
    <ExtendedData>
      <Data name="id"><value>J-356</value></Data>
    </ExtendedData>
    <Point>
      <coordinates>88.2855596,24.2481852,0</coordinates>
    </Point>
  </Placemark>
  <Placemark>
    <name>J-357</name>
    <ExtendedData>
      <Data name="id"><value>J-357</value></Data>
    </ExtendedData>
    <Point>
      <coordinates>88.285444,24.2485836,0</coordinates>
    </Point>
  </Placemark>
  <Placemark>
    <name>J-358</name>
    <ExtendedData>
      <Data name="id"><value>J-358</value></Data>
    </ExtendedData>
    <Point>
      <coordinates>88.285946,24.2482663,0</coordinates>
    </Point>
  </Placemark>
  <Placemark>
    <name>J-359</name>
    <ExtendedData>
      <Data name="id"><value>J-359</value></Data>
    </ExtendedData>
    <Point>
      <coordinates>88.2860633,24.2476307,0</coordinates>
    </Point>
  </Placemark>
  <Placemark>
    <name>J-360</name>
    <ExtendedData>
      <Data name="id"><value>J-360</value></Data>
    </ExtendedData>
    <Point>
      <coordinates>88.2873036,24.2485265,0</coordinates>
    </Point>
  </Placemark>
  <Placemark>
    <name>J-361</name>
    <ExtendedData>
      <Data name="id"><value>J-361</value></Data>
    </ExtendedData>
    <Point>
      <coordinates>88.2870103,24.2487747,0</coordinates>
    </Point>
  </Placemark>
  <Placemark>
    <name>J-362</name>
    <ExtendedData>
      <Data name="id"><value>J-362</value></Data>
    </ExtendedData>
    <Point>
      <coordinates>88.2874667,24.2489113,0</coordinates>
    </Point>
  </Placemark>
  <Placemark>
    <name>J-363</name>
    <ExtendedData>
      <Data name="id"><value>J-363</value></Data>
    </ExtendedData>
    <Point>
      <coordinates>88.2868036,24.2487496,0</coordinates>
    </Point>
  </Placemark>
  <Placemark>
    <name>J-364</name>
    <ExtendedData>
      <Data name="id"><value>J-364</value></Data>
    </ExtendedData>
    <Point>
      <coordinates>88.2872803,24.2497699,0</coordinates>
    </Point>
  </Placemark>
  <Placemark>
    <name>J-365</name>
    <ExtendedData>
      <Data name="id"><value>J-365</value></Data>
    </ExtendedData>
    <Point>
      <coordinates>88.2878313,24.2499885,0</coordinates>
    </Point>
  </Placemark>
  <Placemark>
    <name>J-366</name>
    <ExtendedData>
      <Data name="id"><value>J-366</value></Data>
    </ExtendedData>
    <Point>
      <coordinates>88.2875911,24.2512899,0</coordinates>
    </Point>
  </Placemark>
  <Placemark>
    <name>J-367</name>
    <ExtendedData>
      <Data name="id"><value>J-367</value></Data>
    </ExtendedData>
    <Point>
      <coordinates>88.2899702,24.2503294,0</coordinates>
    </Point>
  </Placemark>
  <Placemark>
    <name>J-368</name>
    <ExtendedData>
      <Data name="id"><value>J-368</value></Data>
    </ExtendedData>
    <Point>
      <coordinates>88.2901779,24.2497808,0</coordinates>
    </Point>
  </Placemark>
  <Placemark>
    <name>J-369</name>
    <ExtendedData>
      <Data name="id"><value>J-369</value></Data>
    </ExtendedData>
    <Point>
      <coordinates>88.2896957,24.2514552,0</coordinates>
    </Point>
  </Placemark>
  <Placemark>
    <name>J-370</name>
    <ExtendedData>
      <Data name="id"><value>J-370</value></Data>
    </ExtendedData>
    <Point>
      <coordinates>88.2904939,24.2504636,0</coordinates>
    </Point>
  </Placemark>
  <Placemark>
    <name>J-371</name>
    <ExtendedData>
      <Data name="id"><value>J-371</value></Data>
    </ExtendedData>
    <Point>
      <coordinates>88.2905459,24.2502636,0</coordinates>
    </Point>
  </Placemark>
  <Placemark>
    <name>J-372</name>
    <ExtendedData>
      <Data name="id"><value>J-372</value></Data>
    </ExtendedData>
    <Point>
      <coordinates>88.2915139,24.2493457,0</coordinates>
    </Point>
  </Placemark>
  <Placemark>
    <name>J-373</name>
    <ExtendedData>
      <Data name="id"><value>J-373</value></Data>
    </ExtendedData>
    <Point>
      <coordinates>88.2914614,24.2499186,0</coordinates>
    </Point>
  </Placemark>
  <Placemark>
    <name>J-374</name>
    <ExtendedData>
      <Data name="id"><value>J-374</value></Data>
    </ExtendedData>
    <Point>
      <coordinates>88.2915983,24.2491967,0</coordinates>
    </Point>
  </Placemark>
  <Placemark>
    <name>J-375</name>
    <ExtendedData>
      <Data name="id"><value>J-375</value></Data>
    </ExtendedData>
    <Point>
      <coordinates>88.2933322,24.2497382,0</coordinates>
    </Point>
  </Placemark>
  <Placemark>
    <name>J-376</name>
    <ExtendedData>
      <Data name="id"><value>J-376</value></Data>
    </ExtendedData>
    <Point>
      <coordinates>88.2916913,24.2486768,0</coordinates>
    </Point>
  </Placemark>
  <Placemark>
    <name>J-377</name>
    <ExtendedData>
      <Data name="id"><value>J-377</value></Data>
    </ExtendedData>
    <Point>
      <coordinates>88.2915026,24.248621,0</coordinates>
    </Point>
  </Placemark>
  <Placemark>
    <name>J-378</name>
    <ExtendedData>
      <Data name="id"><value>J-378</value></Data>
    </ExtendedData>
    <Point>
      <coordinates>88.2919885,24.2492715,0</coordinates>
    </Point>
  </Placemark>
  <Placemark>
    <name>J-379</name>
    <ExtendedData>
      <Data name="id"><value>J-379</value></Data>
    </ExtendedData>
    <Point>
      <coordinates>88.2919333,24.2477662,0</coordinates>
    </Point>
  </Placemark>
  <Placemark>
    <name>J-380</name>
    <ExtendedData>
      <Data name="id"><value>J-380</value></Data>
    </ExtendedData>
    <Point>
      <coordinates>88.2924784,24.2478672,0</coordinates>
    </Point>
  </Placemark>
  <Placemark>
    <name>J-381</name>
    <ExtendedData>
      <Data name="id"><value>J-381</value></Data>
    </ExtendedData>
    <Point>
      <coordinates>88.2916558,24.2477166,0</coordinates>
    </Point>
  </Placemark>
  <Placemark>
    <name>J-382</name>
    <ExtendedData>
      <Data name="id"><value>J-382</value></Data>
    </ExtendedData>
    <Point>
      <coordinates>88.2923096,24.2467253,0</coordinates>
    </Point>
  </Placemark>
  <Placemark>
    <name>J-383</name>
    <ExtendedData>
      <Data name="id"><value>J-383</value></Data>
    </ExtendedData>
    <Point>
      <coordinates>88.2926829,24.2468844,0</coordinates>
    </Point>
  </Placemark>
  <Placemark>
    <name>J-384</name>
    <ExtendedData>
      <Data name="id"><value>J-384</value></Data>
    </ExtendedData>
    <Point>
      <coordinates>88.2920937,24.2466562,0</coordinates>
    </Point>
  </Placemark>
  <Placemark>
    <name>J-385</name>
    <ExtendedData>
      <Data name="id"><value>J-385</value></Data>
    </ExtendedData>
    <Point>
      <coordinates>88.2918547,24.2465715,0</coordinates>
    </Point>
  </Placemark>
  <Placemark>
    <name>J-386</name>
    <ExtendedData>
      <Data name="id"><value>J-386</value></Data>
    </ExtendedData>
    <Point>
      <coordinates>88.2923868,24.2463721,0</coordinates>
    </Point>
  </Placemark>
  <Placemark>
    <name>J-387</name>
    <ExtendedData>
      <Data name="id"><value>J-387</value></Data>
    </ExtendedData>
    <Point>
      <coordinates>88.2924299,24.2464237,0</coordinates>
    </Point>
  </Placemark>
  <Placemark>
    <name>J-388</name>
    <ExtendedData>
      <Data name="id"><value>J-388</value></Data>
    </ExtendedData>
    <Point>
      <coordinates>88.2904703,24.2505902,0</coordinates>
    </Point>
  </Placemark>
  <Placemark>
    <name>J-389</name>
    <ExtendedData>
      <Data name="id"><value>J-389</value></Data>
    </ExtendedData>
    <Point>
      <coordinates>88.2904153,24.2511539,0</coordinates>
    </Point>
  </Placemark>
  <Placemark>
    <name>J-390</name>
    <ExtendedData>
      <Data name="id"><value>J-390</value></Data>
    </ExtendedData>
    <Point>
      <coordinates>88.2900941,24.2511381,0</coordinates>
    </Point>
  </Placemark>
  <Placemark>
    <name>J-391</name>
    <ExtendedData>
      <Data name="id"><value>J-391</value></Data>
    </ExtendedData>
    <Point>
      <coordinates>88.2904181,24.2515178,0</coordinates>
    </Point>
  </Placemark>
  <Placemark>
    <name>J-392</name>
    <ExtendedData>
      <Data name="id"><value>J-392</value></Data>
    </ExtendedData>
    <Point>
      <coordinates>88.2910963,24.2512221,0</coordinates>
    </Point>
  </Placemark>
  <Placemark>
    <name>J-393</name>
    <ExtendedData>
      <Data name="id"><value>J-393</value></Data>
    </ExtendedData>
    <Point>
      <coordinates>88.2909843,24.2516518,0</coordinates>
    </Point>
  </Placemark>
  <Placemark>
    <name>J-394</name>
    <ExtendedData>
      <Data name="id"><value>J-394</value></Data>
    </ExtendedData>
    <Point>
      <coordinates>88.2915077,24.2512734,0</coordinates>
    </Point>
  </Placemark>
  <Placemark>
    <name>J-395</name>
    <ExtendedData>
      <Data name="id"><value>J-395</value></Data>
    </ExtendedData>
    <Point>
      <coordinates>88.291345,24.2517516,0</coordinates>
    </Point>
  </Placemark>
  <Placemark>
    <name>J-396</name>
    <ExtendedData>
      <Data name="id"><value>J-396</value></Data>
    </ExtendedData>
    <Point>
      <coordinates>88.2908395,24.2503178,0</coordinates>
    </Point>
  </Placemark>
  <Placemark>
    <name>J-397</name>
    <ExtendedData>
      <Data name="id"><value>J-397</value></Data>
    </ExtendedData>
    <Point>
      <coordinates>88.2916134,24.2508145,0</coordinates>
    </Point>
  </Placemark>
  <Placemark>
    <name>J-398</name>
    <ExtendedData>
      <Data name="id"><value>J-398</value></Data>
    </ExtendedData>
    <Point>
      <coordinates>88.2921388,24.2511954,0</coordinates>
    </Point>
  </Placemark>
  <Placemark>
    <name>J-399</name>
    <ExtendedData>
      <Data name="id"><value>J-399</value></Data>
    </ExtendedData>
    <Point>
      <coordinates>88.29269,24.2513269,0</coordinates>
    </Point>
  </Placemark>
  <Placemark>
    <name>J-400</name>
    <ExtendedData>
      <Data name="id"><value>J-400</value></Data>
    </ExtendedData>
    <Point>
      <coordinates>88.2926468,24.2517474,0</coordinates>
    </Point>
  </Placemark>
  <Placemark>
    <name>J-401</name>
    <ExtendedData>
      <Data name="id"><value>J-401</value></Data>
    </ExtendedData>
    <Point>
      <coordinates>88.2926789,24.2510439,0</coordinates>
    </Point>
  </Placemark>
  <Placemark>
    <name>J-402</name>
    <ExtendedData>
      <Data name="id"><value>J-402</value></Data>
    </ExtendedData>
    <Point>
      <coordinates>88.2930664,24.2510732,0</coordinates>
    </Point>
  </Placemark>
  <Placemark>
    <name>J-403</name>
    <ExtendedData>
      <Data name="id"><value>J-403</value></Data>
    </ExtendedData>
    <Point>
      <coordinates>88.2927081,24.2509272,0</coordinates>
    </Point>
  </Placemark>
  <Placemark>
    <name>J-404</name>
    <ExtendedData>
      <Data name="id"><value>J-404</value></Data>
    </ExtendedData>
    <Point>
      <coordinates>88.2921594,24.2508726,0</coordinates>
    </Point>
  </Placemark>
  <Placemark>
    <name>J-405</name>
    <ExtendedData>
      <Data name="id"><value>J-405</value></Data>
    </ExtendedData>
    <Point>
      <coordinates>88.2917151,24.2507761,0</coordinates>
    </Point>
  </Placemark>
  <Placemark>
    <name>J-406</name>
    <ExtendedData>
      <Data name="id"><value>J-406</value></Data>
    </ExtendedData>
    <Point>
      <coordinates>88.2917802,24.2504826,0</coordinates>
    </Point>
  </Placemark>
  <Placemark>
    <name>J-407</name>
    <ExtendedData>
      <Data name="id"><value>J-407</value></Data>
    </ExtendedData>
    <Point>
      <coordinates>88.2921571,24.2508432,0</coordinates>
    </Point>
  </Placemark>
  <Placemark>
    <name>J-408</name>
    <ExtendedData>
      <Data name="id"><value>J-408</value></Data>
    </ExtendedData>
    <Point>
      <coordinates>88.2926279,24.2504636,0</coordinates>
    </Point>
  </Placemark>
  <Placemark>
    <name>J-409</name>
    <ExtendedData>
      <Data name="id"><value>J-409</value></Data>
    </ExtendedData>
    <Point>
      <coordinates>88.2926263,24.2499914,0</coordinates>
    </Point>
  </Placemark>
  <Placemark>
    <name>J-410</name>
    <ExtendedData>
      <Data name="id"><value>J-410</value></Data>
    </ExtendedData>
    <Point>
      <coordinates>88.2931499,24.2505201,0</coordinates>
    </Point>
  </Placemark>
  <Placemark>
    <name>J-411</name>
    <ExtendedData>
      <Data name="id"><value>J-411</value></Data>
    </ExtendedData>
    <Point>
      <coordinates>88.2933247,24.249774,0</coordinates>
    </Point>
  </Placemark>
  <Placemark>
    <name>J-412</name>
    <ExtendedData>
      <Data name="id"><value>J-412</value></Data>
    </ExtendedData>
    <Point>
      <coordinates>88.2926718,24.2508997,0</coordinates>
    </Point>
  </Placemark>
  <Placemark>
    <name>J-413</name>
    <ExtendedData>
      <Data name="id"><value>J-413</value></Data>
    </ExtendedData>
    <Point>
      <coordinates>88.2931076,24.2507453,0</coordinates>
    </Point>
  </Placemark>
  <Placemark>
    <name>J-414</name>
    <ExtendedData>
      <Data name="id"><value>J-414</value></Data>
    </ExtendedData>
    <Point>
      <coordinates>88.2930741,24.2509404,0</coordinates>
    </Point>
  </Placemark>
  <Placemark>
    <name>J-415</name>
    <ExtendedData>
      <Data name="id"><value>J-415</value></Data>
    </ExtendedData>
    <Point>
      <coordinates>88.2932646,24.2511709,0</coordinates>
    </Point>
  </Placemark>
  <Placemark>
    <name>J-416</name>
    <ExtendedData>
      <Data name="id"><value>J-416</value></Data>
    </ExtendedData>
    <Point>
      <coordinates>88.2932267,24.2514166,0</coordinates>
    </Point>
  </Placemark>
  <Placemark>
    <name>J-417</name>
    <ExtendedData>
      <Data name="id"><value>J-417</value></Data>
    </ExtendedData>
    <Point>
      <coordinates>88.2930837,24.2509177,0</coordinates>
    </Point>
  </Placemark>
  <Placemark>
    <name>J-418</name>
    <ExtendedData>
      <Data name="id"><value>J-418</value></Data>
    </ExtendedData>
    <Point>
      <coordinates>88.2936175,24.2506413,0</coordinates>
    </Point>
  </Placemark>
  <Placemark>
    <name>J-419</name>
    <ExtendedData>
      <Data name="id"><value>J-419</value></Data>
    </ExtendedData>
    <Point>
      <coordinates>88.2936997,24.2502949,0</coordinates>
    </Point>
  </Placemark>
  <Placemark>
    <name>J-420</name>
    <ExtendedData>
      <Data name="id"><value>J-420</value></Data>
    </ExtendedData>
    <Point>
      <coordinates>88.2933587,24.2511894,0</coordinates>
    </Point>
  </Placemark>
  <Placemark>
    <name>J-421</name>
    <ExtendedData>
      <Data name="id"><value>J-421</value></Data>
    </ExtendedData>
    <Point>
      <coordinates>88.2940444,24.250794,0</coordinates>
    </Point>
  </Placemark>
  <Placemark>
    <name>J-422</name>
    <ExtendedData>
      <Data name="id"><value>J-422</value></Data>
    </ExtendedData>
    <Point>
      <coordinates>88.2941504,24.2513739,0</coordinates>
    </Point>
  </Placemark>
  <Placemark>
    <name>J-423</name>
    <ExtendedData>
      <Data name="id"><value>J-423</value></Data>
    </ExtendedData>
    <Point>
      <coordinates>88.2944767,24.2513986,0</coordinates>
    </Point>
  </Placemark>
  <Placemark>
    <name>J-424</name>
    <ExtendedData>
      <Data name="id"><value>J-424</value></Data>
    </ExtendedData>
    <Point>
      <coordinates>88.2944713,24.2514195,0</coordinates>
    </Point>
  </Placemark>
  <Placemark>
    <name>J-425</name>
    <ExtendedData>
      <Data name="id"><value>J-425</value></Data>
    </ExtendedData>
    <Point>
      <coordinates>88.2944563,24.2518283,0</coordinates>
    </Point>
  </Placemark>
  <Placemark>
    <name>J-426</name>
    <ExtendedData>
      <Data name="id"><value>J-426</value></Data>
    </ExtendedData>
    <Point>
      <coordinates>88.2947599,24.2518489,0</coordinates>
    </Point>
  </Placemark>
  <Placemark>
    <name>J-427</name>
    <ExtendedData>
      <Data name="id"><value>J-427</value></Data>
    </ExtendedData>
    <Point>
      <coordinates>88.2944498,24.2521501,0</coordinates>
    </Point>
  </Placemark>
  <Placemark>
    <name>J-428</name>
    <ExtendedData>
      <Data name="id"><value>J-428</value></Data>
    </ExtendedData>
    <Point>
      <coordinates>88.295238,24.2515097,0</coordinates>
    </Point>
  </Placemark>
  <Placemark>
    <name>J-429</name>
    <ExtendedData>
      <Data name="id"><value>J-429</value></Data>
    </ExtendedData>
    <Point>
      <coordinates>88.2952038,24.2521275,0</coordinates>
    </Point>
  </Placemark>
  <Placemark>
    <name>J-430</name>
    <ExtendedData>
      <Data name="id"><value>J-430</value></Data>
    </ExtendedData>
    <Point>
      <coordinates>88.2952404,24.2523535,0</coordinates>
    </Point>
  </Placemark>
  <Placemark>
    <name>J-431</name>
    <ExtendedData>
      <Data name="id"><value>J-431</value></Data>
    </ExtendedData>
    <Point>
      <coordinates>88.2953242,24.2515214,0</coordinates>
    </Point>
  </Placemark>
  <Placemark>
    <name>J-432</name>
    <ExtendedData>
      <Data name="id"><value>J-432</value></Data>
    </ExtendedData>
    <Point>
      <coordinates>88.2958399,24.250836,0</coordinates>
    </Point>
  </Placemark>
  <Placemark>
    <name>J-433</name>
    <ExtendedData>
      <Data name="id"><value>J-433</value></Data>
    </ExtendedData>
    <Point>
      <coordinates>88.2954589,24.25156,0</coordinates>
    </Point>
  </Placemark>
  <Placemark>
    <name>J-434</name>
    <ExtendedData>
      <Data name="id"><value>J-434</value></Data>
    </ExtendedData>
    <Point>
      <coordinates>88.2952016,24.2518458,0</coordinates>
    </Point>
  </Placemark>
  <Placemark>
    <name>J-435</name>
    <ExtendedData>
      <Data name="id"><value>J-435</value></Data>
    </ExtendedData>
    <Point>
      <coordinates>88.296409,24.251599,0</coordinates>
    </Point>
  </Placemark>
  <Placemark>
    <name>J-436</name>
    <ExtendedData>
      <Data name="id"><value>J-436</value></Data>
    </ExtendedData>
    <Point>
      <coordinates>88.2963744,24.2520111,0</coordinates>
    </Point>
  </Placemark>
  <Placemark>
    <name>J-437</name>
    <ExtendedData>
      <Data name="id"><value>J-437</value></Data>
    </ExtendedData>
    <Point>
      <coordinates>88.2972296,24.2517833,0</coordinates>
    </Point>
  </Placemark>
  <Placemark>
    <name>J-438</name>
    <ExtendedData>
      <Data name="id"><value>J-438</value></Data>
    </ExtendedData>
    <Point>
      <coordinates>88.2817239,24.2485679,0</coordinates>
    </Point>
  </Placemark>
  <Placemark>
    <name>J-439</name>
    <ExtendedData>
      <Data name="id"><value>J-439</value></Data>
    </ExtendedData>
    <Point>
      <coordinates>88.2816037,24.2487466,0</coordinates>
    </Point>
  </Placemark>
  <Placemark>
    <name>J-440</name>
    <ExtendedData>
      <Data name="id"><value>J-440</value></Data>
    </ExtendedData>
    <Point>
      <coordinates>88.281095,24.2484426,0</coordinates>
    </Point>
  </Placemark>
  <Placemark>
    <name>J-441</name>
    <ExtendedData>
      <Data name="id"><value>J-441</value></Data>
    </ExtendedData>
    <Point>
      <coordinates>88.2812957,24.2492141,0</coordinates>
    </Point>
  </Placemark>
  <Placemark>
    <name>J-442</name>
    <ExtendedData>
      <Data name="id"><value>J-442</value></Data>
    </ExtendedData>
    <Point>
      <coordinates>88.2820328,24.2487868,0</coordinates>
    </Point>
  </Placemark>
  <Placemark>
    <name>J-443</name>
    <ExtendedData>
      <Data name="id"><value>J-443</value></Data>
    </ExtendedData>
    <Point>
      <coordinates>88.2818637,24.2490298,0</coordinates>
    </Point>
  </Placemark>
  <Placemark>
    <name>J-444</name>
    <ExtendedData>
      <Data name="id"><value>J-444</value></Data>
    </ExtendedData>
    <Point>
      <coordinates>88.2820458,24.2491568,0</coordinates>
    </Point>
  </Placemark>
  <Placemark>
    <name>J-445</name>
    <ExtendedData>
      <Data name="id"><value>J-445</value></Data>
    </ExtendedData>
    <Point>
      <coordinates>88.2821079,24.2490621,0</coordinates>
    </Point>
  </Placemark>
  <Placemark>
    <name>J-446</name>
    <ExtendedData>
      <Data name="id"><value>J-446</value></Data>
    </ExtendedData>
    <Point>
      <coordinates>88.2816582,24.249328,0</coordinates>
    </Point>
  </Placemark>
  <Placemark>
    <name>J-447</name>
    <ExtendedData>
      <Data name="id"><value>J-447</value></Data>
    </ExtendedData>
    <Point>
      <coordinates>88.2813507,24.2497129,0</coordinates>
    </Point>
  </Placemark>
  <Placemark>
    <name>J-448</name>
    <ExtendedData>
      <Data name="id"><value>J-448</value></Data>
    </ExtendedData>
    <Point>
      <coordinates>88.2802523,24.2482122,0</coordinates>
    </Point>
  </Placemark>
  <Placemark>
    <name>J-449</name>
    <ExtendedData>
      <Data name="id"><value>J-449</value></Data>
    </ExtendedData>
    <Point>
      <coordinates>88.28182,24.2505059,0</coordinates>
    </Point>
  </Placemark>
  <Placemark>
    <name>J-450</name>
    <ExtendedData>
      <Data name="id"><value>J-450</value></Data>
    </ExtendedData>
    <Point>
      <coordinates>88.2818736,24.2502069,0</coordinates>
    </Point>
  </Placemark>
  <Placemark>
    <name>J-451</name>
    <ExtendedData>
      <Data name="id"><value>J-451</value></Data>
    </ExtendedData>
    <Point>
      <coordinates>88.2821158,24.2510246,0</coordinates>
    </Point>
  </Placemark>
  <Placemark>
    <name>J-452</name>
    <ExtendedData>
      <Data name="id"><value>J-452</value></Data>
    </ExtendedData>
    <Point>
      <coordinates>88.2822112,24.2508624,0</coordinates>
    </Point>
  </Placemark>
  <Placemark>
    <name>J-453</name>
    <ExtendedData>
      <Data name="id"><value>J-453</value></Data>
    </ExtendedData>
    <Point>
      <coordinates>88.2823877,24.2507707,0</coordinates>
    </Point>
  </Placemark>
  <Placemark>
    <name>J-454</name>
    <ExtendedData>
      <Data name="id"><value>J-454</value></Data>
    </ExtendedData>
    <Point>
      <coordinates>88.2823762,24.2507933,0</coordinates>
    </Point>
  </Placemark>
  <Placemark>
    <name>J-455</name>
    <ExtendedData>
      <Data name="id"><value>J-455</value></Data>
    </ExtendedData>
    <Point>
      <coordinates>88.2823191,24.2514315,0</coordinates>
    </Point>
  </Placemark>
  <Placemark>
    <name>J-456</name>
    <ExtendedData>
      <Data name="id"><value>J-456</value></Data>
    </ExtendedData>
    <Point>
      <coordinates>88.2824991,24.2511748,0</coordinates>
    </Point>
  </Placemark>
  <Placemark>
    <name>J-457</name>
    <ExtendedData>
      <Data name="id"><value>J-457</value></Data>
    </ExtendedData>
    <Point>
      <coordinates>88.2824162,24.2516254,0</coordinates>
    </Point>
  </Placemark>
  <Placemark>
    <name>J-458</name>
    <ExtendedData>
      <Data name="id"><value>J-458</value></Data>
    </ExtendedData>
    <Point>
      <coordinates>88.2828574,24.2509944,0</coordinates>
    </Point>
  </Placemark>
  <Placemark>
    <name>J-459</name>
    <ExtendedData>
      <Data name="id"><value>J-459</value></Data>
    </ExtendedData>
    <Point>
      <coordinates>88.2826944,24.2522789,0</coordinates>
    </Point>
  </Placemark>
  <Placemark>
    <name>J-460</name>
    <ExtendedData>
      <Data name="id"><value>J-460</value></Data>
    </ExtendedData>
    <Point>
      <coordinates>88.2826298,24.2522847,0</coordinates>
    </Point>
  </Placemark>
  <Placemark>
    <name>J-461</name>
    <ExtendedData>
      <Data name="id"><value>J-461</value></Data>
    </ExtendedData>
    <Point>
      <coordinates>88.2850919,24.2519996,0</coordinates>
    </Point>
  </Placemark>
  <Placemark>
    <name>J-462</name>
    <ExtendedData>
      <Data name="id"><value>J-462</value></Data>
    </ExtendedData>
    <Point>
      <coordinates>88.2859169,24.2519311,0</coordinates>
    </Point>
  </Placemark>
  <Placemark>
    <name>J-463</name>
    <ExtendedData>
      <Data name="id"><value>J-463</value></Data>
    </ExtendedData>
    <Point>
      <coordinates>88.2859408,24.2515687,0</coordinates>
    </Point>
  </Placemark>
  <Placemark>
    <name>J-464</name>
    <ExtendedData>
      <Data name="id"><value>J-464</value></Data>
    </ExtendedData>
    <Point>
      <coordinates>88.286574,24.2519962,0</coordinates>
    </Point>
  </Placemark>
  <Placemark>
    <name>J-465</name>
    <ExtendedData>
      <Data name="id"><value>J-465</value></Data>
    </ExtendedData>
    <Point>
      <coordinates>88.2833563,24.2535805,0</coordinates>
    </Point>
  </Placemark>
  <Placemark>
    <name>J-466</name>
    <ExtendedData>
      <Data name="id"><value>J-466</value></Data>
    </ExtendedData>
    <Point>
      <coordinates>88.2841198,24.2551365,0</coordinates>
    </Point>
  </Placemark>
  <Placemark>
    <name>J-467</name>
    <ExtendedData>
      <Data name="id"><value>J-467</value></Data>
    </ExtendedData>
    <Point>
      <coordinates>88.2843418,24.2556009,0</coordinates>
    </Point>
  </Placemark>
  <Placemark>
    <name>J-468</name>
    <ExtendedData>
      <Data name="id"><value>J-468</value></Data>
    </ExtendedData>
    <Point>
      <coordinates>88.2829559,24.2494655,0</coordinates>
    </Point>
  </Placemark>
  <Placemark>
    <name>J-469</name>
    <ExtendedData>
      <Data name="id"><value>J-469</value></Data>
    </ExtendedData>
    <Point>
      <coordinates>88.2830878,24.249258,0</coordinates>
    </Point>
  </Placemark>
  <Placemark>
    <name>J-470</name>
    <ExtendedData>
      <Data name="id"><value>J-470</value></Data>
    </ExtendedData>
    <Point>
      <coordinates>88.2831694,24.2495795,0</coordinates>
    </Point>
  </Placemark>
  <Placemark>
    <name>J-471</name>
    <ExtendedData>
      <Data name="id"><value>J-471</value></Data>
    </ExtendedData>
    <Point>
      <coordinates>88.2834398,24.2493154,0</coordinates>
    </Point>
  </Placemark>
  <Placemark>
    <name>J-472</name>
    <ExtendedData>
      <Data name="id"><value>J-472</value></Data>
    </ExtendedData>
    <Point>
      <coordinates>88.2834387,24.2497048,0</coordinates>
    </Point>
  </Placemark>
  <Placemark>
    <name>J-473</name>
    <ExtendedData>
      <Data name="id"><value>J-473</value></Data>
    </ExtendedData>
    <Point>
      <coordinates>88.2836211,24.24949,0</coordinates>
    </Point>
  </Placemark>
  <Placemark>
    <name>J-474</name>
    <ExtendedData>
      <Data name="id"><value>J-474</value></Data>
    </ExtendedData>
    <Point>
      <coordinates>88.2842103,24.2500159,0</coordinates>
    </Point>
  </Placemark>
  <Placemark>
    <name>J-475</name>
    <ExtendedData>
      <Data name="id"><value>J-475</value></Data>
    </ExtendedData>
    <Point>
      <coordinates>88.2839722,24.2504676,0</coordinates>
    </Point>
  </Placemark>
  <Placemark>
    <name>J-476</name>
    <ExtendedData>
      <Data name="id"><value>J-476</value></Data>
    </ExtendedData>
    <Point>
      <coordinates>88.2840909,24.2490223,0</coordinates>
    </Point>
  </Placemark>
  <Placemark>
    <name>J-477</name>
    <ExtendedData>
      <Data name="id"><value>J-477</value></Data>
    </ExtendedData>
    <Point>
      <coordinates>88.286775,24.2512315,0</coordinates>
    </Point>
  </Placemark>
  <Placemark>
    <name>J-478</name>
    <ExtendedData>
      <Data name="id"><value>J-478</value></Data>
    </ExtendedData>
    <Point>
      <coordinates>88.2869667,24.2512891,0</coordinates>
    </Point>
  </Placemark>
  <Placemark>
    <name>J-479</name>
    <ExtendedData>
      <Data name="id"><value>J-479</value></Data>
    </ExtendedData>
    <Point>
      <coordinates>88.2870571,24.2507981,0</coordinates>
    </Point>
  </Placemark>
  <Placemark>
    <name>J-480</name>
    <ExtendedData>
      <Data name="id"><value>J-480</value></Data>
    </ExtendedData>
    <Point>
      <coordinates>88.2870631,24.2507541,0</coordinates>
    </Point>
  </Placemark>
  <Placemark>
    <name>J-481</name>
    <ExtendedData>
      <Data name="id"><value>J-481</value></Data>
    </ExtendedData>
    <Point>
      <coordinates>88.2872583,24.2516354,0</coordinates>
    </Point>
  </Placemark>
  <Placemark>
    <name>J-482</name>
    <ExtendedData>
      <Data name="id"><value>J-482</value></Data>
    </ExtendedData>
    <Point>
      <coordinates>88.2877491,24.2513527,0</coordinates>
    </Point>
  </Placemark>
  <Placemark>
    <name>J-483</name>
    <ExtendedData>
      <Data name="id"><value>J-483</value></Data>
    </ExtendedData>
    <Point>
      <coordinates>88.2876814,24.2520263,0</coordinates>
    </Point>
  </Placemark>
  <Placemark>
    <name>J-484</name>
    <ExtendedData>
      <Data name="id"><value>J-484</value></Data>
    </ExtendedData>
    <Point>
      <coordinates>88.2872463,24.2520022,0</coordinates>
    </Point>
  </Placemark>
  <Placemark>
    <name>J-485</name>
    <ExtendedData>
      <Data name="id"><value>J-485</value></Data>
    </ExtendedData>
    <Point>
      <coordinates>88.286865,24.2517032,0</coordinates>
    </Point>
  </Placemark>
  <Placemark>
    <name>J-486</name>
    <ExtendedData>
      <Data name="id"><value>J-486</value></Data>
    </ExtendedData>
    <Point>
      <coordinates>88.2866505,24.2516883,0</coordinates>
    </Point>
  </Placemark>
  <Placemark>
    <name>J-487</name>
    <ExtendedData>
      <Data name="id"><value>J-487</value></Data>
    </ExtendedData>
    <Point>
      <coordinates>88.2868408,24.2520489,0</coordinates>
    </Point>
  </Placemark>
  <Placemark>
    <name>J-488</name>
    <ExtendedData>
      <Data name="id"><value>J-488</value></Data>
    </ExtendedData>
    <Point>
      <coordinates>88.2868627,24.2519656,0</coordinates>
    </Point>
  </Placemark>
  <Placemark>
    <name>J-489</name>
    <ExtendedData>
      <Data name="id"><value>J-489</value></Data>
    </ExtendedData>
    <Point>
      <coordinates>88.2872419,24.2520756,0</coordinates>
    </Point>
  </Placemark>
  <Placemark>
    <name>J-490</name>
    <ExtendedData>
      <Data name="id"><value>J-490</value></Data>
    </ExtendedData>
    <Point>
      <coordinates>88.287676,24.2520974,0</coordinates>
    </Point>
  </Placemark>
  <Placemark>
    <name>J-491</name>
    <ExtendedData>
      <Data name="id"><value>J-491</value></Data>
    </ExtendedData>
    <Point>
      <coordinates>88.2880638,24.252062,0</coordinates>
    </Point>
  </Placemark>
  <Placemark>
    <name>J-492</name>
    <ExtendedData>
      <Data name="id"><value>J-492</value></Data>
    </ExtendedData>
    <Point>
      <coordinates>88.2880541,24.2521333,0</coordinates>
    </Point>
  </Placemark>
  <Placemark>
    <name>J-493</name>
    <ExtendedData>
      <Data name="id"><value>J-493</value></Data>
    </ExtendedData>
    <Point>
      <coordinates>88.2880601,24.2519635,0</coordinates>
    </Point>
  </Placemark>
  <Placemark>
    <name>J-494</name>
    <ExtendedData>
      <Data name="id"><value>J-494</value></Data>
    </ExtendedData>
    <Point>
      <coordinates>88.2884867,24.252079,0</coordinates>
    </Point>
  </Placemark>
  <Placemark>
    <name>J-495</name>
    <ExtendedData>
      <Data name="id"><value>J-495</value></Data>
    </ExtendedData>
    <Point>
      <coordinates>88.2884837,24.252161,0</coordinates>
    </Point>
  </Placemark>
  <Placemark>
    <name>J-496</name>
    <ExtendedData>
      <Data name="id"><value>J-496</value></Data>
    </ExtendedData>
    <Point>
      <coordinates>88.2884947,24.2519734,0</coordinates>
    </Point>
  </Placemark>
  <Placemark>
    <name>J-497</name>
    <ExtendedData>
      <Data name="id"><value>J-497</value></Data>
    </ExtendedData>
    <Point>
      <coordinates>88.2889276,24.252097,0</coordinates>
    </Point>
  </Placemark>
  <Placemark>
    <name>J-498</name>
    <ExtendedData>
      <Data name="id"><value>J-498</value></Data>
    </ExtendedData>
    <Point>
      <coordinates>88.2889269,24.2521726,0</coordinates>
    </Point>
  </Placemark>
  <Placemark>
    <name>J-499</name>
    <ExtendedData>
      <Data name="id"><value>J-499</value></Data>
    </ExtendedData>
    <Point>
      <coordinates>88.2889536,24.2518553,0</coordinates>
    </Point>
  </Placemark>
  <Placemark>
    <name>J-500</name>
    <ExtendedData>
      <Data name="id"><value>J-500</value></Data>
    </ExtendedData>
    <Point>
      <coordinates>88.2889848,24.2514378,0</coordinates>
    </Point>
  </Placemark>
  <Placemark>
    <name>J-501</name>
    <ExtendedData>
      <Data name="id"><value>J-501</value></Data>
    </ExtendedData>
    <Point>
      <coordinates>88.2893182,24.2519102,0</coordinates>
    </Point>
  </Placemark>
  <Placemark>
    <name>J-502</name>
    <ExtendedData>
      <Data name="id"><value>J-502</value></Data>
    </ExtendedData>
    <Point>
      <coordinates>88.289286,24.2524737,0</coordinates>
    </Point>
  </Placemark>
  <Placemark>
    <name>J-503</name>
    <ExtendedData>
      <Data name="id"><value>J-503</value></Data>
    </ExtendedData>
    <Point>
      <coordinates>88.2892831,24.2521299,0</coordinates>
    </Point>
  </Placemark>
  <Placemark>
    <name>J-504</name>
    <ExtendedData>
      <Data name="id"><value>J-504</value></Data>
    </ExtendedData>
    <Point>
      <coordinates>88.2865955,24.2520501,0</coordinates>
    </Point>
  </Placemark>
  <Placemark>
    <name>J-505</name>
    <ExtendedData>
      <Data name="id"><value>J-505</value></Data>
    </ExtendedData>
    <Point>
      <coordinates>88.2878633,24.2521272,0</coordinates>
    </Point>
  </Placemark>
  <Placemark>
    <name>J-506</name>
    <ExtendedData>
      <Data name="id"><value>J-506</value></Data>
    </ExtendedData>
    <Point>
      <coordinates>88.2886957,24.2521816,0</coordinates>
    </Point>
  </Placemark>
  <Placemark>
    <name>J-507</name>
    <ExtendedData>
      <Data name="id"><value>J-507</value></Data>
    </ExtendedData>
    <Point>
      <coordinates>88.2889191,24.252193,0</coordinates>
    </Point>
  </Placemark>
  <Placemark>
    <name>J-508</name>
    <ExtendedData>
      <Data name="id"><value>J-508</value></Data>
    </ExtendedData>
    <Point>
      <coordinates>88.2897256,24.2519718,0</coordinates>
    </Point>
  </Placemark>
  <Placemark>
    <name>J-509</name>
    <ExtendedData>
      <Data name="id"><value>J-509</value></Data>
    </ExtendedData>
    <Point>
      <coordinates>88.2896939,24.2523487,0</coordinates>
    </Point>
  </Placemark>
  <Placemark>
    <name>J-510</name>
    <ExtendedData>
      <Data name="id"><value>J-510</value></Data>
    </ExtendedData>
    <Point>
      <coordinates>88.289951,24.2523792,0</coordinates>
    </Point>
  </Placemark>
  <Placemark>
    <name>J-511</name>
    <ExtendedData>
      <Data name="id"><value>J-511</value></Data>
    </ExtendedData>
    <Point>
      <coordinates>88.2896838,24.2525336,0</coordinates>
    </Point>
  </Placemark>
  <Placemark>
    <name>J-512</name>
    <ExtendedData>
      <Data name="id"><value>J-512</value></Data>
    </ExtendedData>
    <Point>
      <coordinates>88.2893241,24.2525113,0</coordinates>
    </Point>
  </Placemark>
  <Placemark>
    <name>J-513</name>
    <ExtendedData>
      <Data name="id"><value>J-513</value></Data>
    </ExtendedData>
    <Point>
      <coordinates>88.2896591,24.2528199,0</coordinates>
    </Point>
  </Placemark>
  <Placemark>
    <name>J-514</name>
    <ExtendedData>
      <Data name="id"><value>J-514</value></Data>
    </ExtendedData>
    <Point>
      <coordinates>88.2892836,24.252805,0</coordinates>
    </Point>
  </Placemark>
  <Placemark>
    <name>J-515</name>
    <ExtendedData>
      <Data name="id"><value>J-515</value></Data>
    </ExtendedData>
    <Point>
      <coordinates>88.2904651,24.2529281,0</coordinates>
    </Point>
  </Placemark>
  <Placemark>
    <name>J-516</name>
    <ExtendedData>
      <Data name="id"><value>J-516</value></Data>
    </ExtendedData>
    <Point>
      <coordinates>88.2896378,24.253116,0</coordinates>
    </Point>
  </Placemark>
  <Placemark>
    <name>J-517</name>
    <ExtendedData>
      <Data name="id"><value>J-517</value></Data>
    </ExtendedData>
    <Point>
      <coordinates>88.2892749,24.2530987,0</coordinates>
    </Point>
  </Placemark>
  <Placemark>
    <name>J-518</name>
    <ExtendedData>
      <Data name="id"><value>J-518</value></Data>
    </ExtendedData>
    <Point>
      <coordinates>88.2907545,24.2535383,0</coordinates>
    </Point>
  </Placemark>
  <Placemark>
    <name>J-519</name>
    <ExtendedData>
      <Data name="id"><value>J-519</value></Data>
    </ExtendedData>
    <Point>
      <coordinates>88.2905762,24.2542194,0</coordinates>
    </Point>
  </Placemark>
  <Placemark>
    <name>J-520</name>
    <ExtendedData>
      <Data name="id"><value>J-520</value></Data>
    </ExtendedData>
    <Point>
      <coordinates>88.2909,24.2535115,0</coordinates>
    </Point>
  </Placemark>
  <Placemark>
    <name>J-521</name>
    <ExtendedData>
      <Data name="id"><value>J-521</value></Data>
    </ExtendedData>
    <Point>
      <coordinates>88.2908818,24.2532762,0</coordinates>
    </Point>
  </Placemark>
  <Placemark>
    <name>J-522</name>
    <ExtendedData>
      <Data name="id"><value>J-522</value></Data>
    </ExtendedData>
    <Point>
      <coordinates>88.2911951,24.2529843,0</coordinates>
    </Point>
  </Placemark>
  <Placemark>
    <name>J-523</name>
    <ExtendedData>
      <Data name="id"><value>J-523</value></Data>
    </ExtendedData>
    <Point>
      <coordinates>88.2912025,24.2529156,0</coordinates>
    </Point>
  </Placemark>
  <Placemark>
    <name>J-524</name>
    <ExtendedData>
      <Data name="id"><value>J-524</value></Data>
    </ExtendedData>
    <Point>
      <coordinates>88.2908648,24.2528954,0</coordinates>
    </Point>
  </Placemark>
  <Placemark>
    <name>J-525</name>
    <ExtendedData>
      <Data name="id"><value>J-525</value></Data>
    </ExtendedData>
    <Point>
      <coordinates>88.2917863,24.2529811,0</coordinates>
    </Point>
  </Placemark>
  <Placemark>
    <name>J-526</name>
    <ExtendedData>
      <Data name="id"><value>J-526</value></Data>
    </ExtendedData>
    <Point>
      <coordinates>88.2912985,24.2525369,0</coordinates>
    </Point>
  </Placemark>
  <Placemark>
    <name>J-527</name>
    <ExtendedData>
      <Data name="id"><value>J-527</value></Data>
    </ExtendedData>
    <Point>
      <coordinates>88.2907108,24.2521183,0</coordinates>
    </Point>
  </Placemark>
  <Placemark>
    <name>J-528</name>
    <ExtendedData>
      <Data name="id"><value>J-528</value></Data>
    </ExtendedData>
    <Point>
      <coordinates>88.2912599,24.2521209,0</coordinates>
    </Point>
  </Placemark>
  <Placemark>
    <name>J-529</name>
    <ExtendedData>
      <Data name="id"><value>J-529</value></Data>
    </ExtendedData>
    <Point>
      <coordinates>88.2888678,24.2513815,0</coordinates>
    </Point>
  </Placemark>
  <Placemark>
    <name>J-530</name>
    <ExtendedData>
      <Data name="id"><value>J-530</value></Data>
    </ExtendedData>
    <Point>
      <coordinates>88.2889554,24.2510469,0</coordinates>
    </Point>
  </Placemark>
  <Placemark>
    <name>J-531</name>
    <ExtendedData>
      <Data name="id"><value>J-531</value></Data>
    </ExtendedData>
    <Point>
      <coordinates>88.2905074,24.2515884,0</coordinates>
    </Point>
  </Placemark>
  <Placemark>
    <name>J-532</name>
    <ExtendedData>
      <Data name="id"><value>J-532</value></Data>
    </ExtendedData>
    <Point>
      <coordinates>88.2906158,24.2520726,0</coordinates>
    </Point>
  </Placemark>
  <Placemark>
    <name>J-533</name>
    <ExtendedData>
      <Data name="id"><value>J-533</value></Data>
    </ExtendedData>
    <Point>
      <coordinates>88.2913094,24.2517608,0</coordinates>
    </Point>
  </Placemark>
  <Placemark>
    <name>J-534</name>
    <ExtendedData>
      <Data name="id"><value>J-534</value></Data>
    </ExtendedData>
    <Point>
      <coordinates>88.2913059,24.2525036,0</coordinates>
    </Point>
  </Placemark>
  <Placemark>
    <name>J-535</name>
    <ExtendedData>
      <Data name="id"><value>J-535</value></Data>
    </ExtendedData>
    <Point>
      <coordinates>88.2934014,24.2520388,0</coordinates>
    </Point>
  </Placemark>
  <Placemark>
    <name>J-536</name>
    <ExtendedData>
      <Data name="id"><value>J-536</value></Data>
    </ExtendedData>
    <Point>
      <coordinates>88.2934521,24.2526466,0</coordinates>
    </Point>
  </Placemark>
  <Placemark>
    <name>J-537</name>
    <ExtendedData>
      <Data name="id"><value>J-537</value></Data>
    </ExtendedData>
    <Point>
      <coordinates>88.2917351,24.2524646,0</coordinates>
    </Point>
  </Placemark>
  <Placemark>
    <name>J-538</name>
    <ExtendedData>
      <Data name="id"><value>J-538</value></Data>
    </ExtendedData>
    <Point>
      <coordinates>88.2918271,24.2529665,0</coordinates>
    </Point>
  </Placemark>
  <Placemark>
    <name>J-539</name>
    <ExtendedData>
      <Data name="id"><value>J-539</value></Data>
    </ExtendedData>
    <Point>
      <coordinates>88.2913291,24.2525145,0</coordinates>
    </Point>
  </Placemark>
  <Placemark>
    <name>J-540</name>
    <ExtendedData>
      <Data name="id"><value>J-540</value></Data>
    </ExtendedData>
    <Point>
      <coordinates>88.2934088,24.2529192,0</coordinates>
    </Point>
  </Placemark>
  <Placemark>
    <name>J-541</name>
    <ExtendedData>
      <Data name="id"><value>J-541</value></Data>
    </ExtendedData>
    <Point>
      <coordinates>88.2922766,24.2529658,0</coordinates>
    </Point>
  </Placemark>
  <Placemark>
    <name>J-542</name>
    <ExtendedData>
      <Data name="id"><value>J-542</value></Data>
    </ExtendedData>
    <Point>
      <coordinates>88.2918672,24.2529762,0</coordinates>
    </Point>
  </Placemark>
  <Placemark>
    <name>J-543</name>
    <ExtendedData>
      <Data name="id"><value>J-543</value></Data>
    </ExtendedData>
    <Point>
      <coordinates>88.2933472,24.253323,0</coordinates>
    </Point>
  </Placemark>
  <Placemark>
    <name>J-544</name>
    <ExtendedData>
      <Data name="id"><value>J-544</value></Data>
    </ExtendedData>
    <Point>
      <coordinates>88.2938338,24.2526663,0</coordinates>
    </Point>
  </Placemark>
  <Placemark>
    <name>J-545</name>
    <ExtendedData>
      <Data name="id"><value>J-545</value></Data>
    </ExtendedData>
    <Point>
      <coordinates>88.2937915,24.2520792,0</coordinates>
    </Point>
  </Placemark>
  <Placemark>
    <name>J-546</name>
    <ExtendedData>
      <Data name="id"><value>J-546</value></Data>
    </ExtendedData>
    <Point>
      <coordinates>88.294103,24.252683,0</coordinates>
    </Point>
  </Placemark>
  <Placemark>
    <name>J-547</name>
    <ExtendedData>
      <Data name="id"><value>J-547</value></Data>
    </ExtendedData>
    <Point>
      <coordinates>88.2940955,24.2529408,0</coordinates>
    </Point>
  </Placemark>
  <Placemark>
    <name>J-548</name>
    <ExtendedData>
      <Data name="id"><value>J-548</value></Data>
    </ExtendedData>
    <Point>
      <coordinates>88.2945085,24.2527167,0</coordinates>
    </Point>
  </Placemark>
  <Placemark>
    <name>J-549</name>
    <ExtendedData>
      <Data name="id"><value>J-549</value></Data>
    </ExtendedData>
    <Point>
      <coordinates>88.2944981,24.25294,0</coordinates>
    </Point>
  </Placemark>
  <Placemark>
    <name>J-550</name>
    <ExtendedData>
      <Data name="id"><value>J-550</value></Data>
    </ExtendedData>
    <Point>
      <coordinates>88.2951508,24.2527334,0</coordinates>
    </Point>
  </Placemark>
  <Placemark>
    <name>J-551</name>
    <ExtendedData>
      <Data name="id"><value>J-551</value></Data>
    </ExtendedData>
    <Point>
      <coordinates>88.295125,24.252933,0</coordinates>
    </Point>
  </Placemark>
  <Placemark>
    <name>J-552</name>
    <ExtendedData>
      <Data name="id"><value>J-552</value></Data>
    </ExtendedData>
    <Point>
      <coordinates>88.2953834,24.2527314,0</coordinates>
    </Point>
  </Placemark>
  <Placemark>
    <name>J-553</name>
    <ExtendedData>
      <Data name="id"><value>J-553</value></Data>
    </ExtendedData>
    <Point>
      <coordinates>88.2949202,24.252285,0</coordinates>
    </Point>
  </Placemark>
  <Placemark>
    <name>J-554</name>
    <ExtendedData>
      <Data name="id"><value>J-554</value></Data>
    </ExtendedData>
    <Point>
      <coordinates>88.2948442,24.2527046,0</coordinates>
    </Point>
  </Placemark>
  <Placemark>
    <name>J-555</name>
    <ExtendedData>
      <Data name="id"><value>J-555</value></Data>
    </ExtendedData>
    <Point>
      <coordinates>88.2955444,24.2527711,0</coordinates>
    </Point>
  </Placemark>
  <Placemark>
    <name>J-556</name>
    <ExtendedData>
      <Data name="id"><value>J-556</value></Data>
    </ExtendedData>
    <Point>
      <coordinates>88.2958426,24.2528146,0</coordinates>
    </Point>
  </Placemark>
  <Placemark>
    <name>J-557</name>
    <ExtendedData>
      <Data name="id"><value>J-557</value></Data>
    </ExtendedData>
    <Point>
      <coordinates>88.2865669,24.2523207,0</coordinates>
    </Point>
  </Placemark>
  <Placemark>
    <name>J-558</name>
    <ExtendedData>
      <Data name="id"><value>J-558</value></Data>
    </ExtendedData>
    <Point>
      <coordinates>88.2868159,24.2523295,0</coordinates>
    </Point>
  </Placemark>
  <Placemark>
    <name>J-559</name>
    <ExtendedData>
      <Data name="id"><value>J-559</value></Data>
    </ExtendedData>
    <Point>
      <coordinates>88.2872391,24.2523766,0</coordinates>
    </Point>
  </Placemark>
  <Placemark>
    <name>J-560</name>
    <ExtendedData>
      <Data name="id"><value>J-560</value></Data>
    </ExtendedData>
    <Point>
      <coordinates>88.287658,24.2523984,0</coordinates>
    </Point>
  </Placemark>
  <Placemark>
    <name>J-561</name>
    <ExtendedData>
      <Data name="id"><value>J-561</value></Data>
    </ExtendedData>
    <Point>
      <coordinates>88.2880454,24.2524205,0</coordinates>
    </Point>
  </Placemark>
  <Placemark>
    <name>J-562</name>
    <ExtendedData>
      <Data name="id"><value>J-562</value></Data>
    </ExtendedData>
    <Point>
      <coordinates>88.2884684,24.2524567,0</coordinates>
    </Point>
  </Placemark>
  <Placemark>
    <name>J-563</name>
    <ExtendedData>
      <Data name="id"><value>J-563</value></Data>
    </ExtendedData>
    <Point>
      <coordinates>88.2888993,24.2524821,0</coordinates>
    </Point>
  </Placemark>
  <Placemark>
    <name>J-564</name>
    <ExtendedData>
      <Data name="id"><value>J-564</value></Data>
    </ExtendedData>
    <Point>
      <coordinates>88.2892605,24.2525031,0</coordinates>
    </Point>
  </Placemark>
  <Placemark>
    <name>J-565</name>
    <ExtendedData>
      <Data name="id"><value>J-565</value></Data>
    </ExtendedData>
    <Point>
      <coordinates>88.2868375,24.2520948,0</coordinates>
    </Point>
  </Placemark>
  <Placemark>
    <name>J-566</name>
    <ExtendedData>
      <Data name="id"><value>J-566</value></Data>
    </ExtendedData>
    <Point>
      <coordinates>88.2872402,24.2521174,0</coordinates>
    </Point>
  </Placemark>
  <Placemark>
    <name>J-567</name>
    <ExtendedData>
      <Data name="id"><value>J-567</value></Data>
    </ExtendedData>
    <Point>
      <coordinates>88.2876753,24.2521341,0</coordinates>
    </Point>
  </Placemark>
  <Placemark>
    <name>J-568</name>
    <ExtendedData>
      <Data name="id"><value>J-568</value></Data>
    </ExtendedData>
    <Point>
      <coordinates>88.2880578,24.2521605,0</coordinates>
    </Point>
  </Placemark>
  <Placemark>
    <name>J-569</name>
    <ExtendedData>
      <Data name="id"><value>J-569</value></Data>
    </ExtendedData>
    <Point>
      <coordinates>88.2884849,24.2521977,0</coordinates>
    </Point>
  </Placemark>
  <Placemark>
    <name>J-570</name>
    <ExtendedData>
      <Data name="id"><value>J-570</value></Data>
    </ExtendedData>
    <Point>
      <coordinates>88.2889221,24.2522218,0</coordinates>
    </Point>
  </Placemark>
  <Placemark>
    <name>J-571</name>
    <ExtendedData>
      <Data name="id"><value>J-571</value></Data>
    </ExtendedData>
    <Point>
      <coordinates>88.2868073,24.2528845,0</coordinates>
    </Point>
  </Placemark>
  <Placemark>
    <name>J-572</name>
    <ExtendedData>
      <Data name="id"><value>J-572</value></Data>
    </ExtendedData>
    <Point>
      <coordinates>88.2872178,24.252917,0</coordinates>
    </Point>
  </Placemark>
  <Placemark>
    <name>J-573</name>
    <ExtendedData>
      <Data name="id"><value>J-573</value></Data>
    </ExtendedData>
    <Point>
      <coordinates>88.2876338,24.2529499,0</coordinates>
    </Point>
  </Placemark>
  <Placemark>
    <name>J-574</name>
    <ExtendedData>
      <Data name="id"><value>J-574</value></Data>
    </ExtendedData>
    <Point>
      <coordinates>88.2880277,24.2529786,0</coordinates>
    </Point>
  </Placemark>
  <Placemark>
    <name>J-575</name>
    <ExtendedData>
      <Data name="id"><value>J-575</value></Data>
    </ExtendedData>
    <Point>
      <coordinates>88.2884409,24.2530142,0</coordinates>
    </Point>
  </Placemark>
  <Placemark>
    <name>J-576</name>
    <ExtendedData>
      <Data name="id"><value>J-576</value></Data>
    </ExtendedData>
    <Point>
      <coordinates>88.2864959,24.2528775,0</coordinates>
    </Point>
  </Placemark>
  <Placemark>
    <name>J-577</name>
    <ExtendedData>
      <Data name="id"><value>J-577</value></Data>
    </ExtendedData>
    <Point>
      <coordinates>88.2877997,24.2529842,0</coordinates>
    </Point>
  </Placemark>
  <Placemark>
    <name>J-578</name>
    <ExtendedData>
      <Data name="id"><value>J-578</value></Data>
    </ExtendedData>
    <Point>
      <coordinates>88.2888555,24.2530715,0</coordinates>
    </Point>
  </Placemark>
  <Placemark>
    <name>J-579</name>
    <ExtendedData>
      <Data name="id"><value>J-579</value></Data>
    </ExtendedData>
    <Point>
      <coordinates>88.2892502,24.2530977,0</coordinates>
    </Point>
  </Placemark>
  <Placemark>
    <name>J-580</name>
    <ExtendedData>
      <Data name="id"><value>J-580</value></Data>
    </ExtendedData>
    <Point>
      <coordinates>88.2889,24.2525183,0</coordinates>
    </Point>
  </Placemark>
  <Placemark>
    <name>J-581</name>
    <ExtendedData>
      <Data name="id"><value>J-581</value></Data>
    </ExtendedData>
    <Point>
      <coordinates>88.2892824,24.2525237,0</coordinates>
    </Point>
  </Placemark>
  <Placemark>
    <name>J-582</name>
    <ExtendedData>
      <Data name="id"><value>J-582</value></Data>
    </ExtendedData>
    <Point>
      <coordinates>88.2892133,24.2536364,0</coordinates>
    </Point>
  </Placemark>
  <Placemark>
    <name>J-583</name>
    <ExtendedData>
      <Data name="id"><value>J-583</value></Data>
    </ExtendedData>
    <Point>
      <coordinates>88.2864014,24.253535,0</coordinates>
    </Point>
  </Placemark>
  <Placemark>
    <name>J-584</name>
    <ExtendedData>
      <Data name="id"><value>J-584</value></Data>
    </ExtendedData>
    <Point>
      <coordinates>88.2867285,24.253559,0</coordinates>
    </Point>
  </Placemark>
  <Placemark>
    <name>J-585</name>
    <ExtendedData>
      <Data name="id"><value>J-585</value></Data>
    </ExtendedData>
    <Point>
      <coordinates>88.2867758,24.2529209,0</coordinates>
    </Point>
  </Placemark>
  <Placemark>
    <name>J-586</name>
    <ExtendedData>
      <Data name="id"><value>J-586</value></Data>
    </ExtendedData>
    <Point>
      <coordinates>88.2867189,24.2538571,0</coordinates>
    </Point>
  </Placemark>
  <Placemark>
    <name>J-587</name>
    <ExtendedData>
      <Data name="id"><value>J-587</value></Data>
    </ExtendedData>
    <Point>
      <coordinates>88.2871564,24.2535958,0</coordinates>
    </Point>
  </Placemark>
  <Placemark>
    <name>J-588</name>
    <ExtendedData>
      <Data name="id"><value>J-588</value></Data>
    </ExtendedData>
    <Point>
      <coordinates>88.2872097,24.2529554,0</coordinates>
    </Point>
  </Placemark>
  <Placemark>
    <name>J-589</name>
    <ExtendedData>
      <Data name="id"><value>J-589</value></Data>
    </ExtendedData>
    <Point>
      <coordinates>88.2871282,24.2538973,0</coordinates>
    </Point>
  </Placemark>
  <Placemark>
    <name>J-590</name>
    <ExtendedData>
      <Data name="id"><value>J-590</value></Data>
    </ExtendedData>
    <Point>
      <coordinates>88.2875604,24.2536272,0</coordinates>
    </Point>
  </Placemark>
  <Placemark>
    <name>J-591</name>
    <ExtendedData>
      <Data name="id"><value>J-591</value></Data>
    </ExtendedData>
    <Point>
      <coordinates>88.2875533,24.2539194,0</coordinates>
    </Point>
  </Placemark>
  <Placemark>
    <name>J-592</name>
    <ExtendedData>
      <Data name="id"><value>J-592</value></Data>
    </ExtendedData>
    <Point>
      <coordinates>88.2875818,24.2531861,0</coordinates>
    </Point>
  </Placemark>
  <Placemark>
    <name>J-593</name>
    <ExtendedData>
      <Data name="id"><value>J-593</value></Data>
    </ExtendedData>
    <Point>
      <coordinates>88.287595,24.2529891,0</coordinates>
    </Point>
  </Placemark>
  <Placemark>
    <name>J-594</name>
    <ExtendedData>
      <Data name="id"><value>J-594</value></Data>
    </ExtendedData>
    <Point>
      <coordinates>88.2879841,24.2532059,0</coordinates>
    </Point>
  </Placemark>
  <Placemark>
    <name>J-595</name>
    <ExtendedData>
      <Data name="id"><value>J-595</value></Data>
    </ExtendedData>
    <Point>
      <coordinates>88.287958,24.2536281,0</coordinates>
    </Point>
  </Placemark>
  <Placemark>
    <name>J-596</name>
    <ExtendedData>
      <Data name="id"><value>J-596</value></Data>
    </ExtendedData>
    <Point>
      <coordinates>88.2879923,24.2530274,0</coordinates>
    </Point>
  </Placemark>
  <Placemark>
    <name>J-597</name>
    <ExtendedData>
      <Data name="id"><value>J-597</value></Data>
    </ExtendedData>
    <Point>
      <coordinates>88.2883964,24.2532303,0</coordinates>
    </Point>
  </Placemark>
  <Placemark>
    <name>J-598</name>
    <ExtendedData>
      <Data name="id"><value>J-598</value></Data>
    </ExtendedData>
    <Point>
      <coordinates>88.2884024,24.2530522,0</coordinates>
    </Point>
  </Placemark>
  <Placemark>
    <name>J-599</name>
    <ExtendedData>
      <Data name="id"><value>J-599</value></Data>
    </ExtendedData>
    <Point>
      <coordinates>88.2888049,24.2536028,0</coordinates>
    </Point>
  </Placemark>
  <Placemark>
    <name>J-600</name>
    <ExtendedData>
      <Data name="id"><value>J-600</value></Data>
    </ExtendedData>
    <Point>
      <coordinates>88.2888416,24.2532269,0</coordinates>
    </Point>
  </Placemark>
  <Placemark>
    <name>J-601</name>
    <ExtendedData>
      <Data name="id"><value>J-601</value></Data>
    </ExtendedData>
    <Point>
      <coordinates>88.2883775,24.2535879,0</coordinates>
    </Point>
  </Placemark>
  <Placemark>
    <name>J-602</name>
    <ExtendedData>
      <Data name="id"><value>J-602</value></Data>
    </ExtendedData>
    <Point>
      <coordinates>88.2887782,24.2540124,0</coordinates>
    </Point>
  </Placemark>
  <Placemark>
    <name>J-603</name>
    <ExtendedData>
      <Data name="id"><value>J-603</value></Data>
    </ExtendedData>
    <Point>
      <coordinates>88.2883629,24.2539725,0</coordinates>
    </Point>
  </Placemark>
  <Placemark>
    <name>J-604</name>
    <ExtendedData>
      <Data name="id"><value>J-604</value></Data>
    </ExtendedData>
    <Point>
      <coordinates>88.2879526,24.253947,0</coordinates>
    </Point>
  </Placemark>
  <Placemark>
    <name>J-605</name>
    <ExtendedData>
      <Data name="id"><value>J-605</value></Data>
    </ExtendedData>
    <Point>
      <coordinates>88.2863541,24.2538486,0</coordinates>
    </Point>
  </Placemark>
  <Placemark>
    <name>J-606</name>
    <ExtendedData>
      <Data name="id"><value>J-606</value></Data>
    </ExtendedData>
    <Point>
      <coordinates>88.2891675,24.2540686,0</coordinates>
    </Point>
  </Placemark>
  <Placemark>
    <name>J-607</name>
    <ExtendedData>
      <Data name="id"><value>J-607</value></Data>
    </ExtendedData>
    <Point>
      <coordinates>88.2892162,24.2536645,0</coordinates>
    </Point>
  </Placemark>
  <Placemark>
    <name>J-608</name>
    <ExtendedData>
      <Data name="id"><value>J-608</value></Data>
    </ExtendedData>
    <Point>
      <coordinates>88.2891553,24.2546107,0</coordinates>
    </Point>
  </Placemark>
  <Placemark>
    <name>J-609</name>
    <ExtendedData>
      <Data name="id"><value>J-609</value></Data>
    </ExtendedData>
    <Point>
      <coordinates>88.2891396,24.2549581,0</coordinates>
    </Point>
  </Placemark>
  <Placemark>
    <name>J-610</name>
    <ExtendedData>
      <Data name="id"><value>J-610</value></Data>
    </ExtendedData>
    <Point>
      <coordinates>88.2887173,24.2545882,0</coordinates>
    </Point>
  </Placemark>
  <Placemark>
    <name>J-611</name>
    <ExtendedData>
      <Data name="id"><value>J-611</value></Data>
    </ExtendedData>
    <Point>
      <coordinates>88.2887085,24.2549846,0</coordinates>
    </Point>
  </Placemark>
  <Placemark>
    <name>J-612</name>
    <ExtendedData>
      <Data name="id"><value>J-612</value></Data>
    </ExtendedData>
    <Point>
      <coordinates>88.2887355,24.2540478,0</coordinates>
    </Point>
  </Placemark>
  <Placemark>
    <name>J-613</name>
    <ExtendedData>
      <Data name="id"><value>J-613</value></Data>
    </ExtendedData>
    <Point>
      <coordinates>88.2899937,24.2541698,0</coordinates>
    </Point>
  </Placemark>
  <Placemark>
    <name>J-614</name>
    <ExtendedData>
      <Data name="id"><value>J-614</value></Data>
    </ExtendedData>
    <Point>
      <coordinates>88.2899184,24.2549503,0</coordinates>
    </Point>
  </Placemark>
  <Placemark>
    <name>J-615</name>
    <ExtendedData>
      <Data name="id"><value>J-615</value></Data>
    </ExtendedData>
    <Point>
      <coordinates>88.2905698,24.2542511,0</coordinates>
    </Point>
  </Placemark>
  <Placemark>
    <name>J-616</name>
    <ExtendedData>
      <Data name="id"><value>J-616</value></Data>
    </ExtendedData>
    <Point>
      <coordinates>88.2905603,24.254302,0</coordinates>
    </Point>
  </Placemark>
  <Placemark>
    <name>J-617</name>
    <ExtendedData>
      <Data name="id"><value>J-617</value></Data>
    </ExtendedData>
    <Point>
      <coordinates>88.2919795,24.2544508,0</coordinates>
    </Point>
  </Placemark>
  <Placemark>
    <name>J-618</name>
    <ExtendedData>
      <Data name="id"><value>J-618</value></Data>
    </ExtendedData>
    <Point>
      <coordinates>88.2919329,24.2548043,0</coordinates>
    </Point>
  </Placemark>
  <Placemark>
    <name>J-619</name>
    <ExtendedData>
      <Data name="id"><value>J-619</value></Data>
    </ExtendedData>
    <Point>
      <coordinates>88.2926082,24.2542061,0</coordinates>
    </Point>
  </Placemark>
  <Placemark>
    <name>J-620</name>
    <ExtendedData>
      <Data name="id"><value>J-620</value></Data>
    </ExtendedData>
    <Point>
      <coordinates>88.293075,24.2542749,0</coordinates>
    </Point>
  </Placemark>
  <Placemark>
    <name>J-621</name>
    <ExtendedData>
      <Data name="id"><value>J-621</value></Data>
    </ExtendedData>
    <Point>
      <coordinates>88.2904496,24.2550467,0</coordinates>
    </Point>
  </Placemark>
  <Placemark>
    <name>J-622</name>
    <ExtendedData>
      <Data name="id"><value>J-622</value></Data>
    </ExtendedData>
    <Point>
      <coordinates>88.2912496,24.2551456,0</coordinates>
    </Point>
  </Placemark>
  <Placemark>
    <name>J-623</name>
    <ExtendedData>
      <Data name="id"><value>J-623</value></Data>
    </ExtendedData>
    <Point>
      <coordinates>88.2903846,24.2555434,0</coordinates>
    </Point>
  </Placemark>
  <Placemark>
    <name>J-624</name>
    <ExtendedData>
      <Data name="id"><value>J-624</value></Data>
    </ExtendedData>
    <Point>
      <coordinates>88.2908299,24.2555785,0</coordinates>
    </Point>
  </Placemark>
  <Placemark>
    <name>J-625</name>
    <ExtendedData>
      <Data name="id"><value>J-625</value></Data>
    </ExtendedData>
    <Point>
      <coordinates>88.29034,24.2558976,0</coordinates>
    </Point>
  </Placemark>
  <Placemark>
    <name>J-626</name>
    <ExtendedData>
      <Data name="id"><value>J-626</value></Data>
    </ExtendedData>
    <Point>
      <coordinates>88.2928626,24.2560278,0</coordinates>
    </Point>
  </Placemark>
  <Placemark>
    <name>J-627</name>
    <ExtendedData>
      <Data name="id"><value>J-627</value></Data>
    </ExtendedData>
    <Point>
      <coordinates>88.2942683,24.256509,0</coordinates>
    </Point>
  </Placemark>
  <Placemark>
    <name>J-628</name>
    <ExtendedData>
      <Data name="id"><value>J-628</value></Data>
    </ExtendedData>
    <Point>
      <coordinates>88.2941798,24.2567555,0</coordinates>
    </Point>
  </Placemark>
  <Placemark>
    <name>J-629</name>
    <ExtendedData>
      <Data name="id"><value>J-629</value></Data>
    </ExtendedData>
    <Point>
      <coordinates>88.2946542,24.2566634,0</coordinates>
    </Point>
  </Placemark>
  <Placemark>
    <name>J-630</name>
    <ExtendedData>
      <Data name="id"><value>J-630</value></Data>
    </ExtendedData>
    <Point>
      <coordinates>88.2943596,24.2562068,0</coordinates>
    </Point>
  </Placemark>
  <Placemark>
    <name>J-631</name>
    <ExtendedData>
      <Data name="id"><value>J-631</value></Data>
    </ExtendedData>
    <Point>
      <coordinates>88.2947551,24.2563055,0</coordinates>
    </Point>
  </Placemark>
  <Placemark>
    <name>J-632</name>
    <ExtendedData>
      <Data name="id"><value>J-632</value></Data>
    </ExtendedData>
    <Point>
      <coordinates>88.2950416,24.2553844,0</coordinates>
    </Point>
  </Placemark>
  <Placemark>
    <name>J-633</name>
    <ExtendedData>
      <Data name="id"><value>J-633</value></Data>
    </ExtendedData>
    <Point>
      <coordinates>88.2951656,24.2543655,0</coordinates>
    </Point>
  </Placemark>
  <Placemark>
    <name>J-634</name>
    <ExtendedData>
      <Data name="id"><value>J-634</value></Data>
    </ExtendedData>
    <Point>
      <coordinates>88.2952494,24.2540533,0</coordinates>
    </Point>
  </Placemark>
  <Placemark>
    <name>J-635</name>
    <ExtendedData>
      <Data name="id"><value>J-635</value></Data>
    </ExtendedData>
    <Point>
      <coordinates>88.2902553,24.2570579,0</coordinates>
    </Point>
  </Placemark>
  <Placemark>
    <name>J-636</name>
    <ExtendedData>
      <Data name="id"><value>J-636</value></Data>
    </ExtendedData>
    <Point>
      <coordinates>88.2899263,24.2593187,0</coordinates>
    </Point>
  </Placemark>
  <Placemark>
    <name>J-637</name>
    <ExtendedData>
      <Data name="id"><value>J-637</value></Data>
    </ExtendedData>
    <Point>
      <coordinates>88.2898583,24.260376,0</coordinates>
    </Point>
  </Placemark>
  <Placemark>
    <name>J-638</name>
    <ExtendedData>
      <Data name="id"><value>J-638</value></Data>
    </ExtendedData>
    <Point>
      <coordinates>88.2863528,24.2595283,0</coordinates>
    </Point>
  </Placemark>
  <Placemark>
    <name>J-639</name>
    <ExtendedData>
      <Data name="id"><value>J-639</value></Data>
    </ExtendedData>
    <Point>
      <coordinates>88.2861306,24.2589218,0</coordinates>
    </Point>
  </Placemark>
  <Placemark>
    <name>J-640</name>
    <ExtendedData>
      <Data name="id"><value>J-640</value></Data>
    </ExtendedData>
    <Point>
      <coordinates>88.2863336,24.2539238,0</coordinates>
    </Point>
  </Placemark>
  <Placemark>
    <name>J-641</name>
    <ExtendedData>
      <Data name="id"><value>J-641</value></Data>
    </ExtendedData>
    <Point>
      <coordinates>88.2846323,24.2537931,0</coordinates>
    </Point>
  </Placemark>
  <Placemark>
    <name>J-642</name>
    <ExtendedData>
      <Data name="id"><value>J-642</value></Data>
    </ExtendedData>
    <Point>
      <coordinates>88.2863067,24.2542185,0</coordinates>
    </Point>
  </Placemark>
  <Placemark>
    <name>J-643</name>
    <ExtendedData>
      <Data name="id"><value>J-643</value></Data>
    </ExtendedData>
    <Point>
      <coordinates>88.2867007,24.254229,0</coordinates>
    </Point>
  </Placemark>
  <Placemark>
    <name>J-644</name>
    <ExtendedData>
      <Data name="id"><value>J-644</value></Data>
    </ExtendedData>
    <Point>
      <coordinates>88.287108,24.2542534,0</coordinates>
    </Point>
  </Placemark>
  <Placemark>
    <name>J-645</name>
    <ExtendedData>
      <Data name="id"><value>J-645</value></Data>
    </ExtendedData>
    <Point>
      <coordinates>88.2875302,24.2542637,0</coordinates>
    </Point>
  </Placemark>
  <Placemark>
    <name>J-646</name>
    <ExtendedData>
      <Data name="id"><value>J-646</value></Data>
    </ExtendedData>
    <Point>
      <coordinates>88.2875522,24.2539697,0</coordinates>
    </Point>
  </Placemark>
  <Placemark>
    <name>J-647</name>
    <ExtendedData>
      <Data name="id"><value>J-647</value></Data>
    </ExtendedData>
    <Point>
      <coordinates>88.287127,24.2539339,0</coordinates>
    </Point>
  </Placemark>
  <Placemark>
    <name>J-648</name>
    <ExtendedData>
      <Data name="id"><value>J-648</value></Data>
    </ExtendedData>
    <Point>
      <coordinates>88.2867196,24.253898,0</coordinates>
    </Point>
  </Placemark>
  <Placemark>
    <name>J-649</name>
    <ExtendedData>
      <Data name="id"><value>J-649</value></Data>
    </ExtendedData>
    <Point>
      <coordinates>88.2866622,24.2549163,0</coordinates>
    </Point>
  </Placemark>
  <Placemark>
    <name>J-650</name>
    <ExtendedData>
      <Data name="id"><value>J-650</value></Data>
    </ExtendedData>
    <Point>
      <coordinates>88.2870846,24.2549313,0</coordinates>
    </Point>
  </Placemark>
  <Placemark>
    <name>J-651</name>
    <ExtendedData>
      <Data name="id"><value>J-651</value></Data>
    </ExtendedData>
    <Point>
      <coordinates>88.2875257,24.2545474,0</coordinates>
    </Point>
  </Placemark>
  <Placemark>
    <name>J-652</name>
    <ExtendedData>
      <Data name="id"><value>J-652</value></Data>
    </ExtendedData>
    <Point>
      <coordinates>88.287489,24.2549186,0</coordinates>
    </Point>
  </Placemark>
  <Placemark>
    <name>J-653</name>
    <ExtendedData>
      <Data name="id"><value>J-653</value></Data>
    </ExtendedData>
    <Point>
      <coordinates>88.2862336,24.254938,0</coordinates>
    </Point>
  </Placemark>
  <Placemark>
    <name>J-654</name>
    <ExtendedData>
      <Data name="id"><value>J-654</value></Data>
    </ExtendedData>
    <Point>
      <coordinates>88.2880932,24.2549778,0</coordinates>
    </Point>
  </Placemark>
  <Placemark>
    <name>J-655</name>
    <ExtendedData>
      <Data name="id"><value>J-655</value></Data>
    </ExtendedData>
    <Point>
      <coordinates>88.2894785,24.2549719,0</coordinates>
    </Point>
  </Placemark>
  <Placemark>
    <name>J-656</name>
    <ExtendedData>
      <Data name="id"><value>J-656</value></Data>
    </ExtendedData>
    <Point>
      <coordinates>88.2904438,24.2549623,0</coordinates>
    </Point>
  </Placemark>
  <Placemark>
    <name>J-657</name>
    <ExtendedData>
      <Data name="id"><value>J-657</value></Data>
    </ExtendedData>
    <Point>
      <coordinates>88.2861803,24.2558103,0</coordinates>
    </Point>
  </Placemark>
  <Placemark>
    <name>J-658</name>
    <ExtendedData>
      <Data name="id"><value>J-658</value></Data>
    </ExtendedData>
    <Point>
      <coordinates>88.2866075,24.2558113,0</coordinates>
    </Point>
  </Placemark>
  <Placemark>
    <name>J-659</name>
    <ExtendedData>
      <Data name="id"><value>J-659</value></Data>
    </ExtendedData>
    <Point>
      <coordinates>88.2866624,24.2549764,0</coordinates>
    </Point>
  </Placemark>
  <Placemark>
    <name>J-660</name>
    <ExtendedData>
      <Data name="id"><value>J-660</value></Data>
    </ExtendedData>
    <Point>
      <coordinates>88.2870325,24.2558309,0</coordinates>
    </Point>
  </Placemark>
  <Placemark>
    <name>J-661</name>
    <ExtendedData>
      <Data name="id"><value>J-661</value></Data>
    </ExtendedData>
    <Point>
      <coordinates>88.2870744,24.2549706,0</coordinates>
    </Point>
  </Placemark>
  <Placemark>
    <name>J-662</name>
    <ExtendedData>
      <Data name="id"><value>J-662</value></Data>
    </ExtendedData>
    <Point>
      <coordinates>88.2874724,24.2558272,0</coordinates>
    </Point>
  </Placemark>
  <Placemark>
    <name>J-663</name>
    <ExtendedData>
      <Data name="id"><value>J-663</value></Data>
    </ExtendedData>
    <Point>
      <coordinates>88.2874867,24.2549676,0</coordinates>
    </Point>
  </Placemark>
  <Placemark>
    <name>J-664</name>
    <ExtendedData>
      <Data name="id"><value>J-664</value></Data>
    </ExtendedData>
    <Point>
      <coordinates>88.2878539,24.255837,0</coordinates>
    </Point>
  </Placemark>
  <Placemark>
    <name>J-665</name>
    <ExtendedData>
      <Data name="id"><value>J-665</value></Data>
    </ExtendedData>
    <Point>
      <coordinates>88.2878915,24.25498,0</coordinates>
    </Point>
  </Placemark>
  <Placemark>
    <name>J-666</name>
    <ExtendedData>
      <Data name="id"><value>J-666</value></Data>
    </ExtendedData>
    <Point>
      <coordinates>88.2882874,24.255846,0</coordinates>
    </Point>
  </Placemark>
  <Placemark>
    <name>J-667</name>
    <ExtendedData>
      <Data name="id"><value>J-667</value></Data>
    </ExtendedData>
    <Point>
      <coordinates>88.2884663,24.2564067,0</coordinates>
    </Point>
  </Placemark>
  <Placemark>
    <name>J-668</name>
    <ExtendedData>
      <Data name="id"><value>J-668</value></Data>
    </ExtendedData>
    <Point>
      <coordinates>88.28735,24.2564112,0</coordinates>
    </Point>
  </Placemark>
  <Placemark>
    <name>J-669</name>
    <ExtendedData>
      <Data name="id"><value>J-669</value></Data>
    </ExtendedData>
    <Point>
      <coordinates>88.2884401,24.2564114,0</coordinates>
    </Point>
  </Placemark>
  <Placemark>
    <name>J-670</name>
    <ExtendedData>
      <Data name="id"><value>J-670</value></Data>
    </ExtendedData>
    <Point>
      <coordinates>88.2883117,24.255006,0</coordinates>
    </Point>
  </Placemark>
  <Placemark>
    <name>J-671</name>
    <ExtendedData>
      <Data name="id"><value>J-671</value></Data>
    </ExtendedData>
    <Point>
      <coordinates>88.2895246,24.2558822,0</coordinates>
    </Point>
  </Placemark>
  <Placemark>
    <name>J-672</name>
    <ExtendedData>
      <Data name="id"><value>J-672</value></Data>
    </ExtendedData>
    <Point>
      <coordinates>88.289084,24.2558612,0</coordinates>
    </Point>
  </Placemark>
  <Placemark>
    <name>J-673</name>
    <ExtendedData>
      <Data name="id"><value>J-673</value></Data>
    </ExtendedData>
    <Point>
      <coordinates>88.2894805,24.2558726,0</coordinates>
    </Point>
  </Placemark>
  <Placemark>
    <name>J-674</name>
    <ExtendedData>
      <Data name="id"><value>J-674</value></Data>
    </ExtendedData>
    <Point>
      <coordinates>88.2891003,24.255377,0</coordinates>
    </Point>
  </Placemark>
  <Placemark>
    <name>J-675</name>
    <ExtendedData>
      <Data name="id"><value>J-675</value></Data>
    </ExtendedData>
    <Point>
      <coordinates>88.2894974,24.2558446,0</coordinates>
    </Point>
  </Placemark>
  <Placemark>
    <name>J-676</name>
    <ExtendedData>
      <Data name="id"><value>J-676</value></Data>
    </ExtendedData>
    <Point>
      <coordinates>88.2889711,24.255009,0</coordinates>
    </Point>
  </Placemark>
  <Placemark>
    <name>J-677</name>
    <ExtendedData>
      <Data name="id"><value>J-677</value></Data>
    </ExtendedData>
    <Point>
      <coordinates>88.2886726,24.2558252,0</coordinates>
    </Point>
  </Placemark>
  <Placemark>
    <name>J-678</name>
    <ExtendedData>
      <Data name="id"><value>J-678</value></Data>
    </ExtendedData>
    <Point>
      <coordinates>88.2782946,24.2519789,0</coordinates>
    </Point>
  </Placemark>
  <Placemark>
    <name>J-679</name>
    <ExtendedData>
      <Data name="id"><value>J-679</value></Data>
    </ExtendedData>
    <Point>
      <coordinates>88.2799201,24.2488224,0</coordinates>
    </Point>
  </Placemark>
  <Placemark>
    <name>J-680</name>
    <ExtendedData>
      <Data name="id"><value>J-680</value></Data>
    </ExtendedData>
    <Point>
      <coordinates>88.2802134,24.2490336,0</coordinates>
    </Point>
  </Placemark>
  <Placemark>
    <name>J-681</name>
    <ExtendedData>
      <Data name="id"><value>J-681</value></Data>
    </ExtendedData>
    <Point>
      <coordinates>88.2797562,24.2491443,0</coordinates>
    </Point>
  </Placemark>
  <Placemark>
    <name>J-682</name>
    <ExtendedData>
      <Data name="id"><value>J-682</value></Data>
    </ExtendedData>
    <Point>
      <coordinates>88.2801801,24.2494493,0</coordinates>
    </Point>
  </Placemark>
  <Placemark>
    <name>J-683</name>
    <ExtendedData>
      <Data name="id"><value>J-683</value></Data>
    </ExtendedData>
    <Point>
      <coordinates>88.2796122,24.2494238,0</coordinates>
    </Point>
  </Placemark>
  <Placemark>
    <name>J-684</name>
    <ExtendedData>
      <Data name="id"><value>J-684</value></Data>
    </ExtendedData>
    <Point>
      <coordinates>88.2800455,24.2496645,0</coordinates>
    </Point>
  </Placemark>
  <Placemark>
    <name>J-685</name>
    <ExtendedData>
      <Data name="id"><value>J-685</value></Data>
    </ExtendedData>
    <Point>
      <coordinates>88.2794055,24.2498313,0</coordinates>
    </Point>
  </Placemark>
  <Placemark>
    <name>J-686</name>
    <ExtendedData>
      <Data name="id"><value>J-686</value></Data>
    </ExtendedData>
    <Point>
      <coordinates>88.2797116,24.2502857,0</coordinates>
    </Point>
  </Placemark>
  <Placemark>
    <name>J-687</name>
    <ExtendedData>
      <Data name="id"><value>J-687</value></Data>
    </ExtendedData>
    <Point>
      <coordinates>88.2793077,24.2500173,0</coordinates>
    </Point>
  </Placemark>
  <Placemark>
    <name>J-688</name>
    <ExtendedData>
      <Data name="id"><value>J-688</value></Data>
    </ExtendedData>
    <Point>
      <coordinates>88.2810619,24.2511561,0</coordinates>
    </Point>
  </Placemark>
  <Placemark>
    <name>J-689</name>
    <ExtendedData>
      <Data name="id"><value>J-689</value></Data>
    </ExtendedData>
    <Point>
      <coordinates>88.2791583,24.2503167,0</coordinates>
    </Point>
  </Placemark>
  <Placemark>
    <name>J-690</name>
    <ExtendedData>
      <Data name="id"><value>J-690</value></Data>
    </ExtendedData>
    <Point>
      <coordinates>88.2794993,24.2505084,0</coordinates>
    </Point>
  </Placemark>
  <Placemark>
    <name>J-691</name>
    <ExtendedData>
      <Data name="id"><value>J-691</value></Data>
    </ExtendedData>
    <Point>
      <coordinates>88.2789139,24.2507907,0</coordinates>
    </Point>
  </Placemark>
  <Placemark>
    <name>J-692</name>
    <ExtendedData>
      <Data name="id"><value>J-692</value></Data>
    </ExtendedData>
    <Point>
      <coordinates>88.2795661,24.2512825,0</coordinates>
    </Point>
  </Placemark>
  <Placemark>
    <name>J-693</name>
    <ExtendedData>
      <Data name="id"><value>J-693</value></Data>
    </ExtendedData>
    <Point>
      <coordinates>88.2788302,24.2509501,0</coordinates>
    </Point>
  </Placemark>
  <Placemark>
    <name>J-694</name>
    <ExtendedData>
      <Data name="id"><value>J-694</value></Data>
    </ExtendedData>
    <Point>
      <coordinates>88.2791879,24.251193,0</coordinates>
    </Point>
  </Placemark>
  <Placemark>
    <name>J-695</name>
    <ExtendedData>
      <Data name="id"><value>J-695</value></Data>
    </ExtendedData>
    <Point>
      <coordinates>88.2790878,24.2521499,0</coordinates>
    </Point>
  </Placemark>
  <Placemark>
    <name>J-696</name>
    <ExtendedData>
      <Data name="id"><value>J-696</value></Data>
    </ExtendedData>
    <Point>
      <coordinates>88.2784905,24.2522855,0</coordinates>
    </Point>
  </Placemark>
  <Placemark>
    <name>J-697</name>
    <ExtendedData>
      <Data name="id"><value>J-697</value></Data>
    </ExtendedData>
    <Point>
      <coordinates>88.2790868,24.2527465,0</coordinates>
    </Point>
  </Placemark>
  <Placemark>
    <name>J-698</name>
    <ExtendedData>
      <Data name="id"><value>J-698</value></Data>
    </ExtendedData>
    <Point>
      <coordinates>88.2786435,24.2525122,0</coordinates>
    </Point>
  </Placemark>
  <Placemark>
    <name>J-699</name>
    <ExtendedData>
      <Data name="id"><value>J-699</value></Data>
    </ExtendedData>
    <Point>
      <coordinates>88.2783077,24.2527554,0</coordinates>
    </Point>
  </Placemark>
  <Placemark>
    <name>J-700</name>
    <ExtendedData>
      <Data name="id"><value>J-700</value></Data>
    </ExtendedData>
    <Point>
      <coordinates>88.2788628,24.2528667,0</coordinates>
    </Point>
  </Placemark>
  <Placemark>
    <name>J-701</name>
    <ExtendedData>
      <Data name="id"><value>J-701</value></Data>
    </ExtendedData>
    <Point>
      <coordinates>88.27971,24.2530962,0</coordinates>
    </Point>
  </Placemark>
  <Placemark>
    <name>J-702</name>
    <ExtendedData>
      <Data name="id"><value>J-702</value></Data>
    </ExtendedData>
    <Point>
      <coordinates>88.2789309,24.2529877,0</coordinates>
    </Point>
  </Placemark>
  <Placemark>
    <name>J-703</name>
    <ExtendedData>
      <Data name="id"><value>J-703</value></Data>
    </ExtendedData>
    <Point>
      <coordinates>88.2783988,24.2533874,0</coordinates>
    </Point>
  </Placemark>
  <Placemark>
    <name>J-704</name>
    <ExtendedData>
      <Data name="id"><value>J-704</value></Data>
    </ExtendedData>
    <Point>
      <coordinates>88.2791117,24.2533272,0</coordinates>
    </Point>
  </Placemark>
  <Placemark>
    <name>J-705</name>
    <ExtendedData>
      <Data name="id"><value>J-705</value></Data>
    </ExtendedData>
    <Point>
      <coordinates>88.278507,24.2535783,0</coordinates>
    </Point>
  </Placemark>
  <Placemark>
    <name>J-706</name>
    <ExtendedData>
      <Data name="id"><value>J-706</value></Data>
    </ExtendedData>
    <Point>
      <coordinates>88.2777643,24.2533034,0</coordinates>
    </Point>
  </Placemark>
  <Placemark>
    <name>J-707</name>
    <ExtendedData>
      <Data name="id"><value>J-707</value></Data>
    </ExtendedData>
    <Point>
      <coordinates>88.2787982,24.2539992,0</coordinates>
    </Point>
  </Placemark>
  <Placemark>
    <name>J-708</name>
    <ExtendedData>
      <Data name="id"><value>J-708</value></Data>
    </ExtendedData>
    <Point>
      <coordinates>88.2780748,24.2537543,0</coordinates>
    </Point>
  </Placemark>
  <Placemark>
    <name>J-709</name>
    <ExtendedData>
      <Data name="id"><value>J-709</value></Data>
    </ExtendedData>
    <Point>
      <coordinates>88.2791712,24.2534584,0</coordinates>
    </Point>
  </Placemark>
  <Placemark>
    <name>J-710</name>
    <ExtendedData>
      <Data name="id"><value>J-710</value></Data>
    </ExtendedData>
    <Point>
      <coordinates>88.2798031,24.2530362,0</coordinates>
    </Point>
  </Placemark>
  <Placemark>
    <name>J-711</name>
    <ExtendedData>
      <Data name="id"><value>J-711</value></Data>
    </ExtendedData>
    <Point>
      <coordinates>88.2801988,24.2532866,0</coordinates>
    </Point>
  </Placemark>
  <Placemark>
    <name>J-712</name>
    <ExtendedData>
      <Data name="id"><value>J-712</value></Data>
    </ExtendedData>
    <Point>
      <coordinates>88.2800004,24.2528723,0</coordinates>
    </Point>
  </Placemark>
  <Placemark>
    <name>J-713</name>
    <ExtendedData>
      <Data name="id"><value>J-713</value></Data>
    </ExtendedData>
    <Point>
      <coordinates>88.2803522,24.2530526,0</coordinates>
    </Point>
  </Placemark>
  <Placemark>
    <name>J-714</name>
    <ExtendedData>
      <Data name="id"><value>J-714</value></Data>
    </ExtendedData>
    <Point>
      <coordinates>88.280682,24.2521704,0</coordinates>
    </Point>
  </Placemark>
  <Placemark>
    <name>J-715</name>
    <ExtendedData>
      <Data name="id"><value>J-715</value></Data>
    </ExtendedData>
    <Point>
      <coordinates>88.2807715,24.2520176,0</coordinates>
    </Point>
  </Placemark>
  <Placemark>
    <name>J-716</name>
    <ExtendedData>
      <Data name="id"><value>J-716</value></Data>
    </ExtendedData>
    <Point>
      <coordinates>88.2812323,24.2524153,0</coordinates>
    </Point>
  </Placemark>
  <Placemark>
    <name>J-717</name>
    <ExtendedData>
      <Data name="id"><value>J-717</value></Data>
    </ExtendedData>
    <Point>
      <coordinates>88.281042,24.2527558,0</coordinates>
    </Point>
  </Placemark>
  <Placemark>
    <name>J-718</name>
    <ExtendedData>
      <Data name="id"><value>J-718</value></Data>
    </ExtendedData>
    <Point>
      <coordinates>88.2820734,24.2522875,0</coordinates>
    </Point>
  </Placemark>
  <Placemark>
    <name>J-719</name>
    <ExtendedData>
      <Data name="id"><value>J-719</value></Data>
    </ExtendedData>
    <Point>
      <coordinates>88.2823969,24.2523125,0</coordinates>
    </Point>
  </Placemark>
  <Placemark>
    <name>J-720</name>
    <ExtendedData>
      <Data name="id"><value>J-720</value></Data>
    </ExtendedData>
    <Point>
      <coordinates>88.2825957,24.2522857,0</coordinates>
    </Point>
  </Placemark>
  <Placemark>
    <name>J-721</name>
    <ExtendedData>
      <Data name="id"><value>J-721</value></Data>
    </ExtendedData>
    <Point>
      <coordinates>88.2825716,24.2526708,0</coordinates>
    </Point>
  </Placemark>
  <Placemark>
    <name>J-722</name>
    <ExtendedData>
      <Data name="id"><value>J-722</value></Data>
    </ExtendedData>
    <Point>
      <coordinates>88.2823017,24.2530631,0</coordinates>
    </Point>
  </Placemark>
  <Placemark>
    <name>J-723</name>
    <ExtendedData>
      <Data name="id"><value>J-723</value></Data>
    </ExtendedData>
    <Point>
      <coordinates>88.2822372,24.2531405,0</coordinates>
    </Point>
  </Placemark>
  <Placemark>
    <name>J-724</name>
    <ExtendedData>
      <Data name="id"><value>J-724</value></Data>
    </ExtendedData>
    <Point>
      <coordinates>88.2831215,24.253895,0</coordinates>
    </Point>
  </Placemark>
  <Placemark>
    <name>J-725</name>
    <ExtendedData>
      <Data name="id"><value>J-725</value></Data>
    </ExtendedData>
    <Point>
      <coordinates>88.2843326,24.2563444,0</coordinates>
    </Point>
  </Placemark>
  <Placemark>
    <name>J-726</name>
    <ExtendedData>
      <Data name="id"><value>J-726</value></Data>
    </ExtendedData>
    <Point>
      <coordinates>88.2815582,24.2576312,0</coordinates>
    </Point>
  </Placemark>
  <Placemark>
    <name>J-727</name>
    <ExtendedData>
      <Data name="id"><value>J-727</value></Data>
    </ExtendedData>
    <Point>
      <coordinates>88.2793466,24.2537985,0</coordinates>
    </Point>
  </Placemark>
  <Placemark>
    <name>J-728</name>
    <ExtendedData>
      <Data name="id"><value>J-728</value></Data>
    </ExtendedData>
    <Point>
      <coordinates>88.2788203,24.2539993,0</coordinates>
    </Point>
  </Placemark>
  <Placemark>
    <name>J-729</name>
    <ExtendedData>
      <Data name="id"><value>J-729</value></Data>
    </ExtendedData>
    <Point>
      <coordinates>88.2795148,24.2540789,0</coordinates>
    </Point>
  </Placemark>
  <Placemark>
    <name>J-730</name>
    <ExtendedData>
      <Data name="id"><value>J-730</value></Data>
    </ExtendedData>
    <Point>
      <coordinates>88.2800283,24.2538483,0</coordinates>
    </Point>
  </Placemark>
  <Placemark>
    <name>J-731</name>
    <ExtendedData>
      <Data name="id"><value>J-731</value></Data>
    </ExtendedData>
    <Point>
      <coordinates>88.2796701,24.2543398,0</coordinates>
    </Point>
  </Placemark>
  <Placemark>
    <name>J-732</name>
    <ExtendedData>
      <Data name="id"><value>J-732</value></Data>
    </ExtendedData>
    <Point>
      <coordinates>88.2792178,24.2545647,0</coordinates>
    </Point>
  </Placemark>
  <Placemark>
    <name>J-733</name>
    <ExtendedData>
      <Data name="id"><value>J-733</value></Data>
    </ExtendedData>
    <Point>
      <coordinates>88.2791353,24.2544053,0</coordinates>
    </Point>
  </Placemark>
  <Placemark>
    <name>J-734</name>
    <ExtendedData>
      <Data name="id"><value>J-734</value></Data>
    </ExtendedData>
    <Point>
      <coordinates>88.2785755,24.2546529,0</coordinates>
    </Point>
  </Placemark>
  <Placemark>
    <name>J-735</name>
    <ExtendedData>
      <Data name="id"><value>J-735</value></Data>
    </ExtendedData>
    <Point>
      <coordinates>88.2788171,24.2540216,0</coordinates>
    </Point>
  </Placemark>
  <Placemark>
    <name>J-736</name>
    <ExtendedData>
      <Data name="id"><value>J-736</value></Data>
    </ExtendedData>
    <Point>
      <coordinates>88.2797688,24.2545128,0</coordinates>
    </Point>
  </Placemark>
  <Placemark>
    <name>J-737</name>
    <ExtendedData>
      <Data name="id"><value>J-737</value></Data>
    </ExtendedData>
    <Point>
      <coordinates>88.2793167,24.2547165,0</coordinates>
    </Point>
  </Placemark>
  <Placemark>
    <name>J-738</name>
    <ExtendedData>
      <Data name="id"><value>J-738</value></Data>
    </ExtendedData>
    <Point>
      <coordinates>88.2801402,24.2551221,0</coordinates>
    </Point>
  </Placemark>
  <Placemark>
    <name>J-739</name>
    <ExtendedData>
      <Data name="id"><value>J-739</value></Data>
    </ExtendedData>
    <Point>
      <coordinates>88.2803413,24.2549798,0</coordinates>
    </Point>
  </Placemark>
  <Placemark>
    <name>J-740</name>
    <ExtendedData>
      <Data name="id"><value>J-740</value></Data>
    </ExtendedData>
    <Point>
      <coordinates>88.280424,24.2562105,0</coordinates>
    </Point>
  </Placemark>
  <Placemark>
    <name>J-741</name>
    <ExtendedData>
      <Data name="id"><value>J-741</value></Data>
    </ExtendedData>
    <Point>
      <coordinates>88.2807093,24.2561085,0</coordinates>
    </Point>
  </Placemark>
  <Placemark>
    <name>J-742</name>
    <ExtendedData>
      <Data name="id"><value>J-742</value></Data>
    </ExtendedData>
    <Point>
      <coordinates>88.2804555,24.2562142,0</coordinates>
    </Point>
  </Placemark>
  <Placemark>
    <name>J-743</name>
    <ExtendedData>
      <Data name="id"><value>J-743</value></Data>
    </ExtendedData>
    <Point>
      <coordinates>88.2809069,24.2564672,0</coordinates>
    </Point>
  </Placemark>
  <Placemark>
    <name>J-744</name>
    <ExtendedData>
      <Data name="id"><value>J-744</value></Data>
    </ExtendedData>
    <Point>
      <coordinates>88.2822611,24.2558067,0</coordinates>
    </Point>
  </Placemark>
  <Placemark>
    <name>J-745</name>
    <ExtendedData>
      <Data name="id"><value>J-745</value></Data>
    </ExtendedData>
    <Point>
      <coordinates>88.2827076,24.2551464,0</coordinates>
    </Point>
  </Placemark>
  <Placemark>
    <name>J-746</name>
    <ExtendedData>
      <Data name="id"><value>J-746</value></Data>
    </ExtendedData>
    <Point>
      <coordinates>88.2826733,24.2551523,0</coordinates>
    </Point>
  </Placemark>
  <Placemark>
    <name>J-753</name>
    <ExtendedData>
      <Data name="id"><value>J-753</value></Data>
    </ExtendedData>
    <Point>
      <coordinates>88.2795884,24.2553959,0</coordinates>
    </Point>
  </Placemark>
  <Placemark>
    <name>J-754</name>
    <ExtendedData>
      <Data name="id"><value>J-754</value></Data>
    </ExtendedData>
    <Point>
      <coordinates>88.2798829,24.2552566,0</coordinates>
    </Point>
  </Placemark>
  <Placemark>
    <name>J-755</name>
    <ExtendedData>
      <Data name="id"><value>J-755</value></Data>
    </ExtendedData>
    <Point>
      <coordinates>88.2795196,24.2567075,0</coordinates>
    </Point>
  </Placemark>
  <Placemark>
    <name>J-819</name>
    <ExtendedData>
      <Data name="id"><value>J-819</value></Data>
    </ExtendedData>
    <Point>
      <coordinates>88.2790834,24.255588,0</coordinates>
    </Point>
  </Placemark>
  <Placemark>
    <name>J-820</name>
    <ExtendedData>
      <Data name="id"><value>J-820</value></Data>
    </ExtendedData>
    <Point>
      <coordinates>88.2791669,24.2558414,0</coordinates>
    </Point>
  </Placemark>
  <Placemark>
    <name>J-821</name>
    <ExtendedData>
      <Data name="id"><value>J-821</value></Data>
    </ExtendedData>
    <Point>
      <coordinates>88.2788557,24.2556659,0</coordinates>
    </Point>
  </Placemark>
  <Placemark>
    <name>J-822</name>
    <ExtendedData>
      <Data name="id"><value>J-822</value></Data>
    </ExtendedData>
    <Point>
      <coordinates>88.2780356,24.2524309,0</coordinates>
    </Point>
  </Placemark>
  <Placemark>
    <name>J-823</name>
    <ExtendedData>
      <Data name="id"><value>J-823</value></Data>
    </ExtendedData>
    <Point>
      <coordinates>88.2782661,24.2527233,0</coordinates>
    </Point>
  </Placemark>
  <Placemark>
    <name>J-824</name>
    <ExtendedData>
      <Data name="id"><value>J-824</value></Data>
    </ExtendedData>
    <Point>
      <coordinates>88.2776024,24.253109,0</coordinates>
    </Point>
  </Placemark>
  <Placemark>
    <name>J-825</name>
    <ExtendedData>
      <Data name="id"><value>J-825</value></Data>
    </ExtendedData>
    <Point>
      <coordinates>88.2781645,24.2539435,0</coordinates>
    </Point>
  </Placemark>
  <Placemark>
    <name>J-826</name>
    <ExtendedData>
      <Data name="id"><value>J-826</value></Data>
    </ExtendedData>
    <Point>
      <coordinates>88.2779566,24.254019,0</coordinates>
    </Point>
  </Placemark>
  <Placemark>
    <name>J-827</name>
    <ExtendedData>
      <Data name="id"><value>J-827</value></Data>
    </ExtendedData>
    <Point>
      <coordinates>88.2773218,24.2535663,0</coordinates>
    </Point>
  </Placemark>
  <Placemark>
    <name>J-828</name>
    <ExtendedData>
      <Data name="id"><value>J-828</value></Data>
    </ExtendedData>
    <Point>
      <coordinates>88.2778403,24.2543748,0</coordinates>
    </Point>
  </Placemark>
  <Placemark>
    <name>J-829</name>
    <ExtendedData>
      <Data name="id"><value>J-829</value></Data>
    </ExtendedData>
    <Point>
      <coordinates>88.2784433,24.2544915,0</coordinates>
    </Point>
  </Placemark>
  <Placemark>
    <name>J-830</name>
    <ExtendedData>
      <Data name="id"><value>J-830</value></Data>
    </ExtendedData>
    <Point>
      <coordinates>88.2774482,24.2544923,0</coordinates>
    </Point>
  </Placemark>
  <Placemark>
    <name>J-831</name>
    <ExtendedData>
      <Data name="id"><value>J-831</value></Data>
    </ExtendedData>
    <Point>
      <coordinates>88.2786916,24.2549414,0</coordinates>
    </Point>
  </Placemark>
  <Placemark>
    <name>J-832</name>
    <ExtendedData>
      <Data name="id"><value>J-832</value></Data>
    </ExtendedData>
    <Point>
      <coordinates>88.2790574,24.2548137,0</coordinates>
    </Point>
  </Placemark>
  <Placemark>
    <name>J-833</name>
    <ExtendedData>
      <Data name="id"><value>J-833</value></Data>
    </ExtendedData>
    <Point>
      <coordinates>88.2788807,24.2558559,0</coordinates>
    </Point>
  </Placemark>
  <Placemark>
    <name>J-834</name>
    <ExtendedData>
      <Data name="id"><value>J-834</value></Data>
    </ExtendedData>
    <Point>
      <coordinates>88.278447,24.2559708,0</coordinates>
    </Point>
  </Placemark>
  <Placemark>
    <name>J-835</name>
    <ExtendedData>
      <Data name="id"><value>J-835</value></Data>
    </ExtendedData>
    <Point>
      <coordinates>88.2766243,24.2545831,0</coordinates>
    </Point>
  </Placemark>
  <Placemark>
    <name>J-836</name>
    <ExtendedData>
      <Data name="id"><value>J-836</value></Data>
    </ExtendedData>
    <Point>
      <coordinates>88.2760661,24.2545606,0</coordinates>
    </Point>
  </Placemark>
  <Placemark>
    <name>J-837</name>
    <ExtendedData>
      <Data name="id"><value>J-837</value></Data>
    </ExtendedData>
    <Point>
      <coordinates>88.2765115,24.2547843,0</coordinates>
    </Point>
  </Placemark>
  <Placemark>
    <name>J-838</name>
    <ExtendedData>
      <Data name="id"><value>J-838</value></Data>
    </ExtendedData>
    <Point>
      <coordinates>88.2770352,24.2550673,0</coordinates>
    </Point>
  </Placemark>
  <Placemark>
    <name>J-839</name>
    <ExtendedData>
      <Data name="id"><value>J-839</value></Data>
    </ExtendedData>
    <Point>
      <coordinates>88.2761017,24.2556166,0</coordinates>
    </Point>
  </Placemark>
  <Placemark>
    <name>J-840</name>
    <ExtendedData>
      <Data name="id"><value>J-840</value></Data>
    </ExtendedData>
    <Point>
      <coordinates>88.2763016,24.256132,0</coordinates>
    </Point>
  </Placemark>
  <Placemark>
    <name>J-841</name>
    <ExtendedData>
      <Data name="id"><value>J-841</value></Data>
    </ExtendedData>
    <Point>
      <coordinates>88.2760749,24.2556896,0</coordinates>
    </Point>
  </Placemark>
  <Placemark>
    <name>J-842</name>
    <ExtendedData>
      <Data name="id"><value>J-842</value></Data>
    </ExtendedData>
    <Point>
      <coordinates>88.2759401,24.256493,0</coordinates>
    </Point>
  </Placemark>
  <Placemark>
    <name>J-843</name>
    <ExtendedData>
      <Data name="id"><value>J-843</value></Data>
    </ExtendedData>
    <Point>
      <coordinates>88.2764879,24.2564522,0</coordinates>
    </Point>
  </Placemark>
  <Placemark>
    <name>J-844</name>
    <ExtendedData>
      <Data name="id"><value>J-844</value></Data>
    </ExtendedData>
    <Point>
      <coordinates>88.2756928,24.2580611,0</coordinates>
    </Point>
  </Placemark>
  <Placemark>
    <name>J-877</name>
    <ExtendedData>
      <Data name="id"><value>J-877</value></Data>
    </ExtendedData>
    <Point>
      <coordinates>88.275202,24.2557299,0</coordinates>
    </Point>
  </Placemark>
  <Placemark>
    <name>J-878</name>
    <ExtendedData>
      <Data name="id"><value>J-878</value></Data>
    </ExtendedData>
    <Point>
      <coordinates>88.2776887,24.2511977,0</coordinates>
    </Point>
  </Placemark>
  <Placemark>
    <name>J-879</name>
    <ExtendedData>
      <Data name="id"><value>J-879</value></Data>
    </ExtendedData>
    <Point>
      <coordinates>88.2775995,24.2512198,0</coordinates>
    </Point>
  </Placemark>
  <Placemark>
    <name>J-880</name>
    <ExtendedData>
      <Data name="id"><value>J-880</value></Data>
    </ExtendedData>
    <Point>
      <coordinates>88.2772862,24.2519961,0</coordinates>
    </Point>
  </Placemark>
  <Placemark>
    <name>J-881</name>
    <ExtendedData>
      <Data name="id"><value>J-881</value></Data>
    </ExtendedData>
    <Point>
      <coordinates>88.2775669,24.2521168,0</coordinates>
    </Point>
  </Placemark>
  <Placemark>
    <name>J-882</name>
    <ExtendedData>
      <Data name="id"><value>J-882</value></Data>
    </ExtendedData>
    <Point>
      <coordinates>88.2766199,24.2519118,0</coordinates>
    </Point>
  </Placemark>
  <Placemark>
    <name>J-883</name>
    <ExtendedData>
      <Data name="id"><value>J-883</value></Data>
    </ExtendedData>
    <Point>
      <coordinates>88.27724,24.2520844,0</coordinates>
    </Point>
  </Placemark>
  <Placemark>
    <name>J-884</name>
    <ExtendedData>
      <Data name="id"><value>J-884</value></Data>
    </ExtendedData>
    <Point>
      <coordinates>88.2779779,24.2524779,0</coordinates>
    </Point>
  </Placemark>
  <Placemark>
    <name>J-885</name>
    <ExtendedData>
      <Data name="id"><value>J-885</value></Data>
    </ExtendedData>
    <Point>
      <coordinates>88.2771208,24.2523618,0</coordinates>
    </Point>
  </Placemark>
  <Placemark>
    <name>J-886</name>
    <ExtendedData>
      <Data name="id"><value>J-886</value></Data>
    </ExtendedData>
    <Point>
      <coordinates>88.2773479,24.2524673,0</coordinates>
    </Point>
  </Placemark>
  <Placemark>
    <name>J-887</name>
    <ExtendedData>
      <Data name="id"><value>J-887</value></Data>
    </ExtendedData>
    <Point>
      <coordinates>88.2767827,24.2522805,0</coordinates>
    </Point>
  </Placemark>
  <Placemark>
    <name>J-888</name>
    <ExtendedData>
      <Data name="id"><value>J-888</value></Data>
    </ExtendedData>
    <Point>
      <coordinates>88.2769313,24.2527613,0</coordinates>
    </Point>
  </Placemark>
  <Placemark>
    <name>J-889</name>
    <ExtendedData>
      <Data name="id"><value>J-889</value></Data>
    </ExtendedData>
    <Point>
      <coordinates>88.2763897,24.2526816,0</coordinates>
    </Point>
  </Placemark>
  <Placemark>
    <name>J-890</name>
    <ExtendedData>
      <Data name="id"><value>J-890</value></Data>
    </ExtendedData>
    <Point>
      <coordinates>88.2776629,24.252992,0</coordinates>
    </Point>
  </Placemark>
  <Placemark>
    <name>J-891</name>
    <ExtendedData>
      <Data name="id"><value>J-891</value></Data>
    </ExtendedData>
    <Point>
      <coordinates>88.2767632,24.2531155,0</coordinates>
    </Point>
  </Placemark>
  <Placemark>
    <name>J-892</name>
    <ExtendedData>
      <Data name="id"><value>J-892</value></Data>
    </ExtendedData>
    <Point>
      <coordinates>88.2769154,24.2531765,0</coordinates>
    </Point>
  </Placemark>
  <Placemark>
    <name>J-893</name>
    <ExtendedData>
      <Data name="id"><value>J-893</value></Data>
    </ExtendedData>
    <Point>
      <coordinates>88.2764336,24.2530546,0</coordinates>
    </Point>
  </Placemark>
  <Placemark>
    <name>J-894</name>
    <ExtendedData>
      <Data name="id"><value>J-894</value></Data>
    </ExtendedData>
    <Point>
      <coordinates>88.2766506,24.2534808,0</coordinates>
    </Point>
  </Placemark>
  <Placemark>
    <name>J-895</name>
    <ExtendedData>
      <Data name="id"><value>J-895</value></Data>
    </ExtendedData>
    <Point>
      <coordinates>88.2771625,24.2537233,0</coordinates>
    </Point>
  </Placemark>
  <Placemark>
    <name>J-896</name>
    <ExtendedData>
      <Data name="id"><value>J-896</value></Data>
    </ExtendedData>
    <Point>
      <coordinates>88.2764793,24.2534225,0</coordinates>
    </Point>
  </Placemark>
  <Placemark>
    <name>J-897</name>
    <ExtendedData>
      <Data name="id"><value>J-897</value></Data>
    </ExtendedData>
    <Point>
      <coordinates>88.2774854,24.2512278,0</coordinates>
    </Point>
  </Placemark>
  <Placemark>
    <name>J-898</name>
    <ExtendedData>
      <Data name="id"><value>J-898</value></Data>
    </ExtendedData>
    <Point>
      <coordinates>88.2774636,24.2516375,0</coordinates>
    </Point>
  </Placemark>
  <Placemark>
    <name>J-899</name>
    <ExtendedData>
      <Data name="id"><value>J-899</value></Data>
    </ExtendedData>
    <Point>
      <coordinates>88.2770538,24.2512573,0</coordinates>
    </Point>
  </Placemark>
  <Placemark>
    <name>J-900</name>
    <ExtendedData>
      <Data name="id"><value>J-900</value></Data>
    </ExtendedData>
    <Point>
      <coordinates>88.2771413,24.2515373,0</coordinates>
    </Point>
  </Placemark>
  <Placemark>
    <name>J-901</name>
    <ExtendedData>
      <Data name="id"><value>J-901</value></Data>
    </ExtendedData>
    <Point>
      <coordinates>88.276797,24.2512576,0</coordinates>
    </Point>
  </Placemark>
  <Placemark>
    <name>J-902</name>
    <ExtendedData>
      <Data name="id"><value>J-902</value></Data>
    </ExtendedData>
    <Point>
      <coordinates>88.2768566,24.2515296,0</coordinates>
    </Point>
  </Placemark>
  <Placemark>
    <name>J-903</name>
    <ExtendedData>
      <Data name="id"><value>J-903</value></Data>
    </ExtendedData>
    <Point>
      <coordinates>88.2762287,24.2512532,0</coordinates>
    </Point>
  </Placemark>
  <Placemark>
    <name>J-904</name>
    <ExtendedData>
      <Data name="id"><value>J-904</value></Data>
    </ExtendedData>
    <Point>
      <coordinates>88.2763002,24.2509536,0</coordinates>
    </Point>
  </Placemark>
  <Placemark>
    <name>J-905</name>
    <ExtendedData>
      <Data name="id"><value>J-905</value></Data>
    </ExtendedData>
    <Point>
      <coordinates>88.2761352,24.2512528,0</coordinates>
    </Point>
  </Placemark>
  <Placemark>
    <name>J-906</name>
    <ExtendedData>
      <Data name="id"><value>J-906</value></Data>
    </ExtendedData>
    <Point>
      <coordinates>88.2761986,24.2516235,0</coordinates>
    </Point>
  </Placemark>
  <Placemark>
    <name>J-907</name>
    <ExtendedData>
      <Data name="id"><value>J-907</value></Data>
    </ExtendedData>
    <Point>
      <coordinates>88.2757116,24.2512549,0</coordinates>
    </Point>
  </Placemark>
  <Placemark>
    <name>J-908</name>
    <ExtendedData>
      <Data name="id"><value>J-908</value></Data>
    </ExtendedData>
    <Point>
      <coordinates>88.2762632,24.2520294,0</coordinates>
    </Point>
  </Placemark>
  <Placemark>
    <name>J-909</name>
    <ExtendedData>
      <Data name="id"><value>J-909</value></Data>
    </ExtendedData>
    <Point>
      <coordinates>88.2766247,24.2519333,0</coordinates>
    </Point>
  </Placemark>
  <Placemark>
    <name>J-910</name>
    <ExtendedData>
      <Data name="id"><value>J-910</value></Data>
    </ExtendedData>
    <Point>
      <coordinates>88.2762791,24.2520663,0</coordinates>
    </Point>
  </Placemark>
  <Placemark>
    <name>J-911</name>
    <ExtendedData>
      <Data name="id"><value>J-911</value></Data>
    </ExtendedData>
    <Point>
      <coordinates>88.2757972,24.2522049,0</coordinates>
    </Point>
  </Placemark>
  <Placemark>
    <name>J-912</name>
    <ExtendedData>
      <Data name="id"><value>J-912</value></Data>
    </ExtendedData>
    <Point>
      <coordinates>88.2763144,24.2523118,0</coordinates>
    </Point>
  </Placemark>
  <Placemark>
    <name>J-913</name>
    <ExtendedData>
      <Data name="id"><value>J-913</value></Data>
    </ExtendedData>
    <Point>
      <coordinates>88.2767599,24.2522807,0</coordinates>
    </Point>
  </Placemark>
  <Placemark>
    <name>J-914</name>
    <ExtendedData>
      <Data name="id"><value>J-914</value></Data>
    </ExtendedData>
    <Point>
      <coordinates>88.2760542,24.253727,0</coordinates>
    </Point>
  </Placemark>
  <Placemark>
    <name>J-915</name>
    <ExtendedData>
      <Data name="id"><value>J-915</value></Data>
    </ExtendedData>
    <Point>
      <coordinates>88.2768501,24.254184,0</coordinates>
    </Point>
  </Placemark>
  <Placemark>
    <name>J-916</name>
    <ExtendedData>
      <Data name="id"><value>J-916</value></Data>
    </ExtendedData>
    <Point>
      <coordinates>88.2759395,24.2534983,0</coordinates>
    </Point>
  </Placemark>
  <Placemark>
    <name>J-917</name>
    <ExtendedData>
      <Data name="id"><value>J-917</value></Data>
    </ExtendedData>
    <Point>
      <coordinates>88.2757516,24.2539838,0</coordinates>
    </Point>
  </Placemark>
  <Placemark>
    <name>J-918</name>
    <ExtendedData>
      <Data name="id"><value>J-918</value></Data>
    </ExtendedData>
    <Point>
      <coordinates>88.2753723,24.2536013,0</coordinates>
    </Point>
  </Placemark>
  <Placemark>
    <name>J-919</name>
    <ExtendedData>
      <Data name="id"><value>J-919</value></Data>
    </ExtendedData>
    <Point>
      <coordinates>88.2753394,24.2543689,0</coordinates>
    </Point>
  </Placemark>
  <Placemark>
    <name>J-920</name>
    <ExtendedData>
      <Data name="id"><value>J-920</value></Data>
    </ExtendedData>
    <Point>
      <coordinates>88.274797,24.2533275,0</coordinates>
    </Point>
  </Placemark>
  <Placemark>
    <name>J-921</name>
    <ExtendedData>
      <Data name="id"><value>J-921</value></Data>
    </ExtendedData>
    <Point>
      <coordinates>88.275035,24.2546721,0</coordinates>
    </Point>
  </Placemark>
  <Placemark>
    <name>J-922</name>
    <ExtendedData>
      <Data name="id"><value>J-922</value></Data>
    </ExtendedData>
    <Point>
      <coordinates>88.2747555,24.2543934,0</coordinates>
    </Point>
  </Placemark>
  <Placemark>
    <name>J-923</name>
    <ExtendedData>
      <Data name="id"><value>J-923</value></Data>
    </ExtendedData>
    <Point>
      <coordinates>88.2750754,24.2550698,0</coordinates>
    </Point>
  </Placemark>
  <Placemark>
    <name>J-924</name>
    <ExtendedData>
      <Data name="id"><value>J-924</value></Data>
    </ExtendedData>
    <Point>
      <coordinates>88.275179,24.2557155,0</coordinates>
    </Point>
  </Placemark>
  <Placemark>
    <name>J-925</name>
    <ExtendedData>
      <Data name="id"><value>J-925</value></Data>
    </ExtendedData>
    <Point>
      <coordinates>88.2743663,24.2552446,0</coordinates>
    </Point>
  </Placemark>
  <Placemark>
    <name>J-926</name>
    <ExtendedData>
      <Data name="id"><value>J-926</value></Data>
    </ExtendedData>
    <Point>
      <coordinates>88.274589,24.2558228,0</coordinates>
    </Point>
  </Placemark>
  <Placemark>
    <name>J-927</name>
    <ExtendedData>
      <Data name="id"><value>J-927</value></Data>
    </ExtendedData>
    <Point>
      <coordinates>88.2751642,24.2557423,0</coordinates>
    </Point>
  </Placemark>
  <Placemark>
    <name>J-928</name>
    <ExtendedData>
      <Data name="id"><value>J-928</value></Data>
    </ExtendedData>
    <Point>
      <coordinates>88.2747831,24.2564048,0</coordinates>
    </Point>
  </Placemark>
  <Placemark>
    <name>J-929</name>
    <ExtendedData>
      <Data name="id"><value>J-929</value></Data>
    </ExtendedData>
    <Point>
      <coordinates>88.273715,24.255997,0</coordinates>
    </Point>
  </Placemark>
  <Placemark>
    <name>J-930</name>
    <ExtendedData>
      <Data name="id"><value>J-930</value></Data>
    </ExtendedData>
    <Point>
      <coordinates>88.2732822,24.2555392,0</coordinates>
    </Point>
  </Placemark>
  <Placemark>
    <name>J-931</name>
    <ExtendedData>
      <Data name="id"><value>J-931</value></Data>
    </ExtendedData>
    <Point>
      <coordinates>88.2731501,24.2552096,0</coordinates>
    </Point>
  </Placemark>
  <Placemark>
    <name>J-932</name>
    <ExtendedData>
      <Data name="id"><value>J-932</value></Data>
    </ExtendedData>
    <Point>
      <coordinates>88.2729149,24.2560664,0</coordinates>
    </Point>
  </Placemark>
  <Placemark>
    <name>J-933</name>
    <ExtendedData>
      <Data name="id"><value>J-933</value></Data>
    </ExtendedData>
    <Point>
      <coordinates>88.273672,24.2560036,0</coordinates>
    </Point>
  </Placemark>
  <Placemark>
    <name>J-934</name>
    <ExtendedData>
      <Data name="id"><value>J-934</value></Data>
    </ExtendedData>
    <Point>
      <coordinates>88.272321,24.2561408,0</coordinates>
    </Point>
  </Placemark>
  <Placemark>
    <name>J-935</name>
    <ExtendedData>
      <Data name="id"><value>J-935</value></Data>
    </ExtendedData>
    <Point>
      <coordinates>88.2722829,24.255791,0</coordinates>
    </Point>
  </Placemark>
  <Placemark>
    <name>J-936</name>
    <ExtendedData>
      <Data name="id"><value>J-936</value></Data>
    </ExtendedData>
    <Point>
      <coordinates>88.2721833,24.2561945,0</coordinates>
    </Point>
  </Placemark>
  <Placemark>
    <name>J-937</name>
    <ExtendedData>
      <Data name="id"><value>J-937</value></Data>
    </ExtendedData>
    <Point>
      <coordinates>88.271866,24.2561708,0</coordinates>
    </Point>
  </Placemark>
  <Placemark>
    <name>J-938</name>
    <ExtendedData>
      <Data name="id"><value>J-938</value></Data>
    </ExtendedData>
    <Point>
      <coordinates>88.271762,24.2556775,0</coordinates>
    </Point>
  </Placemark>
  <Placemark>
    <name>J-939</name>
    <ExtendedData>
      <Data name="id"><value>J-939</value></Data>
    </ExtendedData>
    <Point>
      <coordinates>88.271506,24.2562268,0</coordinates>
    </Point>
  </Placemark>
  <Placemark>
    <name>J-940</name>
    <ExtendedData>
      <Data name="id"><value>J-940</value></Data>
    </ExtendedData>
    <Point>
      <coordinates>88.2721827,24.256433,0</coordinates>
    </Point>
  </Placemark>
  <Placemark>
    <name>J-941</name>
    <ExtendedData>
      <Data name="id"><value>J-941</value></Data>
    </ExtendedData>
    <Point>
      <coordinates>88.2725722,24.2569164,0</coordinates>
    </Point>
  </Placemark>
  <Placemark>
    <name>J-942</name>
    <ExtendedData>
      <Data name="id"><value>J-942</value></Data>
    </ExtendedData>
    <Point>
      <coordinates>88.2714352,24.256388,0</coordinates>
    </Point>
  </Placemark>
  <Placemark>
    <name>J-943</name>
    <ExtendedData>
      <Data name="id"><value>J-943</value></Data>
    </ExtendedData>
    <Point>
      <coordinates>88.2706266,24.256035,0</coordinates>
    </Point>
  </Placemark>
  <Placemark>
    <name>J-944</name>
    <ExtendedData>
      <Data name="id"><value>J-944</value></Data>
    </ExtendedData>
    <Point>
      <coordinates>88.2697569,24.255617,0</coordinates>
    </Point>
  </Placemark>
  <Placemark>
    <name>J-945</name>
    <ExtendedData>
      <Data name="id"><value>J-945</value></Data>
    </ExtendedData>
    <Point>
      <coordinates>88.2756751,24.2512281,0</coordinates>
    </Point>
  </Placemark>
  <Placemark>
    <name>J-946</name>
    <ExtendedData>
      <Data name="id"><value>J-946</value></Data>
    </ExtendedData>
    <Point>
      <coordinates>88.2745242,24.2513541,0</coordinates>
    </Point>
  </Placemark>
  <Placemark>
    <name>J-947</name>
    <ExtendedData>
      <Data name="id"><value>J-947</value></Data>
    </ExtendedData>
    <Point>
      <coordinates>88.2745065,24.2505186,0</coordinates>
    </Point>
  </Placemark>
  <Placemark>
    <name>J-948</name>
    <ExtendedData>
      <Data name="id"><value>J-948</value></Data>
    </ExtendedData>
    <Point>
      <coordinates>88.2739869,24.2500816,0</coordinates>
    </Point>
  </Placemark>
  <Placemark>
    <name>J-949</name>
    <ExtendedData>
      <Data name="id"><value>J-949</value></Data>
    </ExtendedData>
    <Point>
      <coordinates>88.2735238,24.2499849,0</coordinates>
    </Point>
  </Placemark>
  <Placemark>
    <name>J-950</name>
    <ExtendedData>
      <Data name="id"><value>J-950</value></Data>
    </ExtendedData>
    <Point>
      <coordinates>88.2741666,24.2505133,0</coordinates>
    </Point>
  </Placemark>
  <Placemark>
    <name>J-951</name>
    <ExtendedData>
      <Data name="id"><value>J-951</value></Data>
    </ExtendedData>
    <Point>
      <coordinates>88.2741091,24.250204,0</coordinates>
    </Point>
  </Placemark>
  <Placemark>
    <name>J-952</name>
    <ExtendedData>
      <Data name="id"><value>J-952</value></Data>
    </ExtendedData>
    <Point>
      <coordinates>88.2741141,24.2501577,0</coordinates>
    </Point>
  </Placemark>
  <Placemark>
    <name>J-953</name>
    <ExtendedData>
      <Data name="id"><value>J-953</value></Data>
    </ExtendedData>
    <Point>
      <coordinates>88.273259,24.250171,0</coordinates>
    </Point>
  </Placemark>
  <Placemark>
    <name>J-954</name>
    <ExtendedData>
      <Data name="id"><value>J-954</value></Data>
    </ExtendedData>
    <Point>
      <coordinates>88.2740576,24.2510493,0</coordinates>
    </Point>
  </Placemark>
  <Placemark>
    <name>J-955</name>
    <ExtendedData>
      <Data name="id"><value>J-955</value></Data>
    </ExtendedData>
    <Point>
      <coordinates>88.2736497,24.2513007,0</coordinates>
    </Point>
  </Placemark>
  <Placemark>
    <name>J-956</name>
    <ExtendedData>
      <Data name="id"><value>J-956</value></Data>
    </ExtendedData>
    <Point>
      <coordinates>88.2739271,24.2510565,0</coordinates>
    </Point>
  </Placemark>
  <Placemark>
    <name>J-957</name>
    <ExtendedData>
      <Data name="id"><value>J-957</value></Data>
    </ExtendedData>
    <Point>
      <coordinates>88.274019,24.2513391,0</coordinates>
    </Point>
  </Placemark>
  <Placemark>
    <name>J-958</name>
    <ExtendedData>
      <Data name="id"><value>J-958</value></Data>
    </ExtendedData>
    <Point>
      <coordinates>88.2740761,24.2506268,0</coordinates>
    </Point>
  </Placemark>
  <Placemark>
    <name>J-959</name>
    <ExtendedData>
      <Data name="id"><value>J-959</value></Data>
    </ExtendedData>
    <Point>
      <coordinates>88.2730153,24.2511919,0</coordinates>
    </Point>
  </Placemark>
  <Placemark>
    <name>J-960</name>
    <ExtendedData>
      <Data name="id"><value>J-960</value></Data>
    </ExtendedData>
    <Point>
      <coordinates>88.2730976,24.2509372,0</coordinates>
    </Point>
  </Placemark>
  <Placemark>
    <name>J-961</name>
    <ExtendedData>
      <Data name="id"><value>J-961</value></Data>
    </ExtendedData>
    <Point>
      <coordinates>88.2719997,24.2508591,0</coordinates>
    </Point>
  </Placemark>
  <Placemark>
    <name>J-962</name>
    <ExtendedData>
      <Data name="id"><value>J-962</value></Data>
    </ExtendedData>
    <Point>
      <coordinates>88.2774394,24.2508419,0</coordinates>
    </Point>
  </Placemark>
  <Placemark>
    <name>J-963</name>
    <ExtendedData>
      <Data name="id"><value>J-963</value></Data>
    </ExtendedData>
    <Point>
      <coordinates>88.2771317,24.2510114,0</coordinates>
    </Point>
  </Placemark>
  <Placemark>
    <name>J-964</name>
    <ExtendedData>
      <Data name="id"><value>J-964</value></Data>
    </ExtendedData>
    <Point>
      <coordinates>88.2770794,24.2512399,0</coordinates>
    </Point>
  </Placemark>
  <Placemark>
    <name>J-965</name>
    <ExtendedData>
      <Data name="id"><value>J-965</value></Data>
    </ExtendedData>
    <Point>
      <coordinates>88.2770391,24.2508564,0</coordinates>
    </Point>
  </Placemark>
  <Placemark>
    <name>J-966</name>
    <ExtendedData>
      <Data name="id"><value>J-966</value></Data>
    </ExtendedData>
    <Point>
      <coordinates>88.2773004,24.2506891,0</coordinates>
    </Point>
  </Placemark>
  <Placemark>
    <name>J-967</name>
    <ExtendedData>
      <Data name="id"><value>J-967</value></Data>
    </ExtendedData>
    <Point>
      <coordinates>88.276818,24.2509936,0</coordinates>
    </Point>
  </Placemark>
  <Placemark>
    <name>J-968</name>
    <ExtendedData>
      <Data name="id"><value>J-968</value></Data>
    </ExtendedData>
    <Point>
      <coordinates>88.2769803,24.2512371,0</coordinates>
    </Point>
  </Placemark>
  <Placemark>
    <name>J-969</name>
    <ExtendedData>
      <Data name="id"><value>J-969</value></Data>
    </ExtendedData>
    <Point>
      <coordinates>88.2761584,24.2494982,0</coordinates>
    </Point>
  </Placemark>
  <Placemark>
    <name>J-970</name>
    <ExtendedData>
      <Data name="id"><value>J-970</value></Data>
    </ExtendedData>
    <Point>
      <coordinates>88.2758675,24.2497933,0</coordinates>
    </Point>
  </Placemark>
  <Placemark>
    <name>J-971</name>
    <ExtendedData>
      <Data name="id"><value>J-971</value></Data>
    </ExtendedData>
    <Point>
      <coordinates>88.2757924,24.249875,0</coordinates>
    </Point>
  </Placemark>
  <Placemark>
    <name>J-972</name>
    <ExtendedData>
      <Data name="id"><value>J-972</value></Data>
    </ExtendedData>
    <Point>
      <coordinates>88.2757657,24.2494116,0</coordinates>
    </Point>
  </Placemark>
  <Placemark>
    <name>J-973</name>
    <ExtendedData>
      <Data name="id"><value>J-973</value></Data>
    </ExtendedData>
    <Point>
      <coordinates>88.2765303,24.250697,0</coordinates>
    </Point>
  </Placemark>
  <Placemark>
    <name>J-974</name>
    <ExtendedData>
      <Data name="id"><value>J-974</value></Data>
    </ExtendedData>
    <Point>
      <coordinates>88.276619,24.2505964,0</coordinates>
    </Point>
  </Placemark>
  <Placemark>
    <name>J-975</name>
    <ExtendedData>
      <Data name="id"><value>J-975</value></Data>
    </ExtendedData>
    <Point>
      <coordinates>88.2769731,24.250239,0</coordinates>
    </Point>
  </Placemark>
  <Placemark>
    <name>J-976</name>
    <ExtendedData>
      <Data name="id"><value>J-976</value></Data>
    </ExtendedData>
    <Point>
      <coordinates>88.2763754,24.2503089,0</coordinates>
    </Point>
  </Placemark>
  <Placemark>
    <name>J-977</name>
    <ExtendedData>
      <Data name="id"><value>J-977</value></Data>
    </ExtendedData>
    <Point>
      <coordinates>88.2764698,24.2501925,0</coordinates>
    </Point>
  </Placemark>
  <Placemark>
    <name>J-978</name>
    <ExtendedData>
      <Data name="id"><value>J-978</value></Data>
    </ExtendedData>
    <Point>
      <coordinates>88.2768276,24.2503793,0</coordinates>
    </Point>
  </Placemark>
  <Placemark>
    <name>J-979</name>
    <ExtendedData>
      <Data name="id"><value>J-979</value></Data>
    </ExtendedData>
    <Point>
      <coordinates>88.2761781,24.2499355,0</coordinates>
    </Point>
  </Placemark>
  <Placemark>
    <name>J-980</name>
    <ExtendedData>
      <Data name="id"><value>J-980</value></Data>
    </ExtendedData>
    <Point>
      <coordinates>88.2762732,24.250466,0</coordinates>
    </Point>
  </Placemark>
  <Placemark>
    <name>J-981</name>
    <ExtendedData>
      <Data name="id"><value>J-981</value></Data>
    </ExtendedData>
    <Point>
      <coordinates>88.2762415,24.250461,0</coordinates>
    </Point>
  </Placemark>
  <Placemark>
    <name>J-982</name>
    <ExtendedData>
      <Data name="id"><value>J-982</value></Data>
    </ExtendedData>
    <Point>
      <coordinates>88.2760683,24.25063,0</coordinates>
    </Point>
  </Placemark>
  <Placemark>
    <name>J-983</name>
    <ExtendedData>
      <Data name="id"><value>J-983</value></Data>
    </ExtendedData>
    <Point>
      <coordinates>88.2758171,24.2507579,0</coordinates>
    </Point>
  </Placemark>
  <Placemark>
    <name>J-984</name>
    <ExtendedData>
      <Data name="id"><value>J-984</value></Data>
    </ExtendedData>
    <Point>
      <coordinates>88.2757848,24.2507593,0</coordinates>
    </Point>
  </Placemark>
  <Placemark>
    <name>J-985</name>
    <ExtendedData>
      <Data name="id"><value>J-985</value></Data>
    </ExtendedData>
    <Point>
      <coordinates>88.2755138,24.2503944,0</coordinates>
    </Point>
  </Placemark>
  <Placemark>
    <name>J-986</name>
    <ExtendedData>
      <Data name="id"><value>J-986</value></Data>
    </ExtendedData>
    <Point>
      <coordinates>88.2759562,24.2500925,0</coordinates>
    </Point>
  </Placemark>
  <Placemark>
    <name>J-987</name>
    <ExtendedData>
      <Data name="id"><value>J-987</value></Data>
    </ExtendedData>
    <Point>
      <coordinates>88.2764022,24.249709,0</coordinates>
    </Point>
  </Placemark>
  <Placemark>
    <name>J-988</name>
    <ExtendedData>
      <Data name="id"><value>J-988</value></Data>
    </ExtendedData>
    <Point>
      <coordinates>88.2749464,24.2485901,0</coordinates>
    </Point>
  </Placemark>
  <Placemark>
    <name>J-989</name>
    <ExtendedData>
      <Data name="id"><value>J-989</value></Data>
    </ExtendedData>
    <Point>
      <coordinates>88.2748059,24.2487651,0</coordinates>
    </Point>
  </Placemark>
  <Placemark>
    <name>J-990</name>
    <ExtendedData>
      <Data name="id"><value>J-990</value></Data>
    </ExtendedData>
    <Point>
      <coordinates>88.2746609,24.2483916,0</coordinates>
    </Point>
  </Placemark>
  <Placemark>
    <name>J-991</name>
    <ExtendedData>
      <Data name="id"><value>J-991</value></Data>
    </ExtendedData>
    <Point>
      <coordinates>88.2744937,24.2486532,0</coordinates>
    </Point>
  </Placemark>
  <Placemark>
    <name>J-992</name>
    <ExtendedData>
      <Data name="id"><value>J-992</value></Data>
    </ExtendedData>
    <Point>
      <coordinates>88.274356,24.2482241,0</coordinates>
    </Point>
  </Placemark>
  <Placemark>
    <name>J-993</name>
    <ExtendedData>
      <Data name="id"><value>J-993</value></Data>
    </ExtendedData>
    <Point>
      <coordinates>88.2742357,24.2484981,0</coordinates>
    </Point>
  </Placemark>
  <Placemark>
    <name>J-994</name>
    <ExtendedData>
      <Data name="id"><value>J-994</value></Data>
    </ExtendedData>
    <Point>
      <coordinates>88.2738074,24.2479422,0</coordinates>
    </Point>
  </Placemark>
  <Placemark>
    <name>J-995</name>
    <ExtendedData>
      <Data name="id"><value>J-995</value></Data>
    </ExtendedData>
    <Point>
      <coordinates>88.2737036,24.248213,0</coordinates>
    </Point>
  </Placemark>
  <Placemark>
    <name>J-996</name>
    <ExtendedData>
      <Data name="id"><value>J-996</value></Data>
    </ExtendedData>
    <Point>
      <coordinates>88.2735958,24.2481772,0</coordinates>
    </Point>
  </Placemark>
  <Placemark>
    <name>J-997</name>
    <ExtendedData>
      <Data name="id"><value>J-997</value></Data>
    </ExtendedData>
    <Point>
      <coordinates>88.2737071,24.2478981,0</coordinates>
    </Point>
  </Placemark>
  <Placemark>
    <name>J-998</name>
    <ExtendedData>
      <Data name="id"><value>J-998</value></Data>
    </ExtendedData>
    <Point>
      <coordinates>88.2731102,24.2480323,0</coordinates>
    </Point>
  </Placemark>
  <Placemark>
    <name>J-999</name>
    <ExtendedData>
      <Data name="id"><value>J-999</value></Data>
    </ExtendedData>
    <Point>
      <coordinates>88.2730441,24.2482626,0</coordinates>
    </Point>
  </Placemark>
  <Placemark>
    <name>J-1000</name>
    <ExtendedData>
      <Data name="id"><value>J-1000</value></Data>
    </ExtendedData>
    <Point>
      <coordinates>88.2731642,24.2476649,0</coordinates>
    </Point>
  </Placemark>
  <Placemark>
    <name>J-1001</name>
    <ExtendedData>
      <Data name="id"><value>J-1001</value></Data>
    </ExtendedData>
    <Point>
      <coordinates>88.2719902,24.2471849,0</coordinates>
    </Point>
  </Placemark>
  <Placemark>
    <name>J-1002</name>
    <ExtendedData>
      <Data name="id"><value>J-1002</value></Data>
    </ExtendedData>
    <Point>
      <coordinates>88.2729279,24.2484773,0</coordinates>
    </Point>
  </Placemark>
  <Placemark>
    <name>J-1003</name>
    <ExtendedData>
      <Data name="id"><value>J-1003</value></Data>
    </ExtendedData>
    <Point>
      <coordinates>88.2727628,24.2483952,0</coordinates>
    </Point>
  </Placemark>
  <Placemark>
    <name>J-1004</name>
    <ExtendedData>
      <Data name="id"><value>J-1004</value></Data>
    </ExtendedData>
    <Point>
      <coordinates>88.2728949,24.2485484,0</coordinates>
    </Point>
  </Placemark>
  <Placemark>
    <name>J-1005</name>
    <ExtendedData>
      <Data name="id"><value>J-1005</value></Data>
    </ExtendedData>
    <Point>
      <coordinates>88.2731548,24.2486302,0</coordinates>
    </Point>
  </Placemark>
  <Placemark>
    <name>J-1006</name>
    <ExtendedData>
      <Data name="id"><value>J-1006</value></Data>
    </ExtendedData>
    <Point>
      <coordinates>88.2723072,24.2498254,0</coordinates>
    </Point>
  </Placemark>
  <Placemark>
    <name>J-1007</name>
    <ExtendedData>
      <Data name="id"><value>J-1007</value></Data>
    </ExtendedData>
    <Point>
      <coordinates>88.2726555,24.2498978,0</coordinates>
    </Point>
  </Placemark>
  <Placemark>
    <name>J-1008</name>
    <ExtendedData>
      <Data name="id"><value>J-1008</value></Data>
    </ExtendedData>
    <Point>
      <coordinates>88.2714965,24.2506526,0</coordinates>
    </Point>
  </Placemark>
  <Placemark>
    <name>J-1009</name>
    <ExtendedData>
      <Data name="id"><value>J-1009</value></Data>
    </ExtendedData>
    <Point>
      <coordinates>88.2714072,24.2508341,0</coordinates>
    </Point>
  </Placemark>
  <Placemark>
    <name>J-1010</name>
    <ExtendedData>
      <Data name="id"><value>J-1010</value></Data>
    </ExtendedData>
    <Point>
      <coordinates>88.2715876,24.250916,0</coordinates>
    </Point>
  </Placemark>
  <Placemark>
    <name>J-1011</name>
    <ExtendedData>
      <Data name="id"><value>J-1011</value></Data>
    </ExtendedData>
    <Point>
      <coordinates>88.2712396,24.250759,0</coordinates>
    </Point>
  </Placemark>
  <Placemark>
    <name>J-1012</name>
    <ExtendedData>
      <Data name="id"><value>J-1012</value></Data>
    </ExtendedData>
    <Point>
      <coordinates>88.2712538,24.2511623,0</coordinates>
    </Point>
  </Placemark>
  <Placemark>
    <name>J-1013</name>
    <ExtendedData>
      <Data name="id"><value>J-1013</value></Data>
    </ExtendedData>
    <Point>
      <coordinates>88.2698069,24.249973,0</coordinates>
    </Point>
  </Placemark>
  <Placemark>
    <name>J-1014</name>
    <ExtendedData>
      <Data name="id"><value>J-1014</value></Data>
    </ExtendedData>
    <Point>
      <coordinates>88.2701605,24.249031,0</coordinates>
    </Point>
  </Placemark>
  <Placemark>
    <name>J-1015</name>
    <ExtendedData>
      <Data name="id"><value>J-1015</value></Data>
    </ExtendedData>
    <Point>
      <coordinates>88.2702026,24.2486822,0</coordinates>
    </Point>
  </Placemark>
  <Placemark>
    <name>J-1016</name>
    <ExtendedData>
      <Data name="id"><value>J-1016</value></Data>
    </ExtendedData>
    <Point>
      <coordinates>88.269949,24.2486055,0</coordinates>
    </Point>
  </Placemark>
  <Placemark>
    <name>J-1017</name>
    <ExtendedData>
      <Data name="id"><value>J-1017</value></Data>
    </ExtendedData>
    <Point>
      <coordinates>88.2703951,24.2482146,0</coordinates>
    </Point>
  </Placemark>
  <Placemark>
    <name>J-1018</name>
    <ExtendedData>
      <Data name="id"><value>J-1018</value></Data>
    </ExtendedData>
    <Point>
      <coordinates>88.2698903,24.2488733,0</coordinates>
    </Point>
  </Placemark>
  <Placemark>
    <name>J-1019</name>
    <ExtendedData>
      <Data name="id"><value>J-1019</value></Data>
    </ExtendedData>
    <Point>
      <coordinates>88.2695278,24.2498551,0</coordinates>
    </Point>
  </Placemark>
  <Placemark>
    <name>J-1020</name>
    <ExtendedData>
      <Data name="id"><value>J-1020</value></Data>
    </ExtendedData>
    <Point>
      <coordinates>88.2698836,24.2489008,0</coordinates>
    </Point>
  </Placemark>
  <Placemark>
    <name>J-1021</name>
    <ExtendedData>
      <Data name="id"><value>J-1021</value></Data>
    </ExtendedData>
    <Point>
      <coordinates>88.2690512,24.2495869,0</coordinates>
    </Point>
  </Placemark>
  <Placemark>
    <name>J-1022</name>
    <ExtendedData>
      <Data name="id"><value>J-1022</value></Data>
    </ExtendedData>
    <Point>
      <coordinates>88.2691484,24.2491893,0</coordinates>
    </Point>
  </Placemark>
  <Placemark>
    <name>J-1023</name>
    <ExtendedData>
      <Data name="id"><value>J-1023</value></Data>
    </ExtendedData>
    <Point>
      <coordinates>88.268889,24.2495345,0</coordinates>
    </Point>
  </Placemark>
  <Placemark>
    <name>J-1024</name>
    <ExtendedData>
      <Data name="id"><value>J-1024</value></Data>
    </ExtendedData>
    <Point>
      <coordinates>88.2696312,24.2482623,0</coordinates>
    </Point>
  </Placemark>
  <Placemark>
    <name>J-1025</name>
    <ExtendedData>
      <Data name="id"><value>J-1025</value></Data>
    </ExtendedData>
    <Point>
      <coordinates>88.2695635,24.2480948,0</coordinates>
    </Point>
  </Placemark>
  <Placemark>
    <name>J-1026</name>
    <ExtendedData>
      <Data name="id"><value>J-1026</value></Data>
    </ExtendedData>
    <Point>
      <coordinates>88.2698669,24.247846,0</coordinates>
    </Point>
  </Placemark>
  <Placemark>
    <name>J-1027</name>
    <ExtendedData>
      <Data name="id"><value>J-1027</value></Data>
    </ExtendedData>
    <Point>
      <coordinates>88.2687901,24.250208,0</coordinates>
    </Point>
  </Placemark>
  <Placemark>
    <name>J-1028</name>
    <ExtendedData>
      <Data name="id"><value>J-1028</value></Data>
    </ExtendedData>
    <Point>
      <coordinates>88.2682893,24.2494815,0</coordinates>
    </Point>
  </Placemark>
  <Placemark>
    <name>J-1029</name>
    <ExtendedData>
      <Data name="id"><value>J-1029</value></Data>
    </ExtendedData>
    <Point>
      <coordinates>88.2682237,24.250005,0</coordinates>
    </Point>
  </Placemark>
  <Placemark>
    <name>J-1030</name>
    <ExtendedData>
      <Data name="id"><value>J-1030</value></Data>
    </ExtendedData>
    <Point>
      <coordinates>88.2681992,24.2501907,0</coordinates>
    </Point>
  </Placemark>
  <Placemark>
    <name>J-1031</name>
    <ExtendedData>
      <Data name="id"><value>J-1031</value></Data>
    </ExtendedData>
    <Point>
      <coordinates>88.268469,24.2500605,0</coordinates>
    </Point>
  </Placemark>
  <Placemark>
    <name>J-1032</name>
    <ExtendedData>
      <Data name="id"><value>J-1032</value></Data>
    </ExtendedData>
    <Point>
      <coordinates>88.2671414,24.2497852,0</coordinates>
    </Point>
  </Placemark>
  <Placemark>
    <name>J-1033</name>
    <ExtendedData>
      <Data name="id"><value>J-1033</value></Data>
    </ExtendedData>
    <Point>
      <coordinates>88.2681668,24.2494613,0</coordinates>
    </Point>
  </Placemark>
  <Placemark>
    <name>J-1034</name>
    <ExtendedData>
      <Data name="id"><value>J-1034</value></Data>
    </ExtendedData>
    <Point>
      <coordinates>88.2684927,24.2486084,0</coordinates>
    </Point>
  </Placemark>
  <Placemark>
    <name>J-1035</name>
    <ExtendedData>
      <Data name="id"><value>J-1035</value></Data>
    </ExtendedData>
    <Point>
      <coordinates>88.2688042,24.2485643,0</coordinates>
    </Point>
  </Placemark>
  <Placemark>
    <name>J-1036</name>
    <ExtendedData>
      <Data name="id"><value>J-1036</value></Data>
    </ExtendedData>
    <Point>
      <coordinates>88.2687702,24.2489205,0</coordinates>
    </Point>
  </Placemark>
  <Placemark>
    <name>J-1037</name>
    <ExtendedData>
      <Data name="id"><value>J-1037</value></Data>
    </ExtendedData>
    <Point>
      <coordinates>88.2690724,24.2485881,0</coordinates>
    </Point>
  </Placemark>
  <Placemark>
    <name>J-1038</name>
    <ExtendedData>
      <Data name="id"><value>J-1038</value></Data>
    </ExtendedData>
    <Point>
      <coordinates>88.2693754,24.2483303,0</coordinates>
    </Point>
  </Placemark>
  <Placemark>
    <name>J-1039</name>
    <ExtendedData>
      <Data name="id"><value>J-1039</value></Data>
    </ExtendedData>
    <Point>
      <coordinates>88.2671544,24.2491085,0</coordinates>
    </Point>
  </Placemark>
  <Placemark>
    <name>J-1040</name>
    <ExtendedData>
      <Data name="id"><value>J-1040</value></Data>
    </ExtendedData>
    <Point>
      <coordinates>88.2719397,24.2508271,0</coordinates>
    </Point>
  </Placemark>
  <Placemark>
    <name>J-1041</name>
    <ExtendedData>
      <Data name="id"><value>J-1041</value></Data>
    </ExtendedData>
    <Point>
      <coordinates>88.2671043,24.2491392,0</coordinates>
    </Point>
  </Placemark>
  <Placemark>
    <name>J-1042</name>
    <ExtendedData>
      <Data name="id"><value>J-1042</value></Data>
    </ExtendedData>
    <Point>
      <coordinates>88.267117,24.249885,0</coordinates>
    </Point>
  </Placemark>
  <Placemark>
    <name>J-1043</name>
    <ExtendedData>
      <Data name="id"><value>J-1043</value></Data>
    </ExtendedData>
    <Point>
      <coordinates>88.2667098,24.2498876,0</coordinates>
    </Point>
  </Placemark>
  <Placemark>
    <name>J-1044</name>
    <ExtendedData>
      <Data name="id"><value>J-1044</value></Data>
    </ExtendedData>
    <Point>
      <coordinates>88.2661328,24.2491256,0</coordinates>
    </Point>
  </Placemark>
  <Placemark>
    <name>J-1045</name>
    <ExtendedData>
      <Data name="id"><value>J-1045</value></Data>
    </ExtendedData>
    <Point>
      <coordinates>88.2657115,24.2489577,0</coordinates>
    </Point>
  </Placemark>
  <Placemark>
    <name>J-1046</name>
    <ExtendedData>
      <Data name="id"><value>J-1046</value></Data>
    </ExtendedData>
    <Point>
      <coordinates>88.2671101,24.2492373,0</coordinates>
    </Point>
  </Placemark>
  <Placemark>
    <name>J-1047</name>
    <ExtendedData>
      <Data name="id"><value>J-1047</value></Data>
    </ExtendedData>
    <Point>
      <coordinates>88.2666588,24.2491604,0</coordinates>
    </Point>
  </Placemark>
  <Placemark>
    <name>J-1048</name>
    <ExtendedData>
      <Data name="id"><value>J-1048</value></Data>
    </ExtendedData>
    <Point>
      <coordinates>88.2671093,24.2514943,0</coordinates>
    </Point>
  </Placemark>
  <Placemark>
    <name>J-1049</name>
    <ExtendedData>
      <Data name="id"><value>J-1049</value></Data>
    </ExtendedData>
    <Point>
      <coordinates>88.2680268,24.2521364,0</coordinates>
    </Point>
  </Placemark>
  <Placemark>
    <name>J-1050</name>
    <ExtendedData>
      <Data name="id"><value>J-1050</value></Data>
    </ExtendedData>
    <Point>
      <coordinates>88.2687893,24.2522256,0</coordinates>
    </Point>
  </Placemark>
  <Placemark>
    <name>J-1051</name>
    <ExtendedData>
      <Data name="id"><value>J-1051</value></Data>
    </ExtendedData>
    <Point>
      <coordinates>88.2671103,24.252122,0</coordinates>
    </Point>
  </Placemark>
  <Placemark>
    <name>J-1052</name>
    <ExtendedData>
      <Data name="id"><value>J-1052</value></Data>
    </ExtendedData>
    <Point>
      <coordinates>88.2674405,24.2521848,0</coordinates>
    </Point>
  </Placemark>
  <Placemark>
    <name>J-1053</name>
    <ExtendedData>
      <Data name="id"><value>J-1053</value></Data>
    </ExtendedData>
    <Point>
      <coordinates>88.2673768,24.2524553,0</coordinates>
    </Point>
  </Placemark>
  <Placemark>
    <name>J-1054</name>
    <ExtendedData>
      <Data name="id"><value>J-1054</value></Data>
    </ExtendedData>
    <Point>
      <coordinates>88.2675864,24.2522133,0</coordinates>
    </Point>
  </Placemark>
  <Placemark>
    <name>J-1055</name>
    <ExtendedData>
      <Data name="id"><value>J-1055</value></Data>
    </ExtendedData>
    <Point>
      <coordinates>88.2676423,24.251971,0</coordinates>
    </Point>
  </Placemark>
  <Placemark>
    <name>J-1056</name>
    <ExtendedData>
      <Data name="id"><value>J-1056</value></Data>
    </ExtendedData>
    <Point>
      <coordinates>88.2677047,24.2522405,0</coordinates>
    </Point>
  </Placemark>
  <Placemark>
    <name>J-1057</name>
    <ExtendedData>
      <Data name="id"><value>J-1057</value></Data>
    </ExtendedData>
    <Point>
      <coordinates>88.2674994,24.2519276,0</coordinates>
    </Point>
  </Placemark>
  <Placemark>
    <name>J-1058</name>
    <ExtendedData>
      <Data name="id"><value>J-1058</value></Data>
    </ExtendedData>
    <Point>
      <coordinates>88.2671059,24.2522231,0</coordinates>
    </Point>
  </Placemark>
  <Placemark>
    <name>J-1059</name>
    <ExtendedData>
      <Data name="id"><value>J-1059</value></Data>
    </ExtendedData>
    <Point>
      <coordinates>88.2667565,24.252235,0</coordinates>
    </Point>
  </Placemark>
  <Placemark>
    <name>J-1060</name>
    <ExtendedData>
      <Data name="id"><value>J-1060</value></Data>
    </ExtendedData>
    <Point>
      <coordinates>88.2671076,24.2523938,0</coordinates>
    </Point>
  </Placemark>
  <Placemark>
    <name>J-1061</name>
    <ExtendedData>
      <Data name="id"><value>J-1061</value></Data>
    </ExtendedData>
    <Point>
      <coordinates>88.2683307,24.2528672,0</coordinates>
    </Point>
  </Placemark>
  <Placemark>
    <name>J-1062</name>
    <ExtendedData>
      <Data name="id"><value>J-1062</value></Data>
    </ExtendedData>
    <Point>
      <coordinates>88.268948,24.2540003,0</coordinates>
    </Point>
  </Placemark>
  <Placemark>
    <name>J-1064</name>
    <ExtendedData>
      <Data name="id"><value>J-1064</value></Data>
    </ExtendedData>
    <Point>
      <coordinates>88.2697313,24.2555867,0</coordinates>
    </Point>
  </Placemark>
  <Placemark>
    <name>J-1090</name>
    <ExtendedData>
      <Data name="id"><value>J-1090</value></Data>
    </ExtendedData>
    <Point>
      <coordinates>88.2670996,24.2488764,0</coordinates>
    </Point>
  </Placemark>
  <Placemark>
    <name>J-1091</name>
    <ExtendedData>
      <Data name="id"><value>J-1091</value></Data>
    </ExtendedData>
    <Point>
      <coordinates>88.2670928,24.2483994,0</coordinates>
    </Point>
  </Placemark>
  <Placemark>
    <name>J-1092</name>
    <ExtendedData>
      <Data name="id"><value>J-1092</value></Data>
    </ExtendedData>
    <Point>
      <coordinates>88.2677196,24.2484579,0</coordinates>
    </Point>
  </Placemark>
  <Placemark>
    <name>J-1093</name>
    <ExtendedData>
      <Data name="id"><value>J-1093</value></Data>
    </ExtendedData>
    <Point>
      <coordinates>88.2670877,24.2480342,0</coordinates>
    </Point>
  </Placemark>
  <Placemark>
    <name>J-1094</name>
    <ExtendedData>
      <Data name="id"><value>J-1094</value></Data>
    </ExtendedData>
    <Point>
      <coordinates>88.2666767,24.2480123,0</coordinates>
    </Point>
  </Placemark>
  <Placemark>
    <name>J-1095</name>
    <ExtendedData>
      <Data name="id"><value>J-1095</value></Data>
    </ExtendedData>
    <Point>
      <coordinates>88.2661707,24.2479803,0</coordinates>
    </Point>
  </Placemark>
  <Placemark>
    <name>J-1096</name>
    <ExtendedData>
      <Data name="id"><value>J-1096</value></Data>
    </ExtendedData>
    <Point>
      <coordinates>88.2658267,24.247936,0</coordinates>
    </Point>
  </Placemark>
  <Placemark>
    <name>J-1097</name>
    <ExtendedData>
      <Data name="id"><value>J-1097</value></Data>
    </ExtendedData>
    <Point>
      <coordinates>88.2670445,24.2474124,0</coordinates>
    </Point>
  </Placemark>
  <Placemark>
    <name>J-1098</name>
    <ExtendedData>
      <Data name="id"><value>J-1098</value></Data>
    </ExtendedData>
    <Point>
      <coordinates>88.267523,24.2474152,0</coordinates>
    </Point>
  </Placemark>
  <Placemark>
    <name>J-1099</name>
    <ExtendedData>
      <Data name="id"><value>J-1099</value></Data>
    </ExtendedData>
    <Point>
      <coordinates>88.2670336,24.2470534,0</coordinates>
    </Point>
  </Placemark>
  <Placemark>
    <name>J-1100</name>
    <ExtendedData>
      <Data name="id"><value>J-1100</value></Data>
    </ExtendedData>
    <Point>
      <coordinates>88.2666254,24.2461063,0</coordinates>
    </Point>
  </Placemark>
  <Placemark>
    <name>J-1101</name>
    <ExtendedData>
      <Data name="id"><value>J-1101</value></Data>
    </ExtendedData>
    <Point>
      <coordinates>88.2661991,24.246852,0</coordinates>
    </Point>
  </Placemark>
  <Placemark>
    <name>J-1102</name>
    <ExtendedData>
      <Data name="id"><value>J-1102</value></Data>
    </ExtendedData>
    <Point>
      <coordinates>88.266137,24.2463252,0</coordinates>
    </Point>
  </Placemark>
  <Placemark>
    <name>J-1103</name>
    <ExtendedData>
      <Data name="id"><value>J-1103</value></Data>
    </ExtendedData>
    <Point>
      <coordinates>88.2649876,24.2483164,0</coordinates>
    </Point>
  </Placemark>
  <Placemark>
    <name>J-1104</name>
    <ExtendedData>
      <Data name="id"><value>J-1104</value></Data>
    </ExtendedData>
    <Point>
      <coordinates>88.2652154,24.2477053,0</coordinates>
    </Point>
  </Placemark>
  <Placemark>
    <name>J-1105</name>
    <ExtendedData>
      <Data name="id"><value>J-1105</value></Data>
    </ExtendedData>
    <Point>
      <coordinates>88.2658042,24.2479298,0</coordinates>
    </Point>
  </Placemark>
  <Placemark>
    <name>J-1106</name>
    <ExtendedData>
      <Data name="id"><value>J-1106</value></Data>
    </ExtendedData>
    <Point>
      <coordinates>88.2653219,24.2474398,0</coordinates>
    </Point>
  </Placemark>
  <Placemark>
    <name>J-1107</name>
    <ExtendedData>
      <Data name="id"><value>J-1107</value></Data>
    </ExtendedData>
    <Point>
      <coordinates>88.2653583,24.2471322,0</coordinates>
    </Point>
  </Placemark>
  <Placemark>
    <name>J-1108</name>
    <ExtendedData>
      <Data name="id"><value>J-1108</value></Data>
    </ExtendedData>
    <Point>
      <coordinates>88.265771,24.2471587,0</coordinates>
    </Point>
  </Placemark>
  <Placemark>
    <name>J-1109</name>
    <ExtendedData>
      <Data name="id"><value>J-1109</value></Data>
    </ExtendedData>
    <Point>
      <coordinates>88.2651935,24.2471718,0</coordinates>
    </Point>
  </Placemark>
  <Placemark>
    <name>J-1110</name>
    <ExtendedData>
      <Data name="id"><value>J-1110</value></Data>
    </ExtendedData>
    <Point>
      <coordinates>88.2643515,24.2474301,0</coordinates>
    </Point>
  </Placemark>
  <Placemark>
    <name>J-1111</name>
    <ExtendedData>
      <Data name="id"><value>J-1111</value></Data>
    </ExtendedData>
    <Point>
      <coordinates>88.2653083,24.2468006,0</coordinates>
    </Point>
  </Placemark>
  <Placemark>
    <name>J-1112</name>
    <ExtendedData>
      <Data name="id"><value>J-1112</value></Data>
    </ExtendedData>
    <Point>
      <coordinates>88.2657494,24.2467376,0</coordinates>
    </Point>
  </Placemark>
  <Placemark>
    <name>J-1113</name>
    <ExtendedData>
      <Data name="id"><value>J-1113</value></Data>
    </ExtendedData>
    <Point>
      <coordinates>88.265271,24.2465105,0</coordinates>
    </Point>
  </Placemark>
  <Placemark>
    <name>J-1114</name>
    <ExtendedData>
      <Data name="id"><value>J-1114</value></Data>
    </ExtendedData>
    <Point>
      <coordinates>88.2715485,24.2474777,0</coordinates>
    </Point>
  </Placemark>
  <Placemark>
    <name>J-1115</name>
    <ExtendedData>
      <Data name="id"><value>J-1115</value></Data>
    </ExtendedData>
    <Point>
      <coordinates>88.2711491,24.2482648,0</coordinates>
    </Point>
  </Placemark>
  <Placemark>
    <name>J-1116</name>
    <ExtendedData>
      <Data name="id"><value>J-1116</value></Data>
    </ExtendedData>
    <Point>
      <coordinates>88.2712257,24.2474933,0</coordinates>
    </Point>
  </Placemark>
  <Placemark>
    <name>J-1117</name>
    <ExtendedData>
      <Data name="id"><value>J-1117</value></Data>
    </ExtendedData>
    <Point>
      <coordinates>88.27113,24.2482359,0</coordinates>
    </Point>
  </Placemark>
  <Placemark>
    <name>J-1118</name>
    <ExtendedData>
      <Data name="id"><value>J-1118</value></Data>
    </ExtendedData>
    <Point>
      <coordinates>88.2708977,24.247446,0</coordinates>
    </Point>
  </Placemark>
  <Placemark>
    <name>J-1119</name>
    <ExtendedData>
      <Data name="id"><value>J-1119</value></Data>
    </ExtendedData>
    <Point>
      <coordinates>88.2708196,24.2479821,0</coordinates>
    </Point>
  </Placemark>
  <Placemark>
    <name>J-1120</name>
    <ExtendedData>
      <Data name="id"><value>J-1120</value></Data>
    </ExtendedData>
    <Point>
      <coordinates>88.270525,24.2479728,0</coordinates>
    </Point>
  </Placemark>
  <Placemark>
    <name>J-1121</name>
    <ExtendedData>
      <Data name="id"><value>J-1121</value></Data>
    </ExtendedData>
    <Point>
      <coordinates>88.2707848,24.2482169,0</coordinates>
    </Point>
  </Placemark>
  <Placemark>
    <name>J-1122</name>
    <ExtendedData>
      <Data name="id"><value>J-1122</value></Data>
    </ExtendedData>
    <Point>
      <coordinates>88.2704097,24.2481938,0</coordinates>
    </Point>
  </Placemark>
  <Placemark>
    <name>J-1123</name>
    <ExtendedData>
      <Data name="id"><value>J-1123</value></Data>
    </ExtendedData>
    <Point>
      <coordinates>88.2708626,24.2482497,0</coordinates>
    </Point>
  </Placemark>
  <Placemark>
    <name>J-1124</name>
    <ExtendedData>
      <Data name="id"><value>J-1124</value></Data>
    </ExtendedData>
    <Point>
      <coordinates>88.2705833,24.248747,0</coordinates>
    </Point>
  </Placemark>
  <Placemark>
    <name>J-1125</name>
    <ExtendedData>
      <Data name="id"><value>J-1125</value></Data>
    </ExtendedData>
    <Point>
      <coordinates>88.2704933,24.2491061,0</coordinates>
    </Point>
  </Placemark>
  <Placemark>
    <name>J-1126</name>
    <ExtendedData>
      <Data name="id"><value>J-1126</value></Data>
    </ExtendedData>
    <Point>
      <coordinates>88.2707789,24.2482424,0</coordinates>
    </Point>
  </Placemark>
  <Placemark>
    <name>J-1127</name>
    <ExtendedData>
      <Data name="id"><value>J-1127</value></Data>
    </ExtendedData>
    <Point>
      <coordinates>88.2703328,24.2491399,0</coordinates>
    </Point>
  </Placemark>
  <Placemark>
    <name>J-1128</name>
    <ExtendedData>
      <Data name="id"><value>J-1128</value></Data>
    </ExtendedData>
    <Point>
      <coordinates>88.2704341,24.2482043,0</coordinates>
    </Point>
  </Placemark>
  <Placemark>
    <name>J-1129</name>
    <ExtendedData>
      <Data name="id"><value>J-1129</value></Data>
    </ExtendedData>
    <Point>
      <coordinates>88.2702257,24.2464107,0</coordinates>
    </Point>
  </Placemark>
  <Placemark>
    <name>J-1130</name>
    <ExtendedData>
      <Data name="id"><value>J-1130</value></Data>
    </ExtendedData>
    <Point>
      <coordinates>88.2699272,24.2472214,0</coordinates>
    </Point>
  </Placemark>
  <Placemark>
    <name>J-1131</name>
    <ExtendedData>
      <Data name="id"><value>J-1131</value></Data>
    </ExtendedData>
    <Point>
      <coordinates>88.2699061,24.2473694,0</coordinates>
    </Point>
  </Placemark>
  <Placemark>
    <name>J-1132</name>
    <ExtendedData>
      <Data name="id"><value>J-1132</value></Data>
    </ExtendedData>
    <Point>
      <coordinates>88.2698669,24.2478192,0</coordinates>
    </Point>
  </Placemark>
  <Placemark>
    <name>J-1133</name>
    <ExtendedData>
      <Data name="id"><value>J-1133</value></Data>
    </ExtendedData>
    <Point>
      <coordinates>88.2696216,24.2473295,0</coordinates>
    </Point>
  </Placemark>
  <Placemark>
    <name>J-1134</name>
    <ExtendedData>
      <Data name="id"><value>J-1134</value></Data>
    </ExtendedData>
    <Point>
      <coordinates>88.2695618,24.2480668,0</coordinates>
    </Point>
  </Placemark>
  <Placemark>
    <name>J-1135</name>
    <ExtendedData>
      <Data name="id"><value>J-1135</value></Data>
    </ExtendedData>
    <Point>
      <coordinates>88.2696277,24.246161,0</coordinates>
    </Point>
  </Placemark>
  <Placemark>
    <name>J-1136</name>
    <ExtendedData>
      <Data name="id"><value>J-1136</value></Data>
    </ExtendedData>
    <Point>
      <coordinates>88.2694458,24.2469101,0</coordinates>
    </Point>
  </Placemark>
  <Placemark>
    <name>J-1137</name>
    <ExtendedData>
      <Data name="id"><value>J-1137</value></Data>
    </ExtendedData>
    <Point>
      <coordinates>88.269473,24.2473048,0</coordinates>
    </Point>
  </Placemark>
  <Placemark>
    <name>J-1138</name>
    <ExtendedData>
      <Data name="id"><value>J-1138</value></Data>
    </ExtendedData>
    <Point>
      <coordinates>88.2695799,24.2473231,0</coordinates>
    </Point>
  </Placemark>
  <Placemark>
    <name>J-1139</name>
    <ExtendedData>
      <Data name="id"><value>J-1139</value></Data>
    </ExtendedData>
    <Point>
      <coordinates>88.2692936,24.2480993,0</coordinates>
    </Point>
  </Placemark>
  <Placemark>
    <name>J-1140</name>
    <ExtendedData>
      <Data name="id"><value>J-1140</value></Data>
    </ExtendedData>
    <Point>
      <coordinates>88.2693444,24.2460298,0</coordinates>
    </Point>
  </Placemark>
  <Placemark>
    <name>J-1141</name>
    <ExtendedData>
      <Data name="id"><value>J-1141</value></Data>
    </ExtendedData>
    <Point>
      <coordinates>88.2690432,24.2468501,0</coordinates>
    </Point>
  </Placemark>
  <Placemark>
    <name>J-1142</name>
    <ExtendedData>
      <Data name="id"><value>J-1142</value></Data>
    </ExtendedData>
    <Point>
      <coordinates>88.2678752,24.2456021,0</coordinates>
    </Point>
  </Placemark>
  <Placemark>
    <name>J-1143</name>
    <ExtendedData>
      <Data name="id"><value>J-1143</value></Data>
    </ExtendedData>
    <Point>
      <coordinates>88.2678378,24.2461633,0</coordinates>
    </Point>
  </Placemark>
  <Placemark>
    <name>J-1144</name>
    <ExtendedData>
      <Data name="id"><value>J-1144</value></Data>
    </ExtendedData>
    <Point>
      <coordinates>88.2678533,24.2464507,0</coordinates>
    </Point>
  </Placemark>
  <Placemark>
    <name>J-1145</name>
    <ExtendedData>
      <Data name="id"><value>J-1145</value></Data>
    </ExtendedData>
    <Point>
      <coordinates>88.2675596,24.2461432,0</coordinates>
    </Point>
  </Placemark>
  <Placemark>
    <name>J-1146</name>
    <ExtendedData>
      <Data name="id"><value>J-1146</value></Data>
    </ExtendedData>
    <Point>
      <coordinates>88.267569,24.2459472,0</coordinates>
    </Point>
  </Placemark>
  <Placemark>
    <name>J-1147</name>
    <ExtendedData>
      <Data name="id"><value>J-1147</value></Data>
    </ExtendedData>
    <Point>
      <coordinates>88.2670618,24.2460315,0</coordinates>
    </Point>
  </Placemark>
  <Placemark>
    <name>J-1148</name>
    <ExtendedData>
      <Data name="id"><value>J-1148</value></Data>
    </ExtendedData>
    <Point>
      <coordinates>88.2670821,24.2454866,0</coordinates>
    </Point>
  </Placemark>
  <Placemark>
    <name>J-1149</name>
    <ExtendedData>
      <Data name="id"><value>J-1149</value></Data>
    </ExtendedData>
    <Point>
      <coordinates>88.2670197,24.2461404,0</coordinates>
    </Point>
  </Placemark>
  <Placemark>
    <name>J-1150</name>
    <ExtendedData>
      <Data name="id"><value>J-1150</value></Data>
    </ExtendedData>
    <Point>
      <coordinates>88.2674581,24.2470037,0</coordinates>
    </Point>
  </Placemark>
  <Placemark>
    <name>J-1151</name>
    <ExtendedData>
      <Data name="id"><value>J-1151</value></Data>
    </ExtendedData>
    <Point>
      <coordinates>88.2662723,24.2460024,0</coordinates>
    </Point>
  </Placemark>
  <Placemark>
    <name>J-1152</name>
    <ExtendedData>
      <Data name="id"><value>J-1152</value></Data>
    </ExtendedData>
    <Point>
      <coordinates>88.2663291,24.2454587,0</coordinates>
    </Point>
  </Placemark>
  <Placemark>
    <name>J-1153</name>
    <ExtendedData>
      <Data name="id"><value>J-1153</value></Data>
    </ExtendedData>
    <Point>
      <coordinates>88.266058,24.2463524,0</coordinates>
    </Point>
  </Placemark>
  <Placemark>
    <name>J-1154</name>
    <ExtendedData>
      <Data name="id"><value>J-1154</value></Data>
    </ExtendedData>
    <Point>
      <coordinates>88.2660678,24.2454645,0</coordinates>
    </Point>
  </Placemark>
  <Placemark>
    <name>J-1155</name>
    <ExtendedData>
      <Data name="id"><value>J-1155</value></Data>
    </ExtendedData>
    <Point>
      <coordinates>88.2656976,24.2464239,0</coordinates>
    </Point>
  </Placemark>
  <Placemark>
    <name>J-1156</name>
    <ExtendedData>
      <Data name="id"><value>J-1156</value></Data>
    </ExtendedData>
    <Point>
      <coordinates>88.2656152,24.245953,0</coordinates>
    </Point>
  </Placemark>
  <Placemark>
    <name>J-1157</name>
    <ExtendedData>
      <Data name="id"><value>J-1157</value></Data>
    </ExtendedData>
    <Point>
      <coordinates>88.2652785,24.2464755,0</coordinates>
    </Point>
  </Placemark>
  <Placemark>
    <name>J-1158</name>
    <ExtendedData>
      <Data name="id"><value>J-1158</value></Data>
    </ExtendedData>
    <Point>
      <coordinates>88.2658012,24.2471641,0</coordinates>
    </Point>
  </Placemark>
  <Placemark>
    <name>J-1159</name>
    <ExtendedData>
      <Data name="id"><value>J-1159</value></Data>
    </ExtendedData>
    <Point>
      <coordinates>88.2661728,24.2471825,0</coordinates>
    </Point>
  </Placemark>
  <Placemark>
    <name>J-1160</name>
    <ExtendedData>
      <Data name="id"><value>J-1160</value></Data>
    </ExtendedData>
    <Point>
      <coordinates>88.2657803,24.2478568,0</coordinates>
    </Point>
  </Placemark>
  <Placemark>
    <name>J-1161</name>
    <ExtendedData>
      <Data name="id"><value>J-1161</value></Data>
    </ExtendedData>
    <Point>
      <coordinates>88.2661321,24.2454338,0</coordinates>
    </Point>
  </Placemark>
  <Placemark>
    <name>J-1162</name>
    <ExtendedData>
      <Data name="id"><value>J-1162</value></Data>
    </ExtendedData>
    <Point>
      <coordinates>88.2661455,24.2450072,0</coordinates>
    </Point>
  </Placemark>
  <Placemark>
    <name>J-1163</name>
    <ExtendedData>
      <Data name="id"><value>J-1163</value></Data>
    </ExtendedData>
    <Point>
      <coordinates>88.2657878,24.245381,0</coordinates>
    </Point>
  </Placemark>
  <Placemark>
    <name>J-1164</name>
    <ExtendedData>
      <Data name="id"><value>J-1164</value></Data>
    </ExtendedData>
    <Point>
      <coordinates>88.2658164,24.2449565,0</coordinates>
    </Point>
  </Placemark>
  <Placemark>
    <name>J-1165</name>
    <ExtendedData>
      <Data name="id"><value>J-1165</value></Data>
    </ExtendedData>
    <Point>
      <coordinates>88.265456,24.2453189,0</coordinates>
    </Point>
  </Placemark>
  <Placemark>
    <name>J-1166</name>
    <ExtendedData>
      <Data name="id"><value>J-1166</value></Data>
    </ExtendedData>
    <Point>
      <coordinates>88.2654831,24.2447414,0</coordinates>
    </Point>
  </Placemark>
  <Placemark>
    <name>J-1167</name>
    <ExtendedData>
      <Data name="id"><value>J-1167</value></Data>
    </ExtendedData>
    <Point>
      <coordinates>88.2653248,24.2452971,0</coordinates>
    </Point>
  </Placemark>
  <Placemark>
    <name>J-1168</name>
    <ExtendedData>
      <Data name="id"><value>J-1168</value></Data>
    </ExtendedData>
    <Point>
      <coordinates>88.2652547,24.2458006,0</coordinates>
    </Point>
  </Placemark>
  <Placemark>
    <name>J-1169</name>
    <ExtendedData>
      <Data name="id"><value>J-1169</value></Data>
    </ExtendedData>
    <Point>
      <coordinates>88.2648698,24.2452316,0</coordinates>
    </Point>
  </Placemark>
  <Placemark>
    <name>J-1170</name>
    <ExtendedData>
      <Data name="id"><value>J-1170</value></Data>
    </ExtendedData>
    <Point>
      <coordinates>88.2652643,24.2464525,0</coordinates>
    </Point>
  </Placemark>
  <Placemark>
    <name>J-1171</name>
    <ExtendedData>
      <Data name="id"><value>J-1171</value></Data>
    </ExtendedData>
    <Point>
      <coordinates>88.2652074,24.2452779,0</coordinates>
    </Point>
  </Placemark>
  <Placemark>
    <name>J-1172</name>
    <ExtendedData>
      <Data name="id"><value>J-1172</value></Data>
    </ExtendedData>
    <Point>
      <coordinates>88.2652565,24.2444647,0</coordinates>
    </Point>
  </Placemark>
  <Placemark>
    <name>J-1173</name>
    <ExtendedData>
      <Data name="id"><value>J-1173</value></Data>
    </ExtendedData>
    <Point>
      <coordinates>88.2649607,24.2452298,0</coordinates>
    </Point>
  </Placemark>
  <Placemark>
    <name>J-1174</name>
    <ExtendedData>
      <Data name="id"><value>J-1174</value></Data>
    </ExtendedData>
    <Point>
      <coordinates>88.2649768,24.2448055,0</coordinates>
    </Point>
  </Placemark>
  <Placemark>
    <name>J-1175</name>
    <ExtendedData>
      <Data name="id"><value>J-1175</value></Data>
    </ExtendedData>
    <Point>
      <coordinates>88.2646009,24.2451539,0</coordinates>
    </Point>
  </Placemark>
  <Placemark>
    <name>J-1176</name>
    <ExtendedData>
      <Data name="id"><value>J-1176</value></Data>
    </ExtendedData>
    <Point>
      <coordinates>88.2646303,24.2448037,0</coordinates>
    </Point>
  </Placemark>
  <Placemark>
    <name>J-1177</name>
    <ExtendedData>
      <Data name="id"><value>J-1177</value></Data>
    </ExtendedData>
    <Point>
      <coordinates>88.2643223,24.245124,0</coordinates>
    </Point>
  </Placemark>
  <Placemark>
    <name>J-1178</name>
    <ExtendedData>
      <Data name="id"><value>J-1178</value></Data>
    </ExtendedData>
    <Point>
      <coordinates>88.2641491,24.2458475,0</coordinates>
    </Point>
  </Placemark>
  <Placemark>
    <name>J-1179</name>
    <ExtendedData>
      <Data name="id"><value>J-1179</value></Data>
    </ExtendedData>
    <Point>
      <coordinates>88.2637797,24.2458825,0</coordinates>
    </Point>
  </Placemark>
  <Placemark>
    <name>J-1180</name>
    <ExtendedData>
      <Data name="id"><value>J-1180</value></Data>
    </ExtendedData>
    <Point>
      <coordinates>88.2641383,24.2462009,0</coordinates>
    </Point>
  </Placemark>
  <Placemark>
    <name>J-1181</name>
    <ExtendedData>
      <Data name="id"><value>J-1181</value></Data>
    </ExtendedData>
    <Point>
      <coordinates>88.2638714,24.2462031,0</coordinates>
    </Point>
  </Placemark>
  <Placemark>
    <name>J-1182</name>
    <ExtendedData>
      <Data name="id"><value>J-1182</value></Data>
    </ExtendedData>
    <Point>
      <coordinates>88.2635861,24.2461926,0</coordinates>
    </Point>
  </Placemark>
  <Placemark>
    <name>J-1183</name>
    <ExtendedData>
      <Data name="id"><value>J-1183</value></Data>
    </ExtendedData>
    <Point>
      <coordinates>88.2632036,24.246166,0</coordinates>
    </Point>
  </Placemark>
  <Placemark>
    <name>J-1184</name>
    <ExtendedData>
      <Data name="id"><value>J-1184</value></Data>
    </ExtendedData>
    <Point>
      <coordinates>88.262619,24.2460497,0</coordinates>
    </Point>
  </Placemark>
  <Placemark>
    <name>J-1185</name>
    <ExtendedData>
      <Data name="id"><value>J-1185</value></Data>
    </ExtendedData>
    <Point>
      <coordinates>88.2631349,24.246454,0</coordinates>
    </Point>
  </Placemark>
  <Placemark>
    <name>J-1186</name>
    <ExtendedData>
      <Data name="id"><value>J-1186</value></Data>
    </ExtendedData>
    <Point>
      <coordinates>88.2635683,24.2464938,0</coordinates>
    </Point>
  </Placemark>
  <Placemark>
    <name>J-1187</name>
    <ExtendedData>
      <Data name="id"><value>J-1187</value></Data>
    </ExtendedData>
    <Point>
      <coordinates>88.2638465,24.2465002,0</coordinates>
    </Point>
  </Placemark>
  <Placemark>
    <name>J-1188</name>
    <ExtendedData>
      <Data name="id"><value>J-1188</value></Data>
    </ExtendedData>
    <Point>
      <coordinates>88.2641217,24.2465356,0</coordinates>
    </Point>
  </Placemark>
  <Placemark>
    <name>J-1189</name>
    <ExtendedData>
      <Data name="id"><value>J-1189</value></Data>
    </ExtendedData>
    <Point>
      <coordinates>88.2637928,24.2465174,0</coordinates>
    </Point>
  </Placemark>
  <Placemark>
    <name>J-1190</name>
    <ExtendedData>
      <Data name="id"><value>J-1190</value></Data>
    </ExtendedData>
    <Point>
      <coordinates>88.2629726,24.2464951,0</coordinates>
    </Point>
  </Placemark>
  <Placemark>
    <name>J-1191</name>
    <ExtendedData>
      <Data name="id"><value>J-1191</value></Data>
    </ExtendedData>
    <Point>
      <coordinates>88.2623836,24.2464792,0</coordinates>
    </Point>
  </Placemark>
  <Placemark>
    <name>J-1192</name>
    <ExtendedData>
      <Data name="id"><value>J-1192</value></Data>
    </ExtendedData>
    <Point>
      <coordinates>88.2629395,24.2468918,0</coordinates>
    </Point>
  </Placemark>
  <Placemark>
    <name>J-1193</name>
    <ExtendedData>
      <Data name="id"><value>J-1193</value></Data>
    </ExtendedData>
    <Point>
      <coordinates>88.2641144,24.2468851,0</coordinates>
    </Point>
  </Placemark>
  <Placemark>
    <name>J-1194</name>
    <ExtendedData>
      <Data name="id"><value>J-1194</value></Data>
    </ExtendedData>
    <Point>
      <coordinates>88.2641083,24.2470428,0</coordinates>
    </Point>
  </Placemark>
  <Placemark>
    <name>J-1195</name>
    <ExtendedData>
      <Data name="id"><value>J-1195</value></Data>
    </ExtendedData>
    <Point>
      <coordinates>88.2643236,24.2470758,0</coordinates>
    </Point>
  </Placemark>
  <Placemark>
    <name>J-1196</name>
    <ExtendedData>
      <Data name="id"><value>J-1196</value></Data>
    </ExtendedData>
    <Point>
      <coordinates>88.2652902,24.2469101,0</coordinates>
    </Point>
  </Placemark>
  <Placemark>
    <name>J-1197</name>
    <ExtendedData>
      <Data name="id"><value>J-1197</value></Data>
    </ExtendedData>
    <Point>
      <coordinates>88.2642894,24.2474357,0</coordinates>
    </Point>
  </Placemark>
  <Placemark>
    <name>J-1198</name>
    <ExtendedData>
      <Data name="id"><value>J-1198</value></Data>
    </ExtendedData>
    <Point>
      <coordinates>88.2641163,24.2474145,0</coordinates>
    </Point>
  </Placemark>
  <Placemark>
    <name>J-1199</name>
    <ExtendedData>
      <Data name="id"><value>J-1199</value></Data>
    </ExtendedData>
    <Point>
      <coordinates>88.2646658,24.2479125,0</coordinates>
    </Point>
  </Placemark>
  <Placemark>
    <name>J-1200</name>
    <ExtendedData>
      <Data name="id"><value>J-1200</value></Data>
    </ExtendedData>
    <Point>
      <coordinates>88.2650813,24.2480018,0</coordinates>
    </Point>
  </Placemark>
  <Placemark>
    <name>J-1201</name>
    <ExtendedData>
      <Data name="id"><value>J-1201</value></Data>
    </ExtendedData>
    <Point>
      <coordinates>88.2645329,24.2483837,0</coordinates>
    </Point>
  </Placemark>
  <Placemark>
    <name>J-1202</name>
    <ExtendedData>
      <Data name="id"><value>J-1202</value></Data>
    </ExtendedData>
    <Point>
      <coordinates>88.2637632,24.2473782,0</coordinates>
    </Point>
  </Placemark>
  <Placemark>
    <name>J-1203</name>
    <ExtendedData>
      <Data name="id"><value>J-1203</value></Data>
    </ExtendedData>
    <Point>
      <coordinates>88.263831,24.2469065,0</coordinates>
    </Point>
  </Placemark>
  <Placemark>
    <name>J-1204</name>
    <ExtendedData>
      <Data name="id"><value>J-1204</value></Data>
    </ExtendedData>
    <Point>
      <coordinates>88.2637033,24.2474868,0</coordinates>
    </Point>
  </Placemark>
  <Placemark>
    <name>J-1205</name>
    <ExtendedData>
      <Data name="id"><value>J-1205</value></Data>
    </ExtendedData>
    <Point>
      <coordinates>88.2634145,24.2474289,0</coordinates>
    </Point>
  </Placemark>
  <Placemark>
    <name>J-1206</name>
    <ExtendedData>
      <Data name="id"><value>J-1206</value></Data>
    </ExtendedData>
    <Point>
      <coordinates>88.2635069,24.2480842,0</coordinates>
    </Point>
  </Placemark>
  <Placemark>
    <name>J-1207</name>
    <ExtendedData>
      <Data name="id"><value>J-1207</value></Data>
    </ExtendedData>
    <Point>
      <coordinates>88.2640843,24.2450904,0</coordinates>
    </Point>
  </Placemark>
  <Placemark>
    <name>J-1208</name>
    <ExtendedData>
      <Data name="id"><value>J-1208</value></Data>
    </ExtendedData>
    <Point>
      <coordinates>88.2640517,24.2453904,0</coordinates>
    </Point>
  </Placemark>
  <Placemark>
    <name>J-1209</name>
    <ExtendedData>
      <Data name="id"><value>J-1209</value></Data>
    </ExtendedData>
    <Point>
      <coordinates>88.2638153,24.2450511,0</coordinates>
    </Point>
  </Placemark>
  <Placemark>
    <name>J-1210</name>
    <ExtendedData>
      <Data name="id"><value>J-1210</value></Data>
    </ExtendedData>
    <Point>
      <coordinates>88.2638526,24.2446199,0</coordinates>
    </Point>
  </Placemark>
  <Placemark>
    <name>J-1211</name>
    <ExtendedData>
      <Data name="id"><value>J-1211</value></Data>
    </ExtendedData>
    <Point>
      <coordinates>88.263541,24.2450155,0</coordinates>
    </Point>
  </Placemark>
  <Placemark>
    <name>J-1212</name>
    <ExtendedData>
      <Data name="id"><value>J-1212</value></Data>
    </ExtendedData>
    <Point>
      <coordinates>88.263535,24.2452233,0</coordinates>
    </Point>
  </Placemark>
  <Placemark>
    <name>J-1213</name>
    <ExtendedData>
      <Data name="id"><value>J-1213</value></Data>
    </ExtendedData>
    <Point>
      <coordinates>88.2635376,24.2450842,0</coordinates>
    </Point>
  </Placemark>
  <Placemark>
    <name>J-1214</name>
    <ExtendedData>
      <Data name="id"><value>J-1214</value></Data>
    </ExtendedData>
    <Point>
      <coordinates>88.2635274,24.2454849,0</coordinates>
    </Point>
  </Placemark>
  <Placemark>
    <name>J-1215</name>
    <ExtendedData>
      <Data name="id"><value>J-1215</value></Data>
    </ExtendedData>
    <Point>
      <coordinates>88.2630585,24.2448971,0</coordinates>
    </Point>
  </Placemark>
  <Placemark>
    <name>J-1216</name>
    <ExtendedData>
      <Data name="id"><value>J-1216</value></Data>
    </ExtendedData>
    <Point>
      <coordinates>88.2630001,24.2448723,0</coordinates>
    </Point>
  </Placemark>
  <Placemark>
    <name>J-1217</name>
    <ExtendedData>
      <Data name="id"><value>J-1217</value></Data>
    </ExtendedData>
    <Point>
      <coordinates>88.2629563,24.2445449,0</coordinates>
    </Point>
  </Placemark>
  <Placemark>
    <name>J-1218</name>
    <ExtendedData>
      <Data name="id"><value>J-1218</value></Data>
    </ExtendedData>
    <Point>
      <coordinates>88.2622143,24.2447285,0</coordinates>
    </Point>
  </Placemark>
  <Placemark>
    <name>J-1219</name>
    <ExtendedData>
      <Data name="id"><value>J-1219</value></Data>
    </ExtendedData>
    <Point>
      <coordinates>88.2627737,24.2456034,0</coordinates>
    </Point>
  </Placemark>
  <Placemark>
    <name>J-1220</name>
    <ExtendedData>
      <Data name="id"><value>J-1220</value></Data>
    </ExtendedData>
    <Point>
      <coordinates>88.2623395,24.2455414,0</coordinates>
    </Point>
  </Placemark>
  <Placemark>
    <name>J-1221</name>
    <ExtendedData>
      <Data name="id"><value>J-1221</value></Data>
    </ExtendedData>
    <Point>
      <coordinates>88.2620763,24.2455213,0</coordinates>
    </Point>
  </Placemark>
  <Placemark>
    <name>J-1222</name>
    <ExtendedData>
      <Data name="id"><value>J-1222</value></Data>
    </ExtendedData>
    <Point>
      <coordinates>88.2624453,24.2447876,0</coordinates>
    </Point>
  </Placemark>
  <Placemark>
    <name>J-1223</name>
    <ExtendedData>
      <Data name="id"><value>J-1223</value></Data>
    </ExtendedData>
    <Point>
      <coordinates>88.2623495,24.2464815,0</coordinates>
    </Point>
  </Placemark>
  <Placemark>
    <name>J-1224</name>
    <ExtendedData>
      <Data name="id"><value>J-1224</value></Data>
    </ExtendedData>
    <Point>
      <coordinates>88.2618838,24.2464372,0</coordinates>
    </Point>
  </Placemark>
  <Placemark>
    <name>J-1225</name>
    <ExtendedData>
      <Data name="id"><value>J-1225</value></Data>
    </ExtendedData>
    <Point>
      <coordinates>88.2621927,24.246876,0</coordinates>
    </Point>
  </Placemark>
  <Placemark>
    <name>J-1226</name>
    <ExtendedData>
      <Data name="id"><value>J-1226</value></Data>
    </ExtendedData>
    <Point>
      <coordinates>88.2629048,24.2468909,0</coordinates>
    </Point>
  </Placemark>
  <Placemark>
    <name>J-1227</name>
    <ExtendedData>
      <Data name="id"><value>J-1227</value></Data>
    </ExtendedData>
    <Point>
      <coordinates>88.2615688,24.2469391,0</coordinates>
    </Point>
  </Placemark>
  <Placemark>
    <name>J-1228</name>
    <ExtendedData>
      <Data name="id"><value>J-1228</value></Data>
    </ExtendedData>
    <Point>
      <coordinates>88.2615827,24.2464482,0</coordinates>
    </Point>
  </Placemark>
  <Placemark>
    <name>J-1229</name>
    <ExtendedData>
      <Data name="id"><value>J-1229</value></Data>
    </ExtendedData>
    <Point>
      <coordinates>88.2615254,24.2473412,0</coordinates>
    </Point>
  </Placemark>
  <Placemark>
    <name>J-1230</name>
    <ExtendedData>
      <Data name="id"><value>J-1230</value></Data>
    </ExtendedData>
    <Point>
      <coordinates>88.2621309,24.2472193,0</coordinates>
    </Point>
  </Placemark>
  <Placemark>
    <name>J-1231</name>
    <ExtendedData>
      <Data name="id"><value>J-1231</value></Data>
    </ExtendedData>
    <Point>
      <coordinates>88.2630202,24.2473706,0</coordinates>
    </Point>
  </Placemark>
  <Placemark>
    <name>J-1232</name>
    <ExtendedData>
      <Data name="id"><value>J-1232</value></Data>
    </ExtendedData>
    <Point>
      <coordinates>88.263415,24.2473615,0</coordinates>
    </Point>
  </Placemark>
  <Placemark>
    <name>J-1233</name>
    <ExtendedData>
      <Data name="id"><value>J-1233</value></Data>
    </ExtendedData>
    <Point>
      <coordinates>88.263565,24.2465431,0</coordinates>
    </Point>
  </Placemark>
  <Placemark>
    <name>J-1234</name>
    <ExtendedData>
      <Data name="id"><value>J-1234</value></Data>
    </ExtendedData>
    <Point>
      <coordinates>88.2632478,24.2480149,0</coordinates>
    </Point>
  </Placemark>
  <Placemark>
    <name>J-1235</name>
    <ExtendedData>
      <Data name="id"><value>J-1235</value></Data>
    </ExtendedData>
    <Point>
      <coordinates>88.2628894,24.2478933,0</coordinates>
    </Point>
  </Placemark>
  <Placemark>
    <name>J-1236</name>
    <ExtendedData>
      <Data name="id"><value>J-1236</value></Data>
    </ExtendedData>
    <Point>
      <coordinates>88.2621087,24.2473011,0</coordinates>
    </Point>
  </Placemark>
  <Placemark>
    <name>J-1237</name>
    <ExtendedData>
      <Data name="id"><value>J-1237</value></Data>
    </ExtendedData>
    <Point>
      <coordinates>88.2615568,24.2472291,0</coordinates>
    </Point>
  </Placemark>
  <Placemark>
    <name>J-1238</name>
    <ExtendedData>
      <Data name="id"><value>J-1238</value></Data>
    </ExtendedData>
    <Point>
      <coordinates>88.2620607,24.2476169,0</coordinates>
    </Point>
  </Placemark>
  <Placemark>
    <name>J-1239</name>
    <ExtendedData>
      <Data name="id"><value>J-1239</value></Data>
    </ExtendedData>
    <Point>
      <coordinates>88.2620575,24.2476509,0</coordinates>
    </Point>
  </Placemark>
  <Placemark>
    <name>J-1240</name>
    <ExtendedData>
      <Data name="id"><value>J-1240</value></Data>
    </ExtendedData>
    <Point>
      <coordinates>88.2613042,24.2470469,0</coordinates>
    </Point>
  </Placemark>
  <Placemark>
    <name>J-1241</name>
    <ExtendedData>
      <Data name="id"><value>J-1241</value></Data>
    </ExtendedData>
    <Point>
      <coordinates>88.2610029,24.2465098,0</coordinates>
    </Point>
  </Placemark>
  <Placemark>
    <name>J-1242</name>
    <ExtendedData>
      <Data name="id"><value>J-1242</value></Data>
    </ExtendedData>
    <Point>
      <coordinates>88.2606483,24.2462364,0</coordinates>
    </Point>
  </Placemark>
  <Placemark>
    <name>J-1243</name>
    <ExtendedData>
      <Data name="id"><value>J-1243</value></Data>
    </ExtendedData>
    <Point>
      <coordinates>88.264883,24.248488,0</coordinates>
    </Point>
  </Placemark>
  <Placemark>
    <name>J-1244</name>
    <ExtendedData>
      <Data name="id"><value>J-1244</value></Data>
    </ExtendedData>
    <Point>
      <coordinates>88.2625393,24.2478059,0</coordinates>
    </Point>
  </Placemark>
  <Placemark>
    <name>J-1245</name>
    <ExtendedData>
      <Data name="id"><value>J-1245</value></Data>
    </ExtendedData>
    <Point>
      <coordinates>88.2621197,24.2480779,0</coordinates>
    </Point>
  </Placemark>
  <Placemark>
    <name>J-1246</name>
    <ExtendedData>
      <Data name="id"><value>J-1246</value></Data>
    </ExtendedData>
    <Point>
      <coordinates>88.2619275,24.2482559,0</coordinates>
    </Point>
  </Placemark>
  <Placemark>
    <name>J-1247</name>
    <ExtendedData>
      <Data name="id"><value>J-1247</value></Data>
    </ExtendedData>
    <Point>
      <coordinates>88.2628979,24.2495037,0</coordinates>
    </Point>
  </Placemark>
  <Placemark>
    <name>J-1248</name>
    <ExtendedData>
      <Data name="id"><value>J-1248</value></Data>
    </ExtendedData>
    <Point>
      <coordinates>88.2636094,24.2491746,0</coordinates>
    </Point>
  </Placemark>
  <Placemark>
    <name>J-1252</name>
    <ExtendedData>
      <Data name="id"><value>J-1252</value></Data>
    </ExtendedData>
    <Point>
      <coordinates>88.2647989,24.2486446,0</coordinates>
    </Point>
  </Placemark>
  <Placemark>
    <name>J-1253</name>
    <ExtendedData>
      <Data name="id"><value>J-1253</value></Data>
    </ExtendedData>
    <Point>
      <coordinates>88.2642209,24.2486865,0</coordinates>
    </Point>
  </Placemark>
  <Placemark>
    <name>J-1254</name>
    <ExtendedData>
      <Data name="id"><value>J-1254</value></Data>
    </ExtendedData>
    <Point>
      <coordinates>88.264456,24.2493475,0</coordinates>
    </Point>
  </Placemark>
  <Placemark>
    <name>J-1317</name>
    <ExtendedData>
      <Data name="id"><value>J-1317</value></Data>
    </ExtendedData>
    <Point>
      <coordinates>88.2887088,24.2549537,0</coordinates>
    </Point>
  </Placemark>
  <Placemark>
    <name>R-1</name>
    <ExtendedData>
      <Data name="id"><value>R-1</value></Data>
    </ExtendedData>
    <Point>
      <coordinates>88.2855554,24.2424365,16</coordinates>
    </Point>
  </Placemark>
  <Placemark>
    <name>P-1</name>
    <ExtendedData>
      <Data name="id"><value>P-1</value></Data>
      <Data name="source"><value>R-1</value></Data>
      <Data name="target"><value>J-1</value></Data>
    </ExtendedData>
    <LineString>
      <coordinates>
        88.2855554,24.2424365
        88.2849294,24.2421958
        88.283864,24.2416847
      </coordinates>
    </LineString>
  </Placemark>
  <Placemark>
    <name>P-2</name>
    <ExtendedData>
      <Data name="id"><value>P-2</value></Data>
      <Data name="source"><value>J-1</value></Data>
      <Data name="target"><value>J-2</value></Data>
    </ExtendedData>
    <LineString>
      <coordinates>
        88.283864,24.2416847
        88.2842305,24.2411156
      </coordinates>
    </LineString>
  </Placemark>
  <Placemark>
    <name>P-4</name>
    <ExtendedData>
      <Data name="id"><value>P-4</value></Data>
      <Data name="source"><value>J-3</value></Data>
      <Data name="target"><value>J-4</value></Data>
    </ExtendedData>
    <LineString>
      <coordinates>
        88.2851389,24.2419153
        88.2851118,24.2419614
        88.2849726,24.242184
      </coordinates>
    </LineString>
  </Placemark>
  <Placemark>
    <name>P-5</name>
    <ExtendedData>
      <Data name="id"><value>P-5</value></Data>
      <Data name="source"><value>J-3</value></Data>
      <Data name="target"><value>J-5</value></Data>
    </ExtendedData>
    <LineString>
      <coordinates>
        88.2851389,24.2419153
        88.2852147,24.2417309
      </coordinates>
    </LineString>
  </Placemark>
  <Placemark>
    <name>P-3</name>
    <ExtendedData>
      <Data name="id"><value>P-3</value></Data>
      <Data name="source"><value>J-6</value></Data>
      <Data name="target"><value>J-3</value></Data>
    </ExtendedData>
    <LineString>
      <coordinates>
        88.2840734,24.2414009
        88.2844159,24.2415194
        88.2843815,24.241584
        88.2846987,24.2417375
        88.2847767,24.2417736
        88.2850005,24.2418567
        88.2851389,24.2419153
      </coordinates>
    </LineString>
  </Placemark>
  <Placemark>
    <name>P-6</name>
    <ExtendedData>
      <Data name="id"><value>P-6</value></Data>
      <Data name="source"><value>J-1</value></Data>
      <Data name="target"><value>J-6</value></Data>
    </ExtendedData>
    <LineString>
      <coordinates>
        88.283864,24.2416847
        88.283919,24.2416312
        88.2840734,24.2414009
      </coordinates>
    </LineString>
  </Placemark>
  <Placemark>
    <name>P-7</name>
    <ExtendedData>
      <Data name="id"><value>P-7</value></Data>
      <Data name="source"><value>J-2</value></Data>
      <Data name="target"><value>J-7</value></Data>
    </ExtendedData>
    <LineString>
      <coordinates>
        88.2842305,24.2411156
        88.2843277,24.2409573
        88.2845241,24.2405582
        88.2847344,24.2400007
        88.2848478,24.2396013
        88.2849902,24.2389421
        88.2850145,24.2388637
      </coordinates>
    </LineString>
  </Placemark>
  <Placemark>
    <name>P-8</name>
    <ExtendedData>
      <Data name="id"><value>P-8</value></Data>
      <Data name="source"><value>J-6</value></Data>
      <Data name="target"><value>J-8</value></Data>
    </ExtendedData>
    <LineString>
      <coordinates>
        88.2840734,24.2414009
        88.2841375,24.2413014
      </coordinates>
    </LineString>
  </Placemark>
  <Placemark>
    <name>P-9</name>
    <ExtendedData>
      <Data name="id"><value>P-9</value></Data>
      <Data name="source"><value>J-8</value></Data>
      <Data name="target"><value>J-9</value></Data>
    </ExtendedData>
    <LineString>
      <coordinates>
        88.2841375,24.2413014
        88.2851758,24.241719
      </coordinates>
    </LineString>
  </Placemark>
  <Placemark>
    <name>P-10</name>
    <ExtendedData>
      <Data name="id"><value>P-10</value></Data>
      <Data name="source"><value>J-8</value></Data>
      <Data name="target"><value>J-10</value></Data>
    </ExtendedData>
    <LineString>
      <coordinates>
        88.2841375,24.2413014
        88.2843149,24.2410059
      </coordinates>
    </LineString>
  </Placemark>
  <Placemark>
    <name>P-11</name>
    <ExtendedData>
      <Data name="id"><value>P-11</value></Data>
      <Data name="source"><value>J-10</value></Data>
      <Data name="target"><value>J-11</value></Data>
    </ExtendedData>
    <LineString>
      <coordinates>
        88.2843149,24.2410059
        88.2847515,24.2411768
      </coordinates>
    </LineString>
  </Placemark>
  <Placemark>
    <name>P-12</name>
    <ExtendedData>
      <Data name="id"><value>P-12</value></Data>
      <Data name="source"><value>J-10</value></Data>
      <Data name="target"><value>J-12</value></Data>
    </ExtendedData>
    <LineString>
      <coordinates>
        88.2843149,24.2410059
        88.2844877,24.2406571
      </coordinates>
    </LineString>
  </Placemark>
  <Placemark>
    <name>P-13</name>
    <ExtendedData>
      <Data name="id"><value>P-13</value></Data>
      <Data name="source"><value>J-12</value></Data>
      <Data name="target"><value>J-13</value></Data>
    </ExtendedData>
    <LineString>
      <coordinates>
        88.2844877,24.2406571
        88.2853257,24.2408816
      </coordinates>
    </LineString>
  </Placemark>
  <Placemark>
    <name>P-14</name>
    <ExtendedData>
      <Data name="id"><value>P-14</value></Data>
      <Data name="source"><value>J-12</value></Data>
      <Data name="target"><value>J-14</value></Data>
    </ExtendedData>
    <LineString>
      <coordinates>
        88.2844877,24.2406571
        88.2845671,24.2404835
        88.2846475,24.240279
      </coordinates>
    </LineString>
  </Placemark>
  <Placemark>
    <name>P-15</name>
    <ExtendedData>
      <Data name="id"><value>P-15</value></Data>
      <Data name="source"><value>J-14</value></Data>
      <Data name="target"><value>J-15</value></Data>
    </ExtendedData>
    <LineString>
      <coordinates>
        88.2846475,24.240279
        88.2853836,24.2404712
      </coordinates>
    </LineString>
  </Placemark>
  <Placemark>
    <name>P-16</name>
    <ExtendedData>
      <Data name="id"><value>P-16</value></Data>
      <Data name="source"><value>J-14</value></Data>
      <Data name="target"><value>J-16</value></Data>
    </ExtendedData>
    <LineString>
      <coordinates>
        88.2846475,24.240279
        88.2846967,24.240125
      </coordinates>
    </LineString>
  </Placemark>
  <Placemark>
    <name>P-17</name>
    <ExtendedData>
      <Data name="id"><value>P-17</value></Data>
      <Data name="source"><value>J-16</value></Data>
      <Data name="target"><value>J-17</value></Data>
    </ExtendedData>
    <LineString>
      <coordinates>
        88.2846967,24.240125
        88.2850344,24.2402266
        88.285061,24.2401631
        88.2855709,24.2403206
        88.2858152,24.2403773
        88.2859622,24.2401746
        88.286078,24.2400443
      </coordinates>
    </LineString>
  </Placemark>
  <Placemark>
    <name>P-18</name>
    <ExtendedData>
      <Data name="id"><value>P-18</value></Data>
      <Data name="source"><value>J-16</value></Data>
      <Data name="target"><value>J-18</value></Data>
    </ExtendedData>
    <LineString>
      <coordinates>
        88.2846967,24.240125
        88.2847463,24.2399835
        88.2847653,24.2399172
        88.2851335,24.2400473
        88.2853714,24.2396592
      </coordinates>
    </LineString>
  </Placemark>
  <Placemark>
    <name>P-19</name>
    <ExtendedData>
      <Data name="id"><value>P-19</value></Data>
      <Data name="source"><value>J-18</value></Data>
      <Data name="target"><value>J-19</value></Data>
    </ExtendedData>
    <LineString>
      <coordinates>
        88.2853714,24.2396592
        88.2850929,24.2395169
        88.2849135,24.2394512
      </coordinates>
    </LineString>
  </Placemark>
  <Placemark>
    <name>P-20</name>
    <ExtendedData>
      <Data name="id"><value>P-20</value></Data>
      <Data name="source"><value>J-18</value></Data>
      <Data name="target"><value>J-20</value></Data>
    </ExtendedData>
    <LineString>
      <coordinates>
        88.2853714,24.2396592
        88.2854906,24.2397155
        88.2856498,24.2397656
        88.285832,24.2397824
      </coordinates>
    </LineString>
  </Placemark>
  <Placemark>
    <name>P-21</name>
    <ExtendedData>
      <Data name="id"><value>P-21</value></Data>
      <Data name="source"><value>J-7</value></Data>
      <Data name="target"><value>J-21</value></Data>
    </ExtendedData>
    <LineString>
      <coordinates>
        88.2850145,24.2388637
        88.2853456,24.2392128
      </coordinates>
    </LineString>
  </Placemark>
  <Placemark>
    <name>P-22</name>
    <ExtendedData>
      <Data name="id"><value>P-22</value></Data>
      <Data name="source"><value>J-21</value></Data>
      <Data name="target"><value>J-22</value></Data>
    </ExtendedData>
    <LineString>
      <coordinates>
        88.2853456,24.2392128
        88.285603,24.239501
      </coordinates>
    </LineString>
  </Placemark>
  <Placemark>
    <name>P-23</name>
    <ExtendedData>
      <Data name="id"><value>P-23</value></Data>
      <Data name="source"><value>J-22</value></Data>
      <Data name="target"><value>J-23</value></Data>
    </ExtendedData>
    <LineString>
      <coordinates>
        88.285603,24.239501
        88.2864578,24.2403979
      </coordinates>
    </LineString>
  </Placemark>
  <Placemark>
    <name>P-24</name>
    <ExtendedData>
      <Data name="id"><value>P-24</value></Data>
      <Data name="source"><value>J-23</value></Data>
      <Data name="target"><value>J-24</value></Data>
    </ExtendedData>
    <LineString>
      <coordinates>
        88.2864578,24.2403979
        88.2875133,24.2402722
      </coordinates>
    </LineString>
  </Placemark>
  <Placemark>
    <name>P-25</name>
    <ExtendedData>
      <Data name="id"><value>P-25</value></Data>
      <Data name="source"><value>J-24</value></Data>
      <Data name="target"><value>J-25</value></Data>
    </ExtendedData>
    <LineString>
      <coordinates>
        88.2875133,24.2402722
        88.2874106,24.2394432
      </coordinates>
    </LineString>
  </Placemark>
  <Placemark>
    <name>P-26</name>
    <ExtendedData>
      <Data name="id"><value>P-26</value></Data>
      <Data name="source"><value>J-25</value></Data>
      <Data name="target"><value>J-26</value></Data>
    </ExtendedData>
    <LineString>
      <coordinates>
        88.2874106,24.2394432
        88.2885131,24.2393467
      </coordinates>
    </LineString>
  </Placemark>
  <Placemark>
    <name>P-27</name>
    <ExtendedData>
      <Data name="id"><value>P-27</value></Data>
      <Data name="source"><value>J-25</value></Data>
      <Data name="target"><value>J-27</value></Data>
    </ExtendedData>
    <LineString>
      <coordinates>
        88.2874106,24.2394432
        88.2873356,24.2391335
      </coordinates>
    </LineString>
  </Placemark>
  <Placemark>
    <name>P-28</name>
    <ExtendedData>
      <Data name="id"><value>P-28</value></Data>
      <Data name="source"><value>J-27</value></Data>
      <Data name="target"><value>J-28</value></Data>
    </ExtendedData>
    <LineString>
      <coordinates>
        88.2873356,24.2391335
        88.2863773,24.2391272
      </coordinates>
    </LineString>
  </Placemark>
  <Placemark>
    <name>P-29</name>
    <ExtendedData>
      <Data name="id"><value>P-29</value></Data>
      <Data name="source"><value>J-22</value></Data>
      <Data name="target"><value>J-29</value></Data>
    </ExtendedData>
    <LineString>
      <coordinates>
        88.285603,24.239501
        88.2863273,24.2391305
      </coordinates>
    </LineString>
  </Placemark>
  <Placemark>
    <name>P-30</name>
    <ExtendedData>
      <Data name="id"><value>P-30</value></Data>
      <Data name="source"><value>J-21</value></Data>
      <Data name="target"><value>J-30</value></Data>
    </ExtendedData>
    <LineString>
      <coordinates>
        88.2853456,24.2392128
        88.2855605,24.2390013
      </coordinates>
    </LineString>
  </Placemark>
  <Placemark>
    <name>P-31</name>
    <ExtendedData>
      <Data name="id"><value>P-31</value></Data>
      <Data name="source"><value>J-30</value></Data>
      <Data name="target"><value>J-31</value></Data>
    </ExtendedData>
    <LineString>
      <coordinates>
        88.2855605,24.2390013
        88.2856761,24.2391418
        88.2862752,24.2391276
      </coordinates>
    </LineString>
  </Placemark>
  <Placemark>
    <name>P-32</name>
    <ExtendedData>
      <Data name="id"><value>P-32</value></Data>
      <Data name="source"><value>J-30</value></Data>
      <Data name="target"><value>J-32</value></Data>
    </ExtendedData>
    <LineString>
      <coordinates>
        88.2855605,24.2390013
        88.2858067,24.2387383
      </coordinates>
    </LineString>
  </Placemark>
  <Placemark>
    <name>P-33</name>
    <ExtendedData>
      <Data name="id"><value>P-33</value></Data>
      <Data name="source"><value>J-32</value></Data>
      <Data name="target"><value>J-33</value></Data>
    </ExtendedData>
    <LineString>
      <coordinates>
        88.2858067,24.2387383
        88.2854922,24.2385789
        88.2851689,24.2385013
      </coordinates>
    </LineString>
  </Placemark>
  <Placemark>
    <name>P-34</name>
    <ExtendedData>
      <Data name="id"><value>P-34</value></Data>
      <Data name="source"><value>J-32</value></Data>
      <Data name="target"><value>J-34</value></Data>
    </ExtendedData>
    <LineString>
      <coordinates>
        88.2858067,24.2387383
        88.2864888,24.2380249
      </coordinates>
    </LineString>
  </Placemark>
  <Placemark>
    <name>P-35</name>
    <ExtendedData>
      <Data name="id"><value>P-35</value></Data>
      <Data name="source"><value>J-34</value></Data>
      <Data name="target"><value>J-35</value></Data>
    </ExtendedData>
    <LineString>
      <coordinates>
        88.2864888,24.2380249
        88.2862154,24.2379325
      </coordinates>
    </LineString>
  </Placemark>
  <Placemark>
    <name>P-36</name>
    <ExtendedData>
      <Data name="id"><value>P-36</value></Data>
      <Data name="source"><value>J-34</value></Data>
      <Data name="target"><value>J-36</value></Data>
    </ExtendedData>
    <LineString>
      <coordinates>
        88.2864888,24.2380249
        88.2867998,24.2376903
      </coordinates>
    </LineString>
  </Placemark>
  <Placemark>
    <name>P-37</name>
    <ExtendedData>
      <Data name="id"><value>P-37</value></Data>
      <Data name="source"><value>J-36</value></Data>
      <Data name="target"><value>J-37</value></Data>
    </ExtendedData>
    <LineString>
      <coordinates>
        88.2867998,24.2376903
        88.2868456,24.2379627
      </coordinates>
    </LineString>
  </Placemark>
  <Placemark>
    <name>P-38</name>
    <ExtendedData>
      <Data name="id"><value>P-38</value></Data>
      <Data name="source"><value>J-36</value></Data>
      <Data name="target"><value>J-38</value></Data>
    </ExtendedData>
    <LineString>
      <coordinates>
        88.2867998,24.2376903
        88.2870921,24.2373767
      </coordinates>
    </LineString>
  </Placemark>
  <Placemark>
    <name>P-39</name>
    <ExtendedData>
      <Data name="id"><value>P-39</value></Data>
      <Data name="source"><value>J-36</value></Data>
      <Data name="target"><value>J-39</value></Data>
    </ExtendedData>
    <LineString>
      <coordinates>
        88.2867998,24.2376903
        88.2866159,24.2375171
        88.2865673,24.237356
        88.2865297,24.2371227
      </coordinates>
    </LineString>
  </Placemark>
  <Placemark>
    <name>P-40</name>
    <ExtendedData>
      <Data name="id"><value>P-40</value></Data>
      <Data name="source"><value>J-39</value></Data>
      <Data name="target"><value>J-40</value></Data>
    </ExtendedData>
    <LineString>
      <coordinates>
        88.2865297,24.2371227
        88.2860161,24.2371695
      </coordinates>
    </LineString>
  </Placemark>
  <Placemark>
    <name>P-41</name>
    <ExtendedData>
      <Data name="id"><value>P-41</value></Data>
      <Data name="source"><value>J-40</value></Data>
      <Data name="target"><value>J-41</value></Data>
    </ExtendedData>
    <LineString>
      <coordinates>
        88.2860161,24.2371695
        88.2856154,24.2372181
      </coordinates>
    </LineString>
  </Placemark>
  <Placemark>
    <name>P-42</name>
    <ExtendedData>
      <Data name="id"><value>P-42</value></Data>
      <Data name="source"><value>J-40</value></Data>
      <Data name="target"><value>J-42</value></Data>
    </ExtendedData>
    <LineString>
      <coordinates>
        88.2860161,24.2371695
        88.2859979,24.2376249
        88.2860047,24.2376704
        88.2854434,24.2376546
      </coordinates>
    </LineString>
  </Placemark>
  <Placemark>
    <name>P-43</name>
    <ExtendedData>
      <Data name="id"><value>P-43</value></Data>
      <Data name="source"><value>J-42</value></Data>
      <Data name="target"><value>J-43</value></Data>
    </ExtendedData>
    <LineString>
      <coordinates>
        88.2854434,24.2376546
        88.2853888,24.2378065
      </coordinates>
    </LineString>
  </Placemark>
  <Placemark>
    <name>P-44</name>
    <ExtendedData>
      <Data name="id"><value>P-44</value></Data>
      <Data name="source"><value>J-43</value></Data>
      <Data name="target"><value>J-44</value></Data>
    </ExtendedData>
    <LineString>
      <coordinates>
        88.2853888,24.2378065
        88.2857744,24.237887
      </coordinates>
    </LineString>
  </Placemark>
  <Placemark>
    <name>P-45</name>
    <ExtendedData>
      <Data name="id"><value>P-45</value></Data>
      <Data name="source"><value>J-43</value></Data>
      <Data name="target"><value>J-45</value></Data>
    </ExtendedData>
    <LineString>
      <coordinates>
        88.2853888,24.2378065
        88.2852638,24.2381354
        88.2856526,24.2382115
      </coordinates>
    </LineString>
  </Placemark>
  <Placemark>
    <name>P-46</name>
    <ExtendedData>
      <Data name="id"><value>P-46</value></Data>
      <Data name="source"><value>J-39</value></Data>
      <Data name="target"><value>J-46</value></Data>
    </ExtendedData>
    <LineString>
      <coordinates>
        88.2865297,24.2371227
        88.2870513,24.2370701
      </coordinates>
    </LineString>
  </Placemark>
  <Placemark>
    <name>P-47</name>
    <ExtendedData>
      <Data name="id"><value>P-47</value></Data>
      <Data name="source"><value>J-27</value></Data>
      <Data name="target"><value>J-47</value></Data>
    </ExtendedData>
    <LineString>
      <coordinates>
        88.2873356,24.2391335
        88.2873046,24.2387187
        88.2871742,24.2378451
        88.2870863,24.2370658
      </coordinates>
    </LineString>
  </Placemark>
  <Placemark>
    <name>P-48</name>
    <ExtendedData>
      <Data name="id"><value>P-48</value></Data>
      <Data name="source"><value>J-47</value></Data>
      <Data name="target"><value>J-48</value></Data>
    </ExtendedData>
    <LineString>
      <coordinates>
        88.2870863,24.2370658
        88.2878142,24.2369967
      </coordinates>
    </LineString>
  </Placemark>
  <Placemark>
    <name>P-49</name>
    <ExtendedData>
      <Data name="id"><value>P-49</value></Data>
      <Data name="source"><value>J-48</value></Data>
      <Data name="target"><value>J-49</value></Data>
    </ExtendedData>
    <LineString>
      <coordinates>
        88.2878142,24.2369967
        88.2878649,24.2373588
      </coordinates>
    </LineString>
  </Placemark>
  <Placemark>
    <name>P-50</name>
    <ExtendedData>
      <Data name="id"><value>P-50</value></Data>
      <Data name="source"><value>J-48</value></Data>
      <Data name="target"><value>J-50</value></Data>
    </ExtendedData>
    <LineString>
      <coordinates>
        88.2878142,24.2369967
        88.2884745,24.2369126
      </coordinates>
    </LineString>
  </Placemark>
  <Placemark>
    <name>P-51</name>
    <ExtendedData>
      <Data name="id"><value>P-51</value></Data>
      <Data name="source"><value>J-50</value></Data>
      <Data name="target"><value>J-51</value></Data>
    </ExtendedData>
    <LineString>
      <coordinates>
        88.2884745,24.2369126
        88.2885059,24.2372468
      </coordinates>
    </LineString>
  </Placemark>
  <Placemark>
    <name>P-52</name>
    <ExtendedData>
      <Data name="id"><value>P-52</value></Data>
      <Data name="source"><value>J-50</value></Data>
      <Data name="target"><value>J-52</value></Data>
    </ExtendedData>
    <LineString>
      <coordinates>
        88.2884745,24.2369126
        88.2891313,24.2368355
      </coordinates>
    </LineString>
  </Placemark>
  <Placemark>
    <name>P-53</name>
    <ExtendedData>
      <Data name="id"><value>P-53</value></Data>
      <Data name="source"><value>J-47</value></Data>
      <Data name="target"><value>J-53</value></Data>
    </ExtendedData>
    <LineString>
      <coordinates>
        88.2870863,24.2370658
        88.2869938,24.2363328
      </coordinates>
    </LineString>
  </Placemark>
  <Placemark>
    <name>P-54</name>
    <ExtendedData>
      <Data name="id"><value>P-54</value></Data>
      <Data name="source"><value>J-53</value></Data>
      <Data name="target"><value>J-54</value></Data>
    </ExtendedData>
    <LineString>
      <coordinates>
        88.2869938,24.2363328
        88.2869532,24.2360368
      </coordinates>
    </LineString>
  </Placemark>
  <Placemark>
    <name>P-55</name>
    <ExtendedData>
      <Data name="id"><value>P-55</value></Data>
      <Data name="source"><value>J-53</value></Data>
      <Data name="target"><value>J-55</value></Data>
    </ExtendedData>
    <LineString>
      <coordinates>
        88.2869938,24.2363328
        88.2874591,24.2362737
      </coordinates>
    </LineString>
  </Placemark>
  <Placemark>
    <name>P-56</name>
    <ExtendedData>
      <Data name="id"><value>P-56</value></Data>
      <Data name="source"><value>J-55</value></Data>
      <Data name="target"><value>J-56</value></Data>
    </ExtendedData>
    <LineString>
      <coordinates>
        88.2874591,24.2362737
        88.2874002,24.2358975
      </coordinates>
    </LineString>
  </Placemark>
  <Placemark>
    <name>P-57</name>
    <ExtendedData>
      <Data name="id"><value>P-57</value></Data>
      <Data name="source"><value>J-55</value></Data>
      <Data name="target"><value>J-57</value></Data>
    </ExtendedData>
    <LineString>
      <coordinates>
        88.2874591,24.2362737
        88.2880531,24.2361948
      </coordinates>
    </LineString>
  </Placemark>
  <Placemark>
    <name>P-58</name>
    <ExtendedData>
      <Data name="id"><value>P-58</value></Data>
      <Data name="source"><value>J-57</value></Data>
      <Data name="target"><value>J-58</value></Data>
    </ExtendedData>
    <LineString>
      <coordinates>
        88.2880531,24.2361948
        88.2879808,24.235736
      </coordinates>
    </LineString>
  </Placemark>
  <Placemark>
    <name>P-59</name>
    <ExtendedData>
      <Data name="id"><value>P-59</value></Data>
      <Data name="source"><value>J-57</value></Data>
      <Data name="target"><value>J-59</value></Data>
    </ExtendedData>
    <LineString>
      <coordinates>
        88.2880531,24.2361948
        88.2883876,24.2361512
      </coordinates>
    </LineString>
  </Placemark>
  <Placemark>
    <name>P-60</name>
    <ExtendedData>
      <Data name="id"><value>P-60</value></Data>
      <Data name="source"><value>J-59</value></Data>
      <Data name="target"><value>J-60</value></Data>
    </ExtendedData>
    <LineString>
      <coordinates>
        88.2883876,24.2361512
        88.2884182,24.2364704
      </coordinates>
    </LineString>
  </Placemark>
  <Placemark>
    <name>P-61</name>
    <ExtendedData>
      <Data name="id"><value>P-61</value></Data>
      <Data name="source"><value>J-59</value></Data>
      <Data name="target"><value>J-61</value></Data>
    </ExtendedData>
    <LineString>
      <coordinates>
        88.2883876,24.2361512
        88.2890199,24.2360571
      </coordinates>
    </LineString>
  </Placemark>
  <Placemark>
    <name>P-62</name>
    <ExtendedData>
      <Data name="id"><value>P-62</value></Data>
      <Data name="source"><value>J-24</value></Data>
      <Data name="target"><value>J-62</value></Data>
    </ExtendedData>
    <LineString>
      <coordinates>
        88.2875133,24.2402722
        88.2882277,24.2401836
        88.2886509,24.2401685
      </coordinates>
    </LineString>
  </Placemark>
  <Placemark>
    <name>P-63</name>
    <ExtendedData>
      <Data name="id"><value>P-63</value></Data>
      <Data name="source"><value>J-62</value></Data>
      <Data name="target"><value>J-63</value></Data>
    </ExtendedData>
    <LineString>
      <coordinates>
        88.2886509,24.2401685
        88.2884479,24.2385536
      </coordinates>
    </LineString>
  </Placemark>
  <Placemark>
    <name>P-64</name>
    <ExtendedData>
      <Data name="id"><value>P-64</value></Data>
      <Data name="source"><value>J-63</value></Data>
      <Data name="target"><value>J-64</value></Data>
    </ExtendedData>
    <LineString>
      <coordinates>
        88.2884479,24.2385536
        88.2882278,24.2385689
      </coordinates>
    </LineString>
  </Placemark>
  <Placemark>
    <name>P-65</name>
    <ExtendedData>
      <Data name="id"><value>P-65</value></Data>
      <Data name="source"><value>J-64</value></Data>
      <Data name="target"><value>J-65</value></Data>
    </ExtendedData>
    <LineString>
      <coordinates>
        88.2882278,24.2385689
        88.2881846,24.2381655
      </coordinates>
    </LineString>
  </Placemark>
  <Placemark>
    <name>P-66</name>
    <ExtendedData>
      <Data name="id"><value>P-66</value></Data>
      <Data name="source"><value>J-64</value></Data>
      <Data name="target"><value>J-66</value></Data>
    </ExtendedData>
    <LineString>
      <coordinates>
        88.2882278,24.2385689
        88.2873235,24.2386573
      </coordinates>
    </LineString>
  </Placemark>
  <Placemark>
    <name>P-67</name>
    <ExtendedData>
      <Data name="id"><value>P-67</value></Data>
      <Data name="source"><value>J-63</value></Data>
      <Data name="target"><value>J-67</value></Data>
    </ExtendedData>
    <LineString>
      <coordinates>
        88.2884479,24.2385536
        88.2893768,24.2384617
      </coordinates>
    </LineString>
  </Placemark>
  <Placemark>
    <name>P-68</name>
    <ExtendedData>
      <Data name="id"><value>P-68</value></Data>
      <Data name="source"><value>J-62</value></Data>
      <Data name="target"><value>J-68</value></Data>
    </ExtendedData>
    <LineString>
      <coordinates>
        88.2886509,24.2401685
        88.2890431,24.2401454
      </coordinates>
    </LineString>
  </Placemark>
  <Placemark>
    <name>P-69</name>
    <ExtendedData>
      <Data name="id"><value>P-69</value></Data>
      <Data name="source"><value>J-68</value></Data>
      <Data name="target"><value>J-69</value></Data>
    </ExtendedData>
    <LineString>
      <coordinates>
        88.2890431,24.2401454
        88.2891153,24.2408873
        88.2890417,24.24087
        88.2889955,24.2411396
        88.2889072,24.2411179
        88.288773,24.2413972
      </coordinates>
    </LineString>
  </Placemark>
  <Placemark>
    <name>P-70</name>
    <ExtendedData>
      <Data name="id"><value>P-70</value></Data>
      <Data name="source"><value>J-68</value></Data>
      <Data name="target"><value>J-70</value></Data>
    </ExtendedData>
    <LineString>
      <coordinates>
        88.2890431,24.2401454
        88.2894369,24.240124
        88.2896441,24.2400935
      </coordinates>
    </LineString>
  </Placemark>
  <Placemark>
    <name>P-71</name>
    <ExtendedData>
      <Data name="id"><value>P-71</value></Data>
      <Data name="source"><value>J-70</value></Data>
      <Data name="target"><value>J-71</value></Data>
    </ExtendedData>
    <LineString>
      <coordinates>
        88.2896441,24.2400935
        88.2914832,24.2399433
      </coordinates>
    </LineString>
  </Placemark>
  <Placemark>
    <name>P-72</name>
    <ExtendedData>
      <Data name="id"><value>P-72</value></Data>
      <Data name="source"><value>J-71</value></Data>
      <Data name="target"><value>J-72</value></Data>
    </ExtendedData>
    <LineString>
      <coordinates>
        88.2914832,24.2399433
        88.2915928,24.2399366
      </coordinates>
    </LineString>
  </Placemark>
  <Placemark>
    <name>P-73</name>
    <ExtendedData>
      <Data name="id"><value>P-73</value></Data>
      <Data name="source"><value>J-72</value></Data>
      <Data name="target"><value>J-73</value></Data>
    </ExtendedData>
    <LineString>
      <coordinates>
        88.2915928,24.2399366
        88.2930632,24.2397978
      </coordinates>
    </LineString>
  </Placemark>
  <Placemark>
    <name>P-74</name>
    <ExtendedData>
      <Data name="id"><value>P-74</value></Data>
      <Data name="source"><value>J-72</value></Data>
      <Data name="target"><value>J-74</value></Data>
    </ExtendedData>
    <LineString>
      <coordinates>
        88.2915928,24.2399366
        88.2916607,24.2404615
      </coordinates>
    </LineString>
  </Placemark>
  <Placemark>
    <name>P-75</name>
    <ExtendedData>
      <Data name="id"><value>P-75</value></Data>
      <Data name="source"><value>J-71</value></Data>
      <Data name="target"><value>J-75</value></Data>
    </ExtendedData>
    <LineString>
      <coordinates>
        88.2914832,24.2399433
        88.2914408,24.2394641
        88.2912186,24.2394803
        88.2911552,24.2387745
      </coordinates>
    </LineString>
  </Placemark>
  <Placemark>
    <name>P-76</name>
    <ExtendedData>
      <Data name="id"><value>P-76</value></Data>
      <Data name="source"><value>J-70</value></Data>
      <Data name="target"><value>J-76</value></Data>
    </ExtendedData>
    <LineString>
      <coordinates>
        88.2896441,24.2400935
        88.2895183,24.239245
      </coordinates>
    </LineString>
  </Placemark>
  <Placemark>
    <name>P-77</name>
    <ExtendedData>
      <Data name="id"><value>P-77</value></Data>
      <Data name="source"><value>J-76</value></Data>
      <Data name="target"><value>J-77</value></Data>
    </ExtendedData>
    <LineString>
      <coordinates>
        88.2895183,24.239245
        88.2889301,24.2392988
      </coordinates>
    </LineString>
  </Placemark>
  <Placemark>
    <name>P-78</name>
    <ExtendedData>
      <Data name="id"><value>P-78</value></Data>
      <Data name="source"><value>J-77</value></Data>
      <Data name="target"><value>J-78</value></Data>
    </ExtendedData>
    <LineString>
      <coordinates>
        88.2889301,24.2392988
        88.2889742,24.2396344
      </coordinates>
    </LineString>
  </Placemark>
  <Placemark>
    <name>P-79</name>
    <ExtendedData>
      <Data name="id"><value>P-79</value></Data>
      <Data name="source"><value>J-77</value></Data>
      <Data name="target"><value>J-79</value></Data>
    </ExtendedData>
    <LineString>
      <coordinates>
        88.2889301,24.2392988
        88.2887892,24.2393115
      </coordinates>
    </LineString>
  </Placemark>
  <Placemark>
    <name>P-80</name>
    <ExtendedData>
      <Data name="id"><value>P-80</value></Data>
      <Data name="source"><value>J-79</value></Data>
      <Data name="target"><value>J-80</value></Data>
    </ExtendedData>
    <LineString>
      <coordinates>
        88.2887892,24.2393115
        88.2885642,24.2393377
      </coordinates>
    </LineString>
  </Placemark>
  <Placemark>
    <name>P-81</name>
    <ExtendedData>
      <Data name="id"><value>P-81</value></Data>
      <Data name="source"><value>J-79</value></Data>
      <Data name="target"><value>J-81</value></Data>
    </ExtendedData>
    <LineString>
      <coordinates>
        88.2887892,24.2393115
        88.2887354,24.2390128
      </coordinates>
    </LineString>
  </Placemark>
  <Placemark>
    <name>P-82</name>
    <ExtendedData>
      <Data name="id"><value>P-82</value></Data>
      <Data name="source"><value>J-77</value></Data>
      <Data name="target"><value>J-82</value></Data>
    </ExtendedData>
    <LineString>
      <coordinates>
        88.2889301,24.2392988
        88.2888934,24.2390903
        88.2894511,24.2389937
      </coordinates>
    </LineString>
  </Placemark>
  <Placemark>
    <name>P-83</name>
    <ExtendedData>
      <Data name="id"><value>P-83</value></Data>
      <Data name="source"><value>J-76</value></Data>
      <Data name="target"><value>J-83</value></Data>
    </ExtendedData>
    <LineString>
      <coordinates>
        88.2895183,24.239245
        88.2894886,24.2389842
      </coordinates>
    </LineString>
  </Placemark>
  <Placemark>
    <name>P-84</name>
    <ExtendedData>
      <Data name="id"><value>P-84</value></Data>
      <Data name="source"><value>J-83</value></Data>
      <Data name="target"><value>J-84</value></Data>
    </ExtendedData>
    <LineString>
      <coordinates>
        88.2894886,24.2389842
        88.2900217,24.2389383
      </coordinates>
    </LineString>
  </Placemark>
  <Placemark>
    <name>P-85</name>
    <ExtendedData>
      <Data name="id"><value>P-85</value></Data>
      <Data name="source"><value>J-83</value></Data>
      <Data name="target"><value>J-85</value></Data>
    </ExtendedData>
    <LineString>
      <coordinates>
        88.2894886,24.2389842
        88.2894352,24.2386607
      </coordinates>
    </LineString>
  </Placemark>
  <Placemark>
    <name>P-86</name>
    <ExtendedData>
      <Data name="id"><value>P-86</value></Data>
      <Data name="source"><value>J-85</value></Data>
      <Data name="target"><value>J-86</value></Data>
    </ExtendedData>
    <LineString>
      <coordinates>
        88.2894352,24.2386607
        88.2899431,24.2385898
      </coordinates>
    </LineString>
  </Placemark>
  <Placemark>
    <name>P-87</name>
    <ExtendedData>
      <Data name="id"><value>P-87</value></Data>
      <Data name="source"><value>J-85</value></Data>
      <Data name="target"><value>J-87</value></Data>
    </ExtendedData>
    <LineString>
      <coordinates>
        88.2894352,24.2386607
        88.2892837,24.2376513
      </coordinates>
    </LineString>
  </Placemark>
  <Placemark>
    <name>P-88</name>
    <ExtendedData>
      <Data name="id"><value>P-88</value></Data>
      <Data name="source"><value>J-87</value></Data>
      <Data name="target"><value>J-88</value></Data>
    </ExtendedData>
    <LineString>
      <coordinates>
        88.2892837,24.2376513
        88.2892669,24.2374406
      </coordinates>
    </LineString>
  </Placemark>
  <Placemark>
    <name>P-89</name>
    <ExtendedData>
      <Data name="id"><value>P-89</value></Data>
      <Data name="source"><value>J-88</value></Data>
      <Data name="target"><value>J-89</value></Data>
    </ExtendedData>
    <LineString>
      <coordinates>
        88.2892669,24.2374406
        88.2891103,24.2364728
        88.2890414,24.2359395
      </coordinates>
    </LineString>
  </Placemark>
  <Placemark>
    <name>P-90</name>
    <ExtendedData>
      <Data name="id"><value>P-90</value></Data>
      <Data name="source"><value>J-89</value></Data>
      <Data name="target"><value>J-90</value></Data>
    </ExtendedData>
    <LineString>
      <coordinates>
        88.2890414,24.2359395
        88.288993,24.2355092
      </coordinates>
    </LineString>
  </Placemark>
  <Placemark>
    <name>P-91</name>
    <ExtendedData>
      <Data name="id"><value>P-91</value></Data>
      <Data name="source"><value>J-88</value></Data>
      <Data name="target"><value>J-91</value></Data>
    </ExtendedData>
    <LineString>
      <coordinates>
        88.2892669,24.2374406
        88.2895402,24.2374284
      </coordinates>
    </LineString>
  </Placemark>
  <Placemark>
    <name>P-92</name>
    <ExtendedData>
      <Data name="id"><value>P-92</value></Data>
      <Data name="source"><value>J-87</value></Data>
      <Data name="target"><value>J-92</value></Data>
    </ExtendedData>
    <LineString>
      <coordinates>
        88.2892837,24.2376513
        88.2888389,24.2376939
      </coordinates>
    </LineString>
  </Placemark>
  <Placemark>
    <name>P-93</name>
    <ExtendedData>
      <Data name="id"><value>P-93</value></Data>
      <Data name="source"><value>J-92</value></Data>
      <Data name="target"><value>J-93</value></Data>
    </ExtendedData>
    <LineString>
      <coordinates>
        88.2888389,24.2376939
        88.2888744,24.2379831
      </coordinates>
    </LineString>
  </Placemark>
  <Placemark>
    <name>P-94</name>
    <ExtendedData>
      <Data name="id"><value>P-94</value></Data>
      <Data name="source"><value>J-92</value></Data>
      <Data name="target"><value>J-94</value></Data>
    </ExtendedData>
    <LineString>
      <coordinates>
        88.2888389,24.2376939
        88.2884135,24.2377435
      </coordinates>
    </LineString>
  </Placemark>
  <Placemark>
    <name>P-95</name>
    <ExtendedData>
      <Data name="id"><value>P-95</value></Data>
      <Data name="source"><value>J-94</value></Data>
      <Data name="target"><value>J-95</value></Data>
    </ExtendedData>
    <LineString>
      <coordinates>
        88.2884135,24.2377435
        88.2883808,24.237475
      </coordinates>
    </LineString>
  </Placemark>
  <Placemark>
    <name>P-96</name>
    <ExtendedData>
      <Data name="id"><value>P-96</value></Data>
      <Data name="source"><value>J-94</value></Data>
      <Data name="target"><value>J-96</value></Data>
    </ExtendedData>
    <LineString>
      <coordinates>
        88.2884135,24.2377435
        88.2876084,24.2378343
      </coordinates>
    </LineString>
  </Placemark>
  <Placemark>
    <name>P-97</name>
    <ExtendedData>
      <Data name="id"><value>P-97</value></Data>
      <Data name="source"><value>J-96</value></Data>
      <Data name="target"><value>J-97</value></Data>
    </ExtendedData>
    <LineString>
      <coordinates>
        88.2876084,24.2378343
        88.2875854,24.2376227
        88.287611,24.2376181
        88.287599,24.2375359
      </coordinates>
    </LineString>
  </Placemark>
  <Placemark>
    <name>P-98</name>
    <ExtendedData>
      <Data name="id"><value>P-98</value></Data>
      <Data name="source"><value>J-97</value></Data>
      <Data name="target"><value>J-98</value></Data>
    </ExtendedData>
    <LineString>
      <coordinates>
        88.287599,24.2375359
        88.2875884,24.2374375
      </coordinates>
    </LineString>
  </Placemark>
  <Placemark>
    <name>P-99</name>
    <ExtendedData>
      <Data name="id"><value>P-99</value></Data>
      <Data name="source"><value>J-97</value></Data>
      <Data name="target"><value>J-99</value></Data>
    </ExtendedData>
    <LineString>
      <coordinates>
        88.287599,24.2375359
        88.2871702,24.2376218
      </coordinates>
    </LineString>
  </Placemark>
  <Placemark>
    <name>P-100</name>
    <ExtendedData>
      <Data name="id"><value>P-100</value></Data>
      <Data name="source"><value>J-96</value></Data>
      <Data name="target"><value>J-100</value></Data>
    </ExtendedData>
    <LineString>
      <coordinates>
        88.2876084,24.2378343
        88.2872033,24.2378862
      </coordinates>
    </LineString>
  </Placemark>
  <Placemark>
    <name>P-101</name>
    <ExtendedData>
      <Data name="id"><value>P-101</value></Data>
      <Data name="source"><value>J-7</value></Data>
      <Data name="target"><value>J-101</value></Data>
    </ExtendedData>
    <LineString>
      <coordinates>
        88.2850145,24.2388637
        88.2851453,24.2384795
        88.2852299,24.2381745
        88.2853735,24.2378114
        88.2855015,24.23746
        88.2856596,24.2369935
        88.2857745,24.2365791
        88.2858006,24.2363807
      </coordinates>
    </LineString>
  </Placemark>
  <Placemark>
    <name>P-102</name>
    <ExtendedData>
      <Data name="id"><value>P-102</value></Data>
      <Data name="source"><value>J-101</value></Data>
      <Data name="target"><value>J-102</value></Data>
    </ExtendedData>
    <LineString>
      <coordinates>
        88.2858006,24.2363807
        88.2858794,24.2356931
      </coordinates>
    </LineString>
  </Placemark>
  <Placemark>
    <name>P-103</name>
    <ExtendedData>
      <Data name="id"><value>P-103</value></Data>
      <Data name="source"><value>J-102</value></Data>
      <Data name="target"><value>J-103</value></Data>
    </ExtendedData>
    <LineString>
      <coordinates>
        88.2858794,24.2356931
        88.2864975,24.2355041
      </coordinates>
    </LineString>
  </Placemark>
  <Placemark>
    <name>P-104</name>
    <ExtendedData>
      <Data name="id"><value>P-104</value></Data>
      <Data name="source"><value>J-102</value></Data>
      <Data name="target"><value>J-104</value></Data>
    </ExtendedData>
    <LineString>
      <coordinates>
        88.2858794,24.2356931
        88.2859249,24.2349232
        88.2859314,24.2346389
      </coordinates>
    </LineString>
  </Placemark>
  <Placemark>
    <name>P-105</name>
    <ExtendedData>
      <Data name="id"><value>P-105</value></Data>
      <Data name="source"><value>J-104</value></Data>
      <Data name="target"><value>J-105</value></Data>
    </ExtendedData>
    <LineString>
      <coordinates>
        88.2859314,24.2346389
        88.2862129,24.2346078
      </coordinates>
    </LineString>
  </Placemark>
  <Placemark>
    <name>P-106</name>
    <ExtendedData>
      <Data name="id"><value>P-106</value></Data>
      <Data name="source"><value>J-104</value></Data>
      <Data name="target"><value>J-106</value></Data>
    </ExtendedData>
    <LineString>
      <coordinates>
        88.2859314,24.2346389
        88.2859444,24.234068
      </coordinates>
    </LineString>
  </Placemark>
  <Placemark>
    <name>P-107</name>
    <ExtendedData>
      <Data name="id"><value>P-107</value></Data>
      <Data name="source"><value>J-106</value></Data>
      <Data name="target"><value>J-107</value></Data>
    </ExtendedData>
    <LineString>
      <coordinates>
        88.2859444,24.234068
        88.2865002,24.2340633
      </coordinates>
    </LineString>
  </Placemark>
  <Placemark>
    <name>P-108</name>
    <ExtendedData>
      <Data name="id"><value>P-108</value></Data>
      <Data name="source"><value>J-106</value></Data>
      <Data name="target"><value>J-108</value></Data>
    </ExtendedData>
    <LineString>
      <coordinates>
        88.2859444,24.234068
        88.2859491,24.2337521
      </coordinates>
    </LineString>
  </Placemark>
  <Placemark>
    <name>P-109</name>
    <ExtendedData>
      <Data name="id"><value>P-109</value></Data>
      <Data name="source"><value>J-108</value></Data>
      <Data name="target"><value>J-109</value></Data>
    </ExtendedData>
    <LineString>
      <coordinates>
        88.2859491,24.2337521
        88.2861799,24.2337358
      </coordinates>
    </LineString>
  </Placemark>
  <Placemark>
    <name>P-110</name>
    <ExtendedData>
      <Data name="id"><value>P-110</value></Data>
      <Data name="source"><value>J-108</value></Data>
      <Data name="target"><value>J-110</value></Data>
    </ExtendedData>
    <LineString>
      <coordinates>
        88.2859491,24.2337521
        88.2859513,24.2333797
        88.2858363,24.232525
        88.2857761,24.2321494
      </coordinates>
    </LineString>
  </Placemark>
  <Placemark>
    <name>P-111</name>
    <ExtendedData>
      <Data name="id"><value>P-111</value></Data>
      <Data name="source"><value>J-110</value></Data>
      <Data name="target"><value>J-111</value></Data>
    </ExtendedData>
    <LineString>
      <coordinates>
        88.2857761,24.2321494
        88.2869177,24.2320162
      </coordinates>
    </LineString>
  </Placemark>
  <Placemark>
    <name>P-112</name>
    <ExtendedData>
      <Data name="id"><value>P-112</value></Data>
      <Data name="source"><value>J-110</value></Data>
      <Data name="target"><value>J-112</value></Data>
    </ExtendedData>
    <LineString>
      <coordinates>
        88.2857761,24.2321494
        88.2856945,24.2318356
        88.2855957,24.2312531
        88.2855679,24.2309213
      </coordinates>
    </LineString>
  </Placemark>
  <Placemark>
    <name>P-113</name>
    <ExtendedData>
      <Data name="id"><value>P-113</value></Data>
      <Data name="source"><value>J-112</value></Data>
      <Data name="target"><value>J-113</value></Data>
    </ExtendedData>
    <LineString>
      <coordinates>
        88.2855679,24.2309213
        88.2861738,24.2308489
        88.286369,24.2307934
        88.2865882,24.2306974
      </coordinates>
    </LineString>
  </Placemark>
  <Placemark>
    <name>P-114</name>
    <ExtendedData>
      <Data name="id"><value>P-114</value></Data>
      <Data name="source"><value>J-112</value></Data>
      <Data name="target"><value>J-114</value></Data>
    </ExtendedData>
    <LineString>
      <coordinates>
        88.2855679,24.2309213
        88.2854971,24.2302148
      </coordinates>
    </LineString>
  </Placemark>
  <Placemark>
    <name>P-115</name>
    <ExtendedData>
      <Data name="id"><value>P-115</value></Data>
      <Data name="source"><value>J-101</value></Data>
      <Data name="target"><value>J-115</value></Data>
    </ExtendedData>
    <LineString>
      <coordinates>
        88.2858006,24.2363807
        88.2874184,24.2358665
        88.2889917,24.2354507
      </coordinates>
    </LineString>
  </Placemark>
  <Placemark>
    <name>P-116</name>
    <ExtendedData>
      <Data name="id"><value>P-116</value></Data>
      <Data name="source"><value>J-115</value></Data>
      <Data name="target"><value>J-116</value></Data>
    </ExtendedData>
    <LineString>
      <coordinates>
        88.2889917,24.2354507
        88.288916,24.2348289
      </coordinates>
    </LineString>
  </Placemark>
  <Placemark>
    <name>P-117</name>
    <ExtendedData>
      <Data name="id"><value>P-117</value></Data>
      <Data name="source"><value>J-116</value></Data>
      <Data name="target"><value>J-117</value></Data>
    </ExtendedData>
    <LineString>
      <coordinates>
        88.288916,24.2348289
        88.2888652,24.2344021
      </coordinates>
    </LineString>
  </Placemark>
  <Placemark>
    <name>P-118</name>
    <ExtendedData>
      <Data name="id"><value>P-118</value></Data>
      <Data name="source"><value>J-117</value></Data>
      <Data name="target"><value>J-118</value></Data>
    </ExtendedData>
    <LineString>
      <coordinates>
        88.2888652,24.2344021
        88.2888298,24.2341268
      </coordinates>
    </LineString>
  </Placemark>
  <Placemark>
    <name>P-119</name>
    <ExtendedData>
      <Data name="id"><value>P-119</value></Data>
      <Data name="source"><value>J-118</value></Data>
      <Data name="target"><value>J-119</value></Data>
    </ExtendedData>
    <LineString>
      <coordinates>
        88.2888298,24.2341268
        88.2886969,24.2328671
      </coordinates>
    </LineString>
  </Placemark>
  <Placemark>
    <name>P-120</name>
    <ExtendedData>
      <Data name="id"><value>P-120</value></Data>
      <Data name="source"><value>J-119</value></Data>
      <Data name="target"><value>J-120</value></Data>
    </ExtendedData>
    <LineString>
      <coordinates>
        88.2886969,24.2328671
        88.2883178,24.2292185
      </coordinates>
    </LineString>
  </Placemark>
  <Placemark>
    <name>P-121</name>
    <ExtendedData>
      <Data name="id"><value>P-121</value></Data>
      <Data name="source"><value>J-120</value></Data>
      <Data name="target"><value>J-121</value></Data>
    </ExtendedData>
    <LineString>
      <coordinates>
        88.2883178,24.2292185
        88.288227,24.2284458
      </coordinates>
    </LineString>
  </Placemark>
  <Placemark>
    <name>P-122</name>
    <ExtendedData>
      <Data name="id"><value>P-122</value></Data>
      <Data name="source"><value>J-116</value></Data>
      <Data name="target"><value>J-122</value></Data>
    </ExtendedData>
    <LineString>
      <coordinates>
        88.288916,24.2348289
        88.2893055,24.2347785
      </coordinates>
    </LineString>
  </Placemark>
  <Placemark>
    <name>P-123</name>
    <ExtendedData>
      <Data name="id"><value>P-123</value></Data>
      <Data name="source"><value>J-117</value></Data>
      <Data name="target"><value>J-123</value></Data>
    </ExtendedData>
    <LineString>
      <coordinates>
        88.2888652,24.2344021
        88.2885598,24.234426
        88.2885845,24.2346419
      </coordinates>
    </LineString>
  </Placemark>
  <Placemark>
    <name>P-124</name>
    <ExtendedData>
      <Data name="id"><value>P-124</value></Data>
      <Data name="source"><value>J-118</value></Data>
      <Data name="target"><value>J-124</value></Data>
    </ExtendedData>
    <LineString>
      <coordinates>
        88.2888298,24.2341268
        88.2879837,24.234206
      </coordinates>
    </LineString>
  </Placemark>
  <Placemark>
    <name>P-125</name>
    <ExtendedData>
      <Data name="id"><value>P-125</value></Data>
      <Data name="source"><value>J-119</value></Data>
      <Data name="target"><value>J-125</value></Data>
    </ExtendedData>
    <LineString>
      <coordinates>
        88.2886969,24.2328671
        88.2880004,24.2328549
        88.2880061,24.232627
      </coordinates>
    </LineString>
  </Placemark>
  <Placemark>
    <name>P-126</name>
    <ExtendedData>
      <Data name="id"><value>P-126</value></Data>
      <Data name="source"><value>J-23</value></Data>
      <Data name="target"><value>J-126</value></Data>
    </ExtendedData>
    <LineString>
      <coordinates>
        88.2864578,24.2403979
        88.2861893,24.2406453
      </coordinates>
    </LineString>
  </Placemark>
  <Placemark>
    <name>P-127</name>
    <ExtendedData>
      <Data name="id"><value>P-127</value></Data>
      <Data name="source"><value>J-115</value></Data>
      <Data name="target"><value>J-127</value></Data>
    </ExtendedData>
    <LineString>
      <coordinates>
        88.2889917,24.2354507
        88.2900271,24.2351626
      </coordinates>
    </LineString>
  </Placemark>
  <Placemark>
    <name>P-128</name>
    <ExtendedData>
      <Data name="id"><value>P-128</value></Data>
      <Data name="source"><value>J-127</value></Data>
      <Data name="target"><value>J-128</value></Data>
    </ExtendedData>
    <LineString>
      <coordinates>
        88.2900271,24.2351626
        88.2911241,24.2348937
        88.2911847,24.2348908
      </coordinates>
    </LineString>
  </Placemark>
  <Placemark>
    <name>P-129</name>
    <ExtendedData>
      <Data name="id"><value>P-129</value></Data>
      <Data name="source"><value>J-128</value></Data>
      <Data name="target"><value>J-129</value></Data>
    </ExtendedData>
    <LineString>
      <coordinates>
        88.2911847,24.2348908
        88.2911261,24.2343502
      </coordinates>
    </LineString>
  </Placemark>
  <Placemark>
    <name>P-130</name>
    <ExtendedData>
      <Data name="id"><value>P-130</value></Data>
      <Data name="source"><value>J-127</value></Data>
      <Data name="target"><value>J-130</value></Data>
    </ExtendedData>
    <LineString>
      <coordinates>
        88.2900271,24.2351626
        88.2900285,24.2347869
      </coordinates>
    </LineString>
  </Placemark>
  <Placemark>
    <name>P-131</name>
    <ExtendedData>
      <Data name="id"><value>P-131</value></Data>
      <Data name="source"><value>J-128</value></Data>
      <Data name="target"><value>J-131</value></Data>
    </ExtendedData>
    <LineString>
      <coordinates>
        88.2911847,24.2348908
        88.2919402,24.2348576
      </coordinates>
    </LineString>
  </Placemark>
  <Placemark>
    <name>P-132</name>
    <ExtendedData>
      <Data name="id"><value>P-132</value></Data>
      <Data name="source"><value>J-131</value></Data>
      <Data name="target"><value>J-132</value></Data>
    </ExtendedData>
    <LineString>
      <coordinates>
        88.2919402,24.2348576
        88.2919069,24.23467
        88.2919238,24.23454
        88.291915,24.2344659
        88.2919171,24.2342768
      </coordinates>
    </LineString>
  </Placemark>
  <Placemark>
    <name>P-133</name>
    <ExtendedData>
      <Data name="id"><value>P-133</value></Data>
      <Data name="source"><value>J-131</value></Data>
      <Data name="target"><value>J-133</value></Data>
    </ExtendedData>
    <LineString>
      <coordinates>
        88.2919402,24.2348576
        88.2922276,24.2348487
      </coordinates>
    </LineString>
  </Placemark>
  <Placemark>
    <name>P-134</name>
    <ExtendedData>
      <Data name="id"><value>P-134</value></Data>
      <Data name="source"><value>J-133</value></Data>
      <Data name="target"><value>J-134</value></Data>
    </ExtendedData>
    <LineString>
      <coordinates>
        88.2922276,24.2348487
        88.2921911,24.2347654
        88.2921796,24.2346918
        88.2922189,24.2341503
      </coordinates>
    </LineString>
  </Placemark>
  <Placemark>
    <name>P-135</name>
    <ExtendedData>
      <Data name="id"><value>P-135</value></Data>
      <Data name="source"><value>J-133</value></Data>
      <Data name="target"><value>J-135</value></Data>
    </ExtendedData>
    <LineString>
      <coordinates>
        88.2922276,24.2348487
        88.2930766,24.2347306
        88.2932481,24.2346957
      </coordinates>
    </LineString>
  </Placemark>
  <Placemark>
    <name>P-136</name>
    <ExtendedData>
      <Data name="id"><value>P-136</value></Data>
      <Data name="source"><value>J-135</value></Data>
      <Data name="target"><value>J-136</value></Data>
    </ExtendedData>
    <LineString>
      <coordinates>
        88.2932481,24.2346957
        88.2932687,24.2341089
        88.2932622,24.2338605
      </coordinates>
    </LineString>
  </Placemark>
  <Placemark>
    <name>P-137</name>
    <ExtendedData>
      <Data name="id"><value>P-137</value></Data>
      <Data name="source"><value>J-136</value></Data>
      <Data name="target"><value>J-137</value></Data>
    </ExtendedData>
    <LineString>
      <coordinates>
        88.2932622,24.2338605
        88.2929448,24.233878
        88.2929359,24.2339986
      </coordinates>
    </LineString>
  </Placemark>
  <Placemark>
    <name>P-138</name>
    <ExtendedData>
      <Data name="id"><value>P-138</value></Data>
      <Data name="source"><value>J-136</value></Data>
      <Data name="target"><value>J-138</value></Data>
    </ExtendedData>
    <LineString>
      <coordinates>
        88.2932622,24.2338605
        88.2932407,24.2333832
      </coordinates>
    </LineString>
  </Placemark>
  <Placemark>
    <name>P-139</name>
    <ExtendedData>
      <Data name="id"><value>P-139</value></Data>
      <Data name="source"><value>J-138</value></Data>
      <Data name="target"><value>J-139</value></Data>
    </ExtendedData>
    <LineString>
      <coordinates>
        88.2932407,24.2333832
        88.2930713,24.2333823
      </coordinates>
    </LineString>
  </Placemark>
  <Placemark>
    <name>P-140</name>
    <ExtendedData>
      <Data name="id"><value>P-140</value></Data>
      <Data name="source"><value>J-138</value></Data>
      <Data name="target"><value>J-140</value></Data>
    </ExtendedData>
    <LineString>
      <coordinates>
        88.2932407,24.2333832
        88.2932573,24.2329033
      </coordinates>
    </LineString>
  </Placemark>
  <Placemark>
    <name>P-141</name>
    <ExtendedData>
      <Data name="id"><value>P-141</value></Data>
      <Data name="source"><value>J-140</value></Data>
      <Data name="target"><value>J-141</value></Data>
    </ExtendedData>
    <LineString>
      <coordinates>
        88.2932573,24.2329033
        88.2938691,24.2329027
      </coordinates>
    </LineString>
  </Placemark>
  <Placemark>
    <name>P-142</name>
    <ExtendedData>
      <Data name="id"><value>P-142</value></Data>
      <Data name="source"><value>J-141</value></Data>
      <Data name="target"><value>J-142</value></Data>
    </ExtendedData>
    <LineString>
      <coordinates>
        88.2938691,24.2329027
        88.2938979,24.2331296
        88.2939113,24.2335178
        88.2941359,24.2335449
      </coordinates>
    </LineString>
  </Placemark>
  <Placemark>
    <name>P-143</name>
    <ExtendedData>
      <Data name="id"><value>P-143</value></Data>
      <Data name="source"><value>J-141</value></Data>
      <Data name="target"><value>J-143</value></Data>
    </ExtendedData>
    <LineString>
      <coordinates>
        88.2938691,24.2329027
        88.2941666,24.2328955
        88.2942041,24.2344995
      </coordinates>
    </LineString>
  </Placemark>
  <Placemark>
    <name>P-144</name>
    <ExtendedData>
      <Data name="id"><value>P-144</value></Data>
      <Data name="source"><value>J-140</value></Data>
      <Data name="target"><value>J-144</value></Data>
    </ExtendedData>
    <LineString>
      <coordinates>
        88.2932573,24.2329033
        88.2932565,24.2326101
        88.2932772,24.2324129
        88.2933091,24.2323083
        88.2932702,24.2314695
      </coordinates>
    </LineString>
  </Placemark>
  <Placemark>
    <name>P-145</name>
    <ExtendedData>
      <Data name="id"><value>P-145</value></Data>
      <Data name="source"><value>J-144</value></Data>
      <Data name="target"><value>J-145</value></Data>
    </ExtendedData>
    <LineString>
      <coordinates>
        88.2932702,24.2314695
        88.2927499,24.2315064
        88.2917854,24.2316189
        88.2917478,24.2314013
      </coordinates>
    </LineString>
  </Placemark>
  <Placemark>
    <name>P-146</name>
    <ExtendedData>
      <Data name="id"><value>P-146</value></Data>
      <Data name="source"><value>J-144</value></Data>
      <Data name="target"><value>J-146</value></Data>
    </ExtendedData>
    <LineString>
      <coordinates>
        88.2932702,24.2314695
        88.2934315,24.2313643
        88.2940891,24.2311309
        88.2955007,24.2306028
      </coordinates>
    </LineString>
  </Placemark>
  <Placemark>
    <name>P-147</name>
    <ExtendedData>
      <Data name="id"><value>P-147</value></Data>
      <Data name="source"><value>J-146</value></Data>
      <Data name="target"><value>J-147</value></Data>
    </ExtendedData>
    <LineString>
      <coordinates>
        88.2955007,24.2306028
        88.2960298,24.2304007
        88.296175,24.230265
        88.2961725,24.2300174
        88.2962099,24.2299039
        88.2964018,24.2298033
        88.296994,24.2296284
        88.297476,24.2293582
        88.2976275,24.2291985
      </coordinates>
    </LineString>
  </Placemark>
  <Placemark>
    <name>P-148</name>
    <ExtendedData>
      <Data name="id"><value>P-148</value></Data>
      <Data name="source"><value>J-147</value></Data>
      <Data name="target"><value>J-148</value></Data>
    </ExtendedData>
    <LineString>
      <coordinates>
        88.2976275,24.2291985
        88.2978115,24.2298217
        88.2980086,24.2297838
      </coordinates>
    </LineString>
  </Placemark>
  <Placemark>
    <name>P-149</name>
    <ExtendedData>
      <Data name="id"><value>P-149</value></Data>
      <Data name="source"><value>J-147</value></Data>
      <Data name="target"><value>J-149</value></Data>
    </ExtendedData>
    <LineString>
      <coordinates>
        88.2976275,24.2291985
        88.2979983,24.2288504
        88.2981612,24.2285629
        88.2982641,24.228189
        88.2982695,24.2279463
        88.2982294,24.227885
        88.2979998,24.227829
        88.297952,24.2277968
      </coordinates>
    </LineString>
  </Placemark>
  <Placemark>
    <name>P-150</name>
    <ExtendedData>
      <Data name="id"><value>P-150</value></Data>
      <Data name="source"><value>J-149</value></Data>
      <Data name="target"><value>J-150</value></Data>
    </ExtendedData>
    <LineString>
      <coordinates>
        88.297952,24.2277968
        88.2975324,24.2265293
      </coordinates>
    </LineString>
  </Placemark>
  <Placemark>
    <name>P-151</name>
    <ExtendedData>
      <Data name="id"><value>P-151</value></Data>
      <Data name="source"><value>J-149</value></Data>
      <Data name="target"><value>J-151</value></Data>
    </ExtendedData>
    <LineString>
      <coordinates>
        88.297952,24.2277968
        88.2975601,24.2276207
        88.2973244,24.2276037
        88.2971159,24.2275948
        88.2967888,24.2276273
        88.2965521,24.2267602
      </coordinates>
    </LineString>
  </Placemark>
  <Placemark>
    <name>P-152</name>
    <ExtendedData>
      <Data name="id"><value>P-152</value></Data>
      <Data name="source"><value>J-151</value></Data>
      <Data name="target"><value>J-152</value></Data>
    </ExtendedData>
    <LineString>
      <coordinates>
        88.2965521,24.2267602
        88.2974915,24.2265436
      </coordinates>
    </LineString>
  </Placemark>
  <Placemark>
    <name>P-153</name>
    <ExtendedData>
      <Data name="id"><value>P-153</value></Data>
      <Data name="source"><value>J-151</value></Data>
      <Data name="target"><value>J-153</value></Data>
    </ExtendedData>
    <LineString>
      <coordinates>
        88.2965521,24.2267602
        88.2965,24.2265387
        88.2974202,24.2262991
      </coordinates>
    </LineString>
  </Placemark>
  <Placemark>
    <name>P-154</name>
    <ExtendedData>
      <Data name="id"><value>P-154</value></Data>
      <Data name="source"><value>J-153</value></Data>
      <Data name="target"><value>J-154</value></Data>
    </ExtendedData>
    <LineString>
      <coordinates>
        88.2974202,24.2262991
        88.2974887,24.2265071
      </coordinates>
    </LineString>
  </Placemark>
  <Placemark>
    <name>P-155</name>
    <ExtendedData>
      <Data name="id"><value>P-155</value></Data>
      <Data name="source"><value>J-153</value></Data>
      <Data name="target"><value>J-155</value></Data>
    </ExtendedData>
    <LineString>
      <coordinates>
        88.2974202,24.2262991
        88.2974945,24.2262369
        88.2975107,24.2261679
        88.2976452,24.2260315
      </coordinates>
    </LineString>
  </Placemark>
  <Placemark>
    <name>P-156</name>
    <ExtendedData>
      <Data name="id"><value>P-156</value></Data>
      <Data name="source"><value>J-146</value></Data>
      <Data name="target"><value>J-156</value></Data>
    </ExtendedData>
    <LineString>
      <coordinates>
        88.2955007,24.2306028
        88.2957421,24.2313026
        88.2958423,24.2314466
        88.2959099,24.2314931
        88.2960328,24.2315298
      </coordinates>
    </LineString>
  </Placemark>
  <Placemark>
    <name>P-157</name>
    <ExtendedData>
      <Data name="id"><value>P-157</value></Data>
      <Data name="source"><value>J-156</value></Data>
      <Data name="target"><value>J-157</value></Data>
    </ExtendedData>
    <LineString>
      <coordinates>
        88.2960328,24.2315298
        88.2961476,24.2314788
        88.2963614,24.2314213
      </coordinates>
    </LineString>
  </Placemark>
  <Placemark>
    <name>P-158</name>
    <ExtendedData>
      <Data name="id"><value>P-158</value></Data>
      <Data name="source"><value>J-157</value></Data>
      <Data name="target"><value>J-158</value></Data>
    </ExtendedData>
    <LineString>
      <coordinates>
        88.2963614,24.2314213
        88.296276,24.2311735
      </coordinates>
    </LineString>
  </Placemark>
  <Placemark>
    <name>P-159</name>
    <ExtendedData>
      <Data name="id"><value>P-159</value></Data>
      <Data name="source"><value>J-157</value></Data>
      <Data name="target"><value>J-159</value></Data>
    </ExtendedData>
    <LineString>
      <coordinates>
        88.2963614,24.2314213
        88.2971475,24.2311606
      </coordinates>
    </LineString>
  </Placemark>
  <Placemark>
    <name>P-160</name>
    <ExtendedData>
      <Data name="id"><value>P-160</value></Data>
      <Data name="source"><value>J-159</value></Data>
      <Data name="target"><value>J-160</value></Data>
    </ExtendedData>
    <LineString>
      <coordinates>
        88.2971475,24.2311606
        88.2972005,24.2314007
      </coordinates>
    </LineString>
  </Placemark>
  <Placemark>
    <name>P-161</name>
    <ExtendedData>
      <Data name="id"><value>P-161</value></Data>
      <Data name="source"><value>J-159</value></Data>
      <Data name="target"><value>J-161</value></Data>
    </ExtendedData>
    <LineString>
      <coordinates>
        88.2971475,24.2311606
        88.2970405,24.2307885
        88.2973606,24.2307278
      </coordinates>
    </LineString>
  </Placemark>
  <Placemark>
    <name>P-162</name>
    <ExtendedData>
      <Data name="id"><value>P-162</value></Data>
      <Data name="source"><value>J-159</value></Data>
      <Data name="target"><value>J-162</value></Data>
    </ExtendedData>
    <LineString>
      <coordinates>
        88.2971475,24.2311606
        88.2974854,24.2310754
      </coordinates>
    </LineString>
  </Placemark>
  <Placemark>
    <name>P-163</name>
    <ExtendedData>
      <Data name="id"><value>P-163</value></Data>
      <Data name="source"><value>J-162</value></Data>
      <Data name="target"><value>J-163</value></Data>
    </ExtendedData>
    <LineString>
      <coordinates>
        88.2974854,24.2310754
        88.2973348,24.2305101
      </coordinates>
    </LineString>
  </Placemark>
  <Placemark>
    <name>P-164</name>
    <ExtendedData>
      <Data name="id"><value>P-164</value></Data>
      <Data name="source"><value>J-163</value></Data>
      <Data name="target"><value>J-164</value></Data>
    </ExtendedData>
    <LineString>
      <coordinates>
        88.2973348,24.2305101
        88.2971785,24.2298219
      </coordinates>
    </LineString>
  </Placemark>
  <Placemark>
    <name>P-165</name>
    <ExtendedData>
      <Data name="id"><value>P-165</value></Data>
      <Data name="source"><value>J-164</value></Data>
      <Data name="target"><value>J-165</value></Data>
    </ExtendedData>
    <LineString>
      <coordinates>
        88.2971785,24.2298219
        88.297125,24.2296123
      </coordinates>
    </LineString>
  </Placemark>
  <Placemark>
    <name>P-166</name>
    <ExtendedData>
      <Data name="id"><value>P-166</value></Data>
      <Data name="source"><value>J-163</value></Data>
      <Data name="target"><value>J-166</value></Data>
    </ExtendedData>
    <LineString>
      <coordinates>
        88.2973348,24.2305101
        88.2970142,24.2305862
      </coordinates>
    </LineString>
  </Placemark>
  <Placemark>
    <name>P-167</name>
    <ExtendedData>
      <Data name="id"><value>P-167</value></Data>
      <Data name="source"><value>J-163</value></Data>
      <Data name="target"><value>J-167</value></Data>
    </ExtendedData>
    <LineString>
      <coordinates>
        88.2973348,24.2305101
        88.2976452,24.2304366
      </coordinates>
    </LineString>
  </Placemark>
  <Placemark>
    <name>P-168</name>
    <ExtendedData>
      <Data name="id"><value>P-168</value></Data>
      <Data name="source"><value>J-162</value></Data>
      <Data name="target"><value>J-168</value></Data>
    </ExtendedData>
    <LineString>
      <coordinates>
        88.2974854,24.2310754
        88.2978681,24.2310267
        88.2979441,24.2310201
        88.2980329,24.2309986
        88.298072,24.2309646
      </coordinates>
    </LineString>
  </Placemark>
  <Placemark>
    <name>P-169</name>
    <ExtendedData>
      <Data name="id"><value>P-169</value></Data>
      <Data name="source"><value>J-168</value></Data>
      <Data name="target"><value>J-169</value></Data>
    </ExtendedData>
    <LineString>
      <coordinates>
        88.298072,24.2309646
        88.2980209,24.2306635
        88.2979999,24.2305802
      </coordinates>
    </LineString>
  </Placemark>
  <Placemark>
    <name>P-170</name>
    <ExtendedData>
      <Data name="id"><value>P-170</value></Data>
      <Data name="source"><value>J-169</value></Data>
      <Data name="target"><value>J-170</value></Data>
    </ExtendedData>
    <LineString>
      <coordinates>
        88.2979999,24.2305802
        88.2974223,24.2307103
      </coordinates>
    </LineString>
  </Placemark>
  <Placemark>
    <name>P-171</name>
    <ExtendedData>
      <Data name="id"><value>P-171</value></Data>
      <Data name="source"><value>J-169</value></Data>
      <Data name="target"><value>J-171</value></Data>
    </ExtendedData>
    <LineString>
      <coordinates>
        88.2979999,24.2305802
        88.297947,24.2303584
      </coordinates>
    </LineString>
  </Placemark>
  <Placemark>
    <name>P-172</name>
    <ExtendedData>
      <Data name="id"><value>P-172</value></Data>
      <Data name="source"><value>J-171</value></Data>
      <Data name="target"><value>J-172</value></Data>
    </ExtendedData>
    <LineString>
      <coordinates>
        88.297947,24.2303584
        88.2976694,24.230426
      </coordinates>
    </LineString>
  </Placemark>
  <Placemark>
    <name>P-173</name>
    <ExtendedData>
      <Data name="id"><value>P-173</value></Data>
      <Data name="source"><value>J-171</value></Data>
      <Data name="target"><value>J-173</value></Data>
    </ExtendedData>
    <LineString>
      <coordinates>
        88.297947,24.2303584
        88.298209,24.2302873
      </coordinates>
    </LineString>
  </Placemark>
  <Placemark>
    <name>P-174</name>
    <ExtendedData>
      <Data name="id"><value>P-174</value></Data>
      <Data name="source"><value>J-171</value></Data>
      <Data name="target"><value>J-174</value></Data>
    </ExtendedData>
    <LineString>
      <coordinates>
        88.297947,24.2303584
        88.2978229,24.2298576
      </coordinates>
    </LineString>
  </Placemark>
  <Placemark>
    <name>P-175</name>
    <ExtendedData>
      <Data name="id"><value>P-175</value></Data>
      <Data name="source"><value>J-168</value></Data>
      <Data name="target"><value>J-175</value></Data>
    </ExtendedData>
    <LineString>
      <coordinates>
        88.298072,24.2309646
        88.2980477,24.2310487
        88.298042,24.2310821
        88.2980546,24.2311376
        88.29821,24.2313014
        88.2982051,24.2314127
        88.2981781,24.2315464
        88.2981502,24.2315819
        88.2980969,24.2315888
      </coordinates>
    </LineString>
  </Placemark>
  <Placemark>
    <name>P-176</name>
    <ExtendedData>
      <Data name="id"><value>P-176</value></Data>
      <Data name="source"><value>J-175</value></Data>
      <Data name="target"><value>J-176</value></Data>
    </ExtendedData>
    <LineString>
      <coordinates>
        88.2980969,24.2315888
        88.2981183,24.2317091
        88.2981473,24.2317775
        88.2981886,24.231855
        88.2982077,24.2319513
        88.298202,24.231981
        88.2982225,24.2320124
        88.2982996,24.2320395
        88.2983547,24.2320891
        88.2983657,24.2321688
        88.2983593,24.2323968
      </coordinates>
    </LineString>
  </Placemark>
  <Placemark>
    <name>P-177</name>
    <ExtendedData>
      <Data name="id"><value>P-177</value></Data>
      <Data name="source"><value>J-176</value></Data>
      <Data name="target"><value>J-177</value></Data>
    </ExtendedData>
    <LineString>
      <coordinates>
        88.2983593,24.2323968
        88.2984783,24.2326768
        88.2987352,24.2330752
      </coordinates>
    </LineString>
  </Placemark>
  <Placemark>
    <name>P-178</name>
    <ExtendedData>
      <Data name="id"><value>P-178</value></Data>
      <Data name="source"><value>J-176</value></Data>
      <Data name="target"><value>J-178</value></Data>
    </ExtendedData>
    <LineString>
      <coordinates>
        88.2983593,24.2323968
        88.2983166,24.2323902
        88.2979833,24.23219
        88.29797,24.2321629
      </coordinates>
    </LineString>
  </Placemark>
  <Placemark>
    <name>P-179</name>
    <ExtendedData>
      <Data name="id"><value>P-179</value></Data>
      <Data name="source"><value>J-178</value></Data>
      <Data name="target"><value>J-179</value></Data>
    </ExtendedData>
    <LineString>
      <coordinates>
        88.29797,24.2321629
        88.2978671,24.2319691
      </coordinates>
    </LineString>
  </Placemark>
  <Placemark>
    <name>P-180</name>
    <ExtendedData>
      <Data name="id"><value>P-180</value></Data>
      <Data name="source"><value>J-162</value></Data>
      <Data name="target"><value>J-180</value></Data>
    </ExtendedData>
    <LineString>
      <coordinates>
        88.2974854,24.2310754
        88.297612,24.2316363
        88.2978161,24.2318223
        88.2978476,24.2319356
        88.2978597,24.2321279
        88.2979046,24.2323222
        88.2980072,24.2324697
        88.2981961,24.2326512
      </coordinates>
    </LineString>
  </Placemark>
  <Placemark>
    <name>P-181</name>
    <ExtendedData>
      <Data name="id"><value>P-181</value></Data>
      <Data name="source"><value>J-180</value></Data>
      <Data name="target"><value>J-181</value></Data>
    </ExtendedData>
    <LineString>
      <coordinates>
        88.2981961,24.2326512
        88.2982651,24.2327225
        88.2983267,24.2328101
        88.2983632,24.2329257
        88.298378,24.2331318
      </coordinates>
    </LineString>
  </Placemark>
  <Placemark>
    <name>P-182</name>
    <ExtendedData>
      <Data name="id"><value>P-182</value></Data>
      <Data name="source"><value>J-181</value></Data>
      <Data name="target"><value>J-182</value></Data>
    </ExtendedData>
    <LineString>
      <coordinates>
        88.298378,24.2331318
        88.2988048,24.2330911
      </coordinates>
    </LineString>
  </Placemark>
  <Placemark>
    <name>P-183</name>
    <ExtendedData>
      <Data name="id"><value>P-183</value></Data>
      <Data name="source"><value>J-181</value></Data>
      <Data name="target"><value>J-183</value></Data>
    </ExtendedData>
    <LineString>
      <coordinates>
        88.298378,24.2331318
        88.2983789,24.2332577
        88.2983603,24.2333379
      </coordinates>
    </LineString>
  </Placemark>
  <Placemark>
    <name>P-184</name>
    <ExtendedData>
      <Data name="id"><value>P-184</value></Data>
      <Data name="source"><value>J-183</value></Data>
      <Data name="target"><value>J-184</value></Data>
    </ExtendedData>
    <LineString>
      <coordinates>
        88.2983603,24.2333379
        88.2986142,24.2333209
        88.2988135,24.2333504
      </coordinates>
    </LineString>
  </Placemark>
  <Placemark>
    <name>P-185</name>
    <ExtendedData>
      <Data name="id"><value>P-185</value></Data>
      <Data name="source"><value>J-183</value></Data>
      <Data name="target"><value>J-185</value></Data>
    </ExtendedData>
    <LineString>
      <coordinates>
        88.2983603,24.2333379
        88.2983307,24.2335966
        88.2983191,24.233701
        88.2983376,24.2337751
      </coordinates>
    </LineString>
  </Placemark>
  <Placemark>
    <name>P-186</name>
    <ExtendedData>
      <Data name="id"><value>P-186</value></Data>
      <Data name="source"><value>J-175</value></Data>
      <Data name="target"><value>J-186</value></Data>
    </ExtendedData>
    <LineString>
      <coordinates>
        88.2980969,24.2315888
        88.298022,24.2315952
        88.297911,24.2316184
        88.2978347,24.2316747
        88.2978014,24.2317863
      </coordinates>
    </LineString>
  </Placemark>
  <Placemark>
    <name>P-187</name>
    <ExtendedData>
      <Data name="id"><value>P-187</value></Data>
      <Data name="source"><value>J-156</value></Data>
      <Data name="target"><value>J-187</value></Data>
    </ExtendedData>
    <LineString>
      <coordinates>
        88.2960328,24.2315298
        88.2961372,24.2318706
        88.2962079,24.2324739
      </coordinates>
    </LineString>
  </Placemark>
  <Placemark>
    <name>P-188</name>
    <ExtendedData>
      <Data name="id"><value>P-188</value></Data>
      <Data name="source"><value>J-187</value></Data>
      <Data name="target"><value>J-188</value></Data>
    </ExtendedData>
    <LineString>
      <coordinates>
        88.2962079,24.2324739
        88.2953648,24.2325988
      </coordinates>
    </LineString>
  </Placemark>
  <Placemark>
    <name>P-189</name>
    <ExtendedData>
      <Data name="id"><value>P-189</value></Data>
      <Data name="source"><value>J-187</value></Data>
      <Data name="target"><value>J-189</value></Data>
    </ExtendedData>
    <LineString>
      <coordinates>
        88.2962079,24.2324739
        88.2962605,24.2327994
      </coordinates>
    </LineString>
  </Placemark>
  <Placemark>
    <name>P-190</name>
    <ExtendedData>
      <Data name="id"><value>P-190</value></Data>
      <Data name="source"><value>J-189</value></Data>
      <Data name="target"><value>J-190</value></Data>
    </ExtendedData>
    <LineString>
      <coordinates>
        88.2962605,24.2327994
        88.2973606,24.232704
        88.297597,24.2326522
      </coordinates>
    </LineString>
  </Placemark>
  <Placemark>
    <name>P-191</name>
    <ExtendedData>
      <Data name="id"><value>P-191</value></Data>
      <Data name="source"><value>J-189</value></Data>
      <Data name="target"><value>J-191</value></Data>
    </ExtendedData>
    <LineString>
      <coordinates>
        88.2962605,24.2327994
        88.296283,24.2329949
        88.2963011,24.2330342
        88.2963418,24.2330686
        88.2964002,24.2330867
        88.2966402,24.2330753
        88.296658,24.2330891
      </coordinates>
    </LineString>
  </Placemark>
  <Placemark>
    <name>P-192</name>
    <ExtendedData>
      <Data name="id"><value>P-192</value></Data>
      <Data name="source"><value>J-191</value></Data>
      <Data name="target"><value>J-192</value></Data>
    </ExtendedData>
    <LineString>
      <coordinates>
        88.296658,24.2330891
        88.2967171,24.2336116
        88.2967446,24.2339359
      </coordinates>
    </LineString>
  </Placemark>
  <Placemark>
    <name>P-193</name>
    <ExtendedData>
      <Data name="id"><value>P-193</value></Data>
      <Data name="source"><value>J-191</value></Data>
      <Data name="target"><value>J-193</value></Data>
    </ExtendedData>
    <LineString>
      <coordinates>
        88.296658,24.2330891
        88.297002,24.2330541
      </coordinates>
    </LineString>
  </Placemark>
  <Placemark>
    <name>P-194</name>
    <ExtendedData>
      <Data name="id"><value>P-194</value></Data>
      <Data name="source"><value>J-193</value></Data>
      <Data name="target"><value>J-194</value></Data>
    </ExtendedData>
    <LineString>
      <coordinates>
        88.297002,24.2330541
        88.297048,24.2333527
        88.2971717,24.2333377
        88.2971854,24.2334466
      </coordinates>
    </LineString>
  </Placemark>
  <Placemark>
    <name>P-195</name>
    <ExtendedData>
      <Data name="id"><value>P-195</value></Data>
      <Data name="source"><value>J-194</value></Data>
      <Data name="target"><value>J-195</value></Data>
    </ExtendedData>
    <LineString>
      <coordinates>
        88.2971854,24.2334466
        88.2972505,24.2338772
      </coordinates>
    </LineString>
  </Placemark>
  <Placemark>
    <name>P-196</name>
    <ExtendedData>
      <Data name="id"><value>P-196</value></Data>
      <Data name="source"><value>J-194</value></Data>
      <Data name="target"><value>J-196</value></Data>
    </ExtendedData>
    <LineString>
      <coordinates>
        88.2971854,24.2334466
        88.2975261,24.2333927
      </coordinates>
    </LineString>
  </Placemark>
  <Placemark>
    <name>P-197</name>
    <ExtendedData>
      <Data name="id"><value>P-197</value></Data>
      <Data name="source"><value>J-193</value></Data>
      <Data name="target"><value>J-197</value></Data>
    </ExtendedData>
    <LineString>
      <coordinates>
        88.297002,24.2330541
        88.2974969,24.2330058
      </coordinates>
    </LineString>
  </Placemark>
  <Placemark>
    <name>P-198</name>
    <ExtendedData>
      <Data name="id"><value>P-198</value></Data>
      <Data name="source"><value>J-197</value></Data>
      <Data name="target"><value>J-198</value></Data>
    </ExtendedData>
    <LineString>
      <coordinates>
        88.2974969,24.2330058
        88.2975777,24.2329912
      </coordinates>
    </LineString>
  </Placemark>
  <Placemark>
    <name>P-199</name>
    <ExtendedData>
      <Data name="id"><value>P-199</value></Data>
      <Data name="source"><value>J-197</value></Data>
      <Data name="target"><value>J-199</value></Data>
    </ExtendedData>
    <LineString>
      <coordinates>
        88.2974969,24.2330058
        88.2975489,24.2333971
        88.2975742,24.2333923
        88.2975821,24.233427
        88.297741,24.2333932
      </coordinates>
    </LineString>
  </Placemark>
  <Placemark>
    <name>P-200</name>
    <ExtendedData>
      <Data name="id"><value>P-200</value></Data>
      <Data name="source"><value>J-135</value></Data>
      <Data name="target"><value>J-200</value></Data>
    </ExtendedData>
    <LineString>
      <coordinates>
        88.2932481,24.2346957
        88.2944072,24.2345145
      </coordinates>
    </LineString>
  </Placemark>
  <Placemark>
    <name>P-201</name>
    <ExtendedData>
      <Data name="id"><value>P-201</value></Data>
      <Data name="source"><value>J-200</value></Data>
      <Data name="target"><value>J-201</value></Data>
    </ExtendedData>
    <LineString>
      <coordinates>
        88.2944072,24.2345145
        88.2944038,24.2359578
        88.2943619,24.2363897
        88.2942623,24.2364542
        88.2938223,24.2364297
        88.2936994,24.2364802
        88.2936695,24.2365795
        88.2936086,24.2366579
        88.2932227,24.236647
      </coordinates>
    </LineString>
  </Placemark>
  <Placemark>
    <name>P-202</name>
    <ExtendedData>
      <Data name="id"><value>P-202</value></Data>
      <Data name="source"><value>J-201</value></Data>
      <Data name="target"><value>J-202</value></Data>
    </ExtendedData>
    <LineString>
      <coordinates>
        88.2932227,24.236647
        88.2930203,24.2372288
        88.2929202,24.2372509
        88.2922243,24.237087
        88.2900791,24.2370415
      </coordinates>
    </LineString>
  </Placemark>
  <Placemark>
    <name>P-203</name>
    <ExtendedData>
      <Data name="id"><value>P-203</value></Data>
      <Data name="source"><value>J-202</value></Data>
      <Data name="target"><value>J-203</value></Data>
    </ExtendedData>
    <LineString>
      <coordinates>
        88.2900791,24.2370415
        88.2892769,24.2370554
      </coordinates>
    </LineString>
  </Placemark>
  <Placemark>
    <name>P-204</name>
    <ExtendedData>
      <Data name="id"><value>P-204</value></Data>
      <Data name="source"><value>J-200</value></Data>
      <Data name="target"><value>J-204</value></Data>
    </ExtendedData>
    <LineString>
      <coordinates>
        88.2944072,24.2345145
        88.2951992,24.2343626
        88.2956921,24.2342316
      </coordinates>
    </LineString>
  </Placemark>
  <Placemark>
    <name>P-205</name>
    <ExtendedData>
      <Data name="id"><value>P-205</value></Data>
      <Data name="source"><value>J-204</value></Data>
      <Data name="target"><value>J-205</value></Data>
    </ExtendedData>
    <LineString>
      <coordinates>
        88.2956921,24.2342316
        88.2957583,24.2345787
      </coordinates>
    </LineString>
  </Placemark>
  <Placemark>
    <name>P-206</name>
    <ExtendedData>
      <Data name="id"><value>P-206</value></Data>
      <Data name="source"><value>J-204</value></Data>
      <Data name="target"><value>J-206</value></Data>
    </ExtendedData>
    <LineString>
      <coordinates>
        88.2956921,24.2342316
        88.2957315,24.2342008
      </coordinates>
    </LineString>
  </Placemark>
  <Placemark>
    <name>P-207</name>
    <ExtendedData>
      <Data name="id"><value>P-207</value></Data>
      <Data name="source"><value>J-206</value></Data>
      <Data name="target"><value>J-207</value></Data>
    </ExtendedData>
    <LineString>
      <coordinates>
        88.2957315,24.2342008
        88.2956831,24.2338956
      </coordinates>
    </LineString>
  </Placemark>
  <Placemark>
    <name>P-208</name>
    <ExtendedData>
      <Data name="id"><value>P-208</value></Data>
      <Data name="source"><value>J-206</value></Data>
      <Data name="target"><value>J-208</value></Data>
    </ExtendedData>
    <LineString>
      <coordinates>
        88.2957315,24.2342008
        88.2963711,24.2340443
      </coordinates>
    </LineString>
  </Placemark>
  <Placemark>
    <name>P-209</name>
    <ExtendedData>
      <Data name="id"><value>P-209</value></Data>
      <Data name="source"><value>J-208</value></Data>
      <Data name="target"><value>J-209</value></Data>
    </ExtendedData>
    <LineString>
      <coordinates>
        88.2963711,24.2340443
        88.2963985,24.2342807
      </coordinates>
    </LineString>
  </Placemark>
  <Placemark>
    <name>P-210</name>
    <ExtendedData>
      <Data name="id"><value>P-210</value></Data>
      <Data name="source"><value>J-209</value></Data>
      <Data name="target"><value>J-210</value></Data>
    </ExtendedData>
    <LineString>
      <coordinates>
        88.2963985,24.2342807
        88.2967708,24.2342225
        88.2967498,24.2340256
      </coordinates>
    </LineString>
  </Placemark>
  <Placemark>
    <name>P-211</name>
    <ExtendedData>
      <Data name="id"><value>P-211</value></Data>
      <Data name="source"><value>J-209</value></Data>
      <Data name="target"><value>J-211</value></Data>
    </ExtendedData>
    <LineString>
      <coordinates>
        88.2963985,24.2342807
        88.2964727,24.2347455
      </coordinates>
    </LineString>
  </Placemark>
  <Placemark>
    <name>P-212</name>
    <ExtendedData>
      <Data name="id"><value>P-212</value></Data>
      <Data name="source"><value>J-211</value></Data>
      <Data name="target"><value>J-212</value></Data>
    </ExtendedData>
    <LineString>
      <coordinates>
        88.2964727,24.2347455
        88.2961475,24.2347638
      </coordinates>
    </LineString>
  </Placemark>
  <Placemark>
    <name>P-213</name>
    <ExtendedData>
      <Data name="id"><value>P-213</value></Data>
      <Data name="source"><value>J-211</value></Data>
      <Data name="target"><value>J-213</value></Data>
    </ExtendedData>
    <LineString>
      <coordinates>
        88.2964727,24.2347455
        88.2964827,24.2347892
      </coordinates>
    </LineString>
  </Placemark>
  <Placemark>
    <name>P-214</name>
    <ExtendedData>
      <Data name="id"><value>P-214</value></Data>
      <Data name="source"><value>J-213</value></Data>
      <Data name="target"><value>J-214</value></Data>
    </ExtendedData>
    <LineString>
      <coordinates>
        88.2964827,24.2347892
        88.296811,24.2347701
      </coordinates>
    </LineString>
  </Placemark>
  <Placemark>
    <name>P-215</name>
    <ExtendedData>
      <Data name="id"><value>P-215</value></Data>
      <Data name="source"><value>J-213</value></Data>
      <Data name="target"><value>J-215</value></Data>
    </ExtendedData>
    <LineString>
      <coordinates>
        88.2964827,24.2347892
        88.2965098,24.2352035
      </coordinates>
    </LineString>
  </Placemark>
  <Placemark>
    <name>P-216</name>
    <ExtendedData>
      <Data name="id"><value>P-216</value></Data>
      <Data name="source"><value>J-215</value></Data>
      <Data name="target"><value>J-216</value></Data>
    </ExtendedData>
    <LineString>
      <coordinates>
        88.2965098,24.2352035
        88.2968386,24.235206
      </coordinates>
    </LineString>
  </Placemark>
  <Placemark>
    <name>P-217</name>
    <ExtendedData>
      <Data name="id"><value>P-217</value></Data>
      <Data name="source"><value>J-215</value></Data>
      <Data name="target"><value>J-217</value></Data>
    </ExtendedData>
    <LineString>
      <coordinates>
        88.2965098,24.2352035
        88.296517,24.2354034
      </coordinates>
    </LineString>
  </Placemark>
  <Placemark>
    <name>P-218</name>
    <ExtendedData>
      <Data name="id"><value>P-218</value></Data>
      <Data name="source"><value>J-208</value></Data>
      <Data name="target"><value>J-218</value></Data>
    </ExtendedData>
    <LineString>
      <coordinates>
        88.2963711,24.2340443
        88.2967464,24.2339782
        88.2969202,24.2339619
      </coordinates>
    </LineString>
  </Placemark>
  <Placemark>
    <name>P-219</name>
    <ExtendedData>
      <Data name="id"><value>P-219</value></Data>
      <Data name="source"><value>J-218</value></Data>
      <Data name="target"><value>J-219</value></Data>
    </ExtendedData>
    <LineString>
      <coordinates>
        88.2969202,24.2339619
        88.2970168,24.2347476
        88.2971788,24.234757
        88.2971971,24.2350032
      </coordinates>
    </LineString>
  </Placemark>
  <Placemark>
    <name>P-220</name>
    <ExtendedData>
      <Data name="id"><value>P-220</value></Data>
      <Data name="source"><value>J-218</value></Data>
      <Data name="target"><value>J-220</value></Data>
    </ExtendedData>
    <LineString>
      <coordinates>
        88.2969202,24.2339619
        88.2975152,24.2338908
      </coordinates>
    </LineString>
  </Placemark>
  <Placemark>
    <name>P-221</name>
    <ExtendedData>
      <Data name="id"><value>P-221</value></Data>
      <Data name="source"><value>J-220</value></Data>
      <Data name="target"><value>J-221</value></Data>
    </ExtendedData>
    <LineString>
      <coordinates>
        88.2975152,24.2338908
        88.29753,24.2343567
      </coordinates>
    </LineString>
  </Placemark>
  <Placemark>
    <name>P-222</name>
    <ExtendedData>
      <Data name="id"><value>P-222</value></Data>
      <Data name="source"><value>J-220</value></Data>
      <Data name="target"><value>J-222</value></Data>
    </ExtendedData>
    <LineString>
      <coordinates>
        88.2975152,24.2338908
        88.2976869,24.2338778
      </coordinates>
    </LineString>
  </Placemark>
  <Placemark>
    <name>P-223</name>
    <ExtendedData>
      <Data name="id"><value>P-223</value></Data>
      <Data name="source"><value>J-222</value></Data>
      <Data name="target"><value>J-223</value></Data>
    </ExtendedData>
    <LineString>
      <coordinates>
        88.2976869,24.2338778
        88.2977041,24.2343204
        88.2979438,24.2342836
        88.2979341,24.2345688
        88.298278,24.2345844
      </coordinates>
    </LineString>
  </Placemark>
  <Placemark>
    <name>P-224</name>
    <ExtendedData>
      <Data name="id"><value>P-224</value></Data>
      <Data name="source"><value>J-222</value></Data>
      <Data name="target"><value>J-224</value></Data>
    </ExtendedData>
    <LineString>
      <coordinates>
        88.2976869,24.2338778
        88.2982652,24.2338195
      </coordinates>
    </LineString>
  </Placemark>
  <Placemark>
    <name>P-225</name>
    <ExtendedData>
      <Data name="id"><value>P-225</value></Data>
      <Data name="source"><value>J-224</value></Data>
      <Data name="target"><value>J-225</value></Data>
    </ExtendedData>
    <LineString>
      <coordinates>
        88.2982652,24.2338195
        88.2982163,24.2342303
        88.2983429,24.23425
        88.2982965,24.234845
        88.2982666,24.2350162
        88.2981403,24.2350231
      </coordinates>
    </LineString>
  </Placemark>
  <Placemark>
    <name>P-226</name>
    <ExtendedData>
      <Data name="id"><value>P-226</value></Data>
      <Data name="source"><value>J-224</value></Data>
      <Data name="target"><value>J-226</value></Data>
    </ExtendedData>
    <LineString>
      <coordinates>
        88.2982652,24.2338195
        88.2985765,24.2337955
      </coordinates>
    </LineString>
  </Placemark>
  <Placemark>
    <name>P-227</name>
    <ExtendedData>
      <Data name="id"><value>P-227</value></Data>
      <Data name="source"><value>J-226</value></Data>
      <Data name="target"><value>J-227</value></Data>
    </ExtendedData>
    <LineString>
      <coordinates>
        88.2985765,24.2337955
        88.2986212,24.2341428
      </coordinates>
    </LineString>
  </Placemark>
  <Placemark>
    <name>P-228</name>
    <ExtendedData>
      <Data name="id"><value>P-228</value></Data>
      <Data name="source"><value>J-226</value></Data>
      <Data name="target"><value>J-228</value></Data>
    </ExtendedData>
    <LineString>
      <coordinates>
        88.2985765,24.2337955
        88.2990384,24.2337148
      </coordinates>
    </LineString>
  </Placemark>
  <Placemark>
    <name>P-229</name>
    <ExtendedData>
      <Data name="id"><value>P-229</value></Data>
      <Data name="source"><value>J-23</value></Data>
      <Data name="target"><value>J-229</value></Data>
    </ExtendedData>
    <LineString>
      <coordinates>
        88.2864578,24.2403979
        88.2866872,24.2406344
      </coordinates>
    </LineString>
  </Placemark>
  <Placemark>
    <name>P-230</name>
    <ExtendedData>
      <Data name="id"><value>P-230</value></Data>
      <Data name="source"><value>J-229</value></Data>
      <Data name="target"><value>J-230</value></Data>
    </ExtendedData>
    <LineString>
      <coordinates>
        88.2866872,24.2406344
        88.2864874,24.2408425
      </coordinates>
    </LineString>
  </Placemark>
  <Placemark>
    <name>P-231</name>
    <ExtendedData>
      <Data name="id"><value>P-231</value></Data>
      <Data name="source"><value>J-229</value></Data>
      <Data name="target"><value>J-231</value></Data>
    </ExtendedData>
    <LineString>
      <coordinates>
        88.2866872,24.2406344
        88.2870139,24.2409708
      </coordinates>
    </LineString>
  </Placemark>
  <Placemark>
    <name>P-232</name>
    <ExtendedData>
      <Data name="id"><value>P-232</value></Data>
      <Data name="source"><value>J-231</value></Data>
      <Data name="target"><value>J-232</value></Data>
    </ExtendedData>
    <LineString>
      <coordinates>
        88.2870139,24.2409708
        88.2871347,24.2406977
      </coordinates>
    </LineString>
  </Placemark>
  <Placemark>
    <name>P-233</name>
    <ExtendedData>
      <Data name="id"><value>P-233</value></Data>
      <Data name="source"><value>J-232</value></Data>
      <Data name="target"><value>J-233</value></Data>
    </ExtendedData>
    <LineString>
      <coordinates>
        88.2871347,24.2406977
        88.2870896,24.2404872
      </coordinates>
    </LineString>
  </Placemark>
  <Placemark>
    <name>P-234</name>
    <ExtendedData>
      <Data name="id"><value>P-234</value></Data>
      <Data name="source"><value>J-233</value></Data>
      <Data name="target"><value>J-234</value></Data>
    </ExtendedData>
    <LineString>
      <coordinates>
        88.2870896,24.2404872
        88.2870656,24.2403599
      </coordinates>
    </LineString>
  </Placemark>
  <Placemark>
    <name>P-235</name>
    <ExtendedData>
      <Data name="id"><value>P-235</value></Data>
      <Data name="source"><value>J-233</value></Data>
      <Data name="target"><value>J-235</value></Data>
    </ExtendedData>
    <LineString>
      <coordinates>
        88.2870896,24.2404872
        88.2874212,24.2405284
        88.2874265,24.2403082
      </coordinates>
    </LineString>
  </Placemark>
  <Placemark>
    <name>P-236</name>
    <ExtendedData>
      <Data name="id"><value>P-236</value></Data>
      <Data name="source"><value>J-232</value></Data>
      <Data name="target"><value>J-236</value></Data>
    </ExtendedData>
    <LineString>
      <coordinates>
        88.2871347,24.2406977
        88.2872336,24.2407247
        88.2872071,24.2408548
        88.287632,24.2411316
        88.287455,24.2413742
      </coordinates>
    </LineString>
  </Placemark>
  <Placemark>
    <name>P-237</name>
    <ExtendedData>
      <Data name="id"><value>P-237</value></Data>
      <Data name="source"><value>J-231</value></Data>
      <Data name="target"><value>J-237</value></Data>
    </ExtendedData>
    <LineString>
      <coordinates>
        88.2870139,24.2409708
        88.2871974,24.2411562
      </coordinates>
    </LineString>
  </Placemark>
  <Placemark>
    <name>P-238</name>
    <ExtendedData>
      <Data name="id"><value>P-238</value></Data>
      <Data name="source"><value>J-237</value></Data>
      <Data name="target"><value>J-238</value></Data>
    </ExtendedData>
    <LineString>
      <coordinates>
        88.2871974,24.2411562
        88.2869374,24.2414435
      </coordinates>
    </LineString>
  </Placemark>
  <Placemark>
    <name>P-239</name>
    <ExtendedData>
      <Data name="id"><value>P-239</value></Data>
      <Data name="source"><value>J-237</value></Data>
      <Data name="target"><value>J-239</value></Data>
    </ExtendedData>
    <LineString>
      <coordinates>
        88.2871974,24.2411562
        88.2875474,24.2415102
      </coordinates>
    </LineString>
  </Placemark>
  <Placemark>
    <name>P-240</name>
    <ExtendedData>
      <Data name="id"><value>P-240</value></Data>
      <Data name="source"><value>J-239</value></Data>
      <Data name="target"><value>J-240</value></Data>
    </ExtendedData>
    <LineString>
      <coordinates>
        88.2875474,24.2415102
        88.2873045,24.2417441
      </coordinates>
    </LineString>
  </Placemark>
  <Placemark>
    <name>P-241</name>
    <ExtendedData>
      <Data name="id"><value>P-241</value></Data>
      <Data name="source"><value>J-239</value></Data>
      <Data name="target"><value>J-241</value></Data>
    </ExtendedData>
    <LineString>
      <coordinates>
        88.2875474,24.2415102
        88.2877806,24.2417491
      </coordinates>
    </LineString>
  </Placemark>
  <Placemark>
    <name>P-242</name>
    <ExtendedData>
      <Data name="id"><value>P-242</value></Data>
      <Data name="source"><value>J-241</value></Data>
      <Data name="target"><value>J-242</value></Data>
    </ExtendedData>
    <LineString>
      <coordinates>
        88.2877806,24.2417491
        88.2879919,24.2414223
      </coordinates>
    </LineString>
  </Placemark>
  <Placemark>
    <name>P-243</name>
    <ExtendedData>
      <Data name="id"><value>P-243</value></Data>
      <Data name="source"><value>J-241</value></Data>
      <Data name="target"><value>J-243</value></Data>
    </ExtendedData>
    <LineString>
      <coordinates>
        88.2877806,24.2417491
        88.2886414,24.2425775
      </coordinates>
    </LineString>
  </Placemark>
  <Placemark>
    <name>P-244</name>
    <ExtendedData>
      <Data name="id"><value>P-244</value></Data>
      <Data name="source"><value>J-243</value></Data>
      <Data name="target"><value>J-244</value></Data>
    </ExtendedData>
    <LineString>
      <coordinates>
        88.2886414,24.2425775
        88.2882672,24.2432881
        88.287862,24.243845
        88.2876672,24.2454437
      </coordinates>
    </LineString>
  </Placemark>
  <Placemark>
    <name>P-245</name>
    <ExtendedData>
      <Data name="id"><value>P-245</value></Data>
      <Data name="source"><value>J-244</value></Data>
      <Data name="target"><value>J-245</value></Data>
    </ExtendedData>
    <LineString>
      <coordinates>
        88.2876672,24.2454437
        88.2871584,24.2453808
      </coordinates>
    </LineString>
  </Placemark>
  <Placemark>
    <name>P-246</name>
    <ExtendedData>
      <Data name="id"><value>P-246</value></Data>
      <Data name="source"><value>J-244</value></Data>
      <Data name="target"><value>J-246</value></Data>
    </ExtendedData>
    <LineString>
      <coordinates>
        88.2876672,24.2454437
        88.2876258,24.2457814
      </coordinates>
    </LineString>
  </Placemark>
  <Placemark>
    <name>P-247</name>
    <ExtendedData>
      <Data name="id"><value>P-247</value></Data>
      <Data name="source"><value>J-246</value></Data>
      <Data name="target"><value>J-247</value></Data>
    </ExtendedData>
    <LineString>
      <coordinates>
        88.2876258,24.2457814
        88.2871448,24.2457027
      </coordinates>
    </LineString>
  </Placemark>
  <Placemark>
    <name>P-248</name>
    <ExtendedData>
      <Data name="id"><value>P-248</value></Data>
      <Data name="source"><value>J-247</value></Data>
      <Data name="target"><value>J-248</value></Data>
    </ExtendedData>
    <LineString>
      <coordinates>
        88.2871448,24.2457027
        88.287102,24.2460777
      </coordinates>
    </LineString>
  </Placemark>
  <Placemark>
    <name>P-249</name>
    <ExtendedData>
      <Data name="id"><value>P-249</value></Data>
      <Data name="source"><value>J-247</value></Data>
      <Data name="target"><value>J-249</value></Data>
    </ExtendedData>
    <LineString>
      <coordinates>
        88.2871448,24.2457027
        88.2867861,24.2456316
      </coordinates>
    </LineString>
  </Placemark>
  <Placemark>
    <name>P-250</name>
    <ExtendedData>
      <Data name="id"><value>P-250</value></Data>
      <Data name="source"><value>J-246</value></Data>
      <Data name="target"><value>J-250</value></Data>
    </ExtendedData>
    <LineString>
      <coordinates>
        88.2876258,24.2457814
        88.2874979,24.2466276
        88.2874264,24.2481485
        88.287368,24.2484989
      </coordinates>
    </LineString>
  </Placemark>
  <Placemark>
    <name>P-251</name>
    <ExtendedData>
      <Data name="id"><value>P-251</value></Data>
      <Data name="source"><value>J-243</value></Data>
      <Data name="target"><value>J-251</value></Data>
    </ExtendedData>
    <LineString>
      <coordinates>
        88.2886414,24.2425775
        88.2888355,24.242757
      </coordinates>
    </LineString>
  </Placemark>
  <Placemark>
    <name>P-252</name>
    <ExtendedData>
      <Data name="id"><value>P-252</value></Data>
      <Data name="source"><value>J-251</value></Data>
      <Data name="target"><value>J-252</value></Data>
    </ExtendedData>
    <LineString>
      <coordinates>
        88.2888355,24.242757
        88.2889863,24.2425689
        88.2890514,24.2426054
        88.2891492,24.2424803
      </coordinates>
    </LineString>
  </Placemark>
  <Placemark>
    <name>P-253</name>
    <ExtendedData>
      <Data name="id"><value>P-253</value></Data>
      <Data name="source"><value>J-252</value></Data>
      <Data name="target"><value>J-253</value></Data>
    </ExtendedData>
    <LineString>
      <coordinates>
        88.2891492,24.2424803
        88.2892796,24.2425775
      </coordinates>
    </LineString>
  </Placemark>
  <Placemark>
    <name>P-254</name>
    <ExtendedData>
      <Data name="id"><value>P-254</value></Data>
      <Data name="source"><value>J-252</value></Data>
      <Data name="target"><value>J-254</value></Data>
    </ExtendedData>
    <LineString>
      <coordinates>
        88.2891492,24.2424803
        88.2892961,24.2422713
        88.2894955,24.2424061
      </coordinates>
    </LineString>
  </Placemark>
  <Placemark>
    <name>P-255</name>
    <ExtendedData>
      <Data name="id"><value>P-255</value></Data>
      <Data name="source"><value>J-252</value></Data>
      <Data name="target"><value>J-255</value></Data>
    </ExtendedData>
    <LineString>
      <coordinates>
        88.2891492,24.2424803
        88.288933,24.2423278
      </coordinates>
    </LineString>
  </Placemark>
  <Placemark>
    <name>P-256</name>
    <ExtendedData>
      <Data name="id"><value>P-256</value></Data>
      <Data name="source"><value>J-251</value></Data>
      <Data name="target"><value>J-256</value></Data>
    </ExtendedData>
    <LineString>
      <coordinates>
        88.2888355,24.242757
        88.2889285,24.2428538
      </coordinates>
    </LineString>
  </Placemark>
  <Placemark>
    <name>P-257</name>
    <ExtendedData>
      <Data name="id"><value>P-257</value></Data>
      <Data name="source"><value>J-256</value></Data>
      <Data name="target"><value>J-257</value></Data>
    </ExtendedData>
    <LineString>
      <coordinates>
        88.2889285,24.2428538
        88.2886766,24.2431585
        88.2883986,24.243066
      </coordinates>
    </LineString>
  </Placemark>
  <Placemark>
    <name>P-258</name>
    <ExtendedData>
      <Data name="id"><value>P-258</value></Data>
      <Data name="source"><value>J-256</value></Data>
      <Data name="target"><value>J-258</value></Data>
    </ExtendedData>
    <LineString>
      <coordinates>
        88.2889285,24.2428538
        88.2890193,24.2429354
      </coordinates>
    </LineString>
  </Placemark>
  <Placemark>
    <name>P-259</name>
    <ExtendedData>
      <Data name="id"><value>P-259</value></Data>
      <Data name="source"><value>J-258</value></Data>
      <Data name="target"><value>J-259</value></Data>
    </ExtendedData>
    <LineString>
      <coordinates>
        88.2890193,24.2429354
        88.2893436,24.2425359
        88.2893769,24.2425612
        88.289501,24.2424245
      </coordinates>
    </LineString>
  </Placemark>
  <Placemark>
    <name>P-260</name>
    <ExtendedData>
      <Data name="id"><value>P-260</value></Data>
      <Data name="source"><value>J-258</value></Data>
      <Data name="target"><value>J-260</value></Data>
    </ExtendedData>
    <LineString>
      <coordinates>
        88.2890193,24.2429354
        88.2891069,24.2430214
      </coordinates>
    </LineString>
  </Placemark>
  <Placemark>
    <name>P-261</name>
    <ExtendedData>
      <Data name="id"><value>P-261</value></Data>
      <Data name="source"><value>J-260</value></Data>
      <Data name="target"><value>J-261</value></Data>
    </ExtendedData>
    <LineString>
      <coordinates>
        88.2891069,24.2430214
        88.2892391,24.2431448
      </coordinates>
    </LineString>
  </Placemark>
  <Placemark>
    <name>P-262</name>
    <ExtendedData>
      <Data name="id"><value>P-262</value></Data>
      <Data name="source"><value>J-261</value></Data>
      <Data name="target"><value>J-262</value></Data>
    </ExtendedData>
    <LineString>
      <coordinates>
        88.2892391,24.2431448
        88.2893257,24.2432287
      </coordinates>
    </LineString>
  </Placemark>
  <Placemark>
    <name>P-263</name>
    <ExtendedData>
      <Data name="id"><value>P-263</value></Data>
      <Data name="source"><value>J-262</value></Data>
      <Data name="target"><value>J-263</value></Data>
    </ExtendedData>
    <LineString>
      <coordinates>
        88.2893257,24.2432287
        88.2893779,24.2432796
      </coordinates>
    </LineString>
  </Placemark>
  <Placemark>
    <name>P-264</name>
    <ExtendedData>
      <Data name="id"><value>P-264</value></Data>
      <Data name="source"><value>J-263</value></Data>
      <Data name="target"><value>J-264</value></Data>
    </ExtendedData>
    <LineString>
      <coordinates>
        88.2893779,24.2432796
        88.2894515,24.2433569
      </coordinates>
    </LineString>
  </Placemark>
  <Placemark>
    <name>P-265</name>
    <ExtendedData>
      <Data name="id"><value>P-265</value></Data>
      <Data name="source"><value>J-264</value></Data>
      <Data name="target"><value>J-265</value></Data>
    </ExtendedData>
    <LineString>
      <coordinates>
        88.2894515,24.2433569
        88.2903998,24.2442611
        88.2916139,24.2455044
      </coordinates>
    </LineString>
  </Placemark>
  <Placemark>
    <name>P-266</name>
    <ExtendedData>
      <Data name="id"><value>P-266</value></Data>
      <Data name="source"><value>J-265</value></Data>
      <Data name="target"><value>J-266</value></Data>
    </ExtendedData>
    <LineString>
      <coordinates>
        88.2916139,24.2455044
        88.2930976,24.2470918
      </coordinates>
    </LineString>
  </Placemark>
  <Placemark>
    <name>P-267</name>
    <ExtendedData>
      <Data name="id"><value>P-267</value></Data>
      <Data name="source"><value>J-260</value></Data>
      <Data name="target"><value>J-267</value></Data>
    </ExtendedData>
    <LineString>
      <coordinates>
        88.2891069,24.2430214
        88.2889213,24.2432516
      </coordinates>
    </LineString>
  </Placemark>
  <Placemark>
    <name>P-268</name>
    <ExtendedData>
      <Data name="id"><value>P-268</value></Data>
      <Data name="source"><value>J-261</value></Data>
      <Data name="target"><value>J-268</value></Data>
    </ExtendedData>
    <LineString>
      <coordinates>
        88.2892391,24.2431448
        88.2890742,24.2433732
      </coordinates>
    </LineString>
  </Placemark>
  <Placemark>
    <name>P-269</name>
    <ExtendedData>
      <Data name="id"><value>P-269</value></Data>
      <Data name="source"><value>J-261</value></Data>
      <Data name="target"><value>J-269</value></Data>
    </ExtendedData>
    <LineString>
      <coordinates>
        88.2892391,24.2431448
        88.2896206,24.24265
        88.2895034,24.2425606
        88.2894885,24.2425839
        88.2894248,24.2425381
      </coordinates>
    </LineString>
  </Placemark>
  <Placemark>
    <name>P-270</name>
    <ExtendedData>
      <Data name="id"><value>P-270</value></Data>
      <Data name="source"><value>J-262</value></Data>
      <Data name="target"><value>J-270</value></Data>
    </ExtendedData>
    <LineString>
      <coordinates>
        88.2893257,24.2432287
        88.2895426,24.2429404
      </coordinates>
    </LineString>
  </Placemark>
  <Placemark>
    <name>P-271</name>
    <ExtendedData>
      <Data name="id"><value>P-271</value></Data>
      <Data name="source"><value>J-264</value></Data>
      <Data name="target"><value>J-271</value></Data>
    </ExtendedData>
    <LineString>
      <coordinates>
        88.2894515,24.2433569
        88.2892406,24.2435735
      </coordinates>
    </LineString>
  </Placemark>
  <Placemark>
    <name>P-272</name>
    <ExtendedData>
      <Data name="id"><value>P-272</value></Data>
      <Data name="source"><value>J-263</value></Data>
      <Data name="target"><value>J-272</value></Data>
    </ExtendedData>
    <LineString>
      <coordinates>
        88.2893779,24.2432796
        88.2899196,24.24322
      </coordinates>
    </LineString>
  </Placemark>
  <Placemark>
    <name>P-273</name>
    <ExtendedData>
      <Data name="id"><value>P-273</value></Data>
      <Data name="source"><value>J-272</value></Data>
      <Data name="target"><value>J-273</value></Data>
    </ExtendedData>
    <LineString>
      <coordinates>
        88.2899196,24.24322
        88.2902731,24.2431776
        88.2902855,24.243407
      </coordinates>
    </LineString>
  </Placemark>
  <Placemark>
    <name>P-274</name>
    <ExtendedData>
      <Data name="id"><value>P-274</value></Data>
      <Data name="source"><value>J-272</value></Data>
      <Data name="target"><value>J-274</value></Data>
    </ExtendedData>
    <LineString>
      <coordinates>
        88.2899196,24.24322
        88.2899711,24.2435696
      </coordinates>
    </LineString>
  </Placemark>
  <Placemark>
    <name>P-275</name>
    <ExtendedData>
      <Data name="id"><value>P-275</value></Data>
      <Data name="source"><value>J-266</value></Data>
      <Data name="target"><value>J-275</value></Data>
    </ExtendedData>
    <LineString>
      <coordinates>
        88.2930976,24.2470918
        88.2932929,24.2466479
        88.2933553,24.2465604
      </coordinates>
    </LineString>
  </Placemark>
  <Placemark>
    <name>P-276</name>
    <ExtendedData>
      <Data name="id"><value>P-276</value></Data>
      <Data name="source"><value>J-275</value></Data>
      <Data name="target"><value>J-276</value></Data>
    </ExtendedData>
    <LineString>
      <coordinates>
        88.2933553,24.2465604
        88.2934059,24.2464876
        88.2935866,24.2460043
        88.2941094,24.2461375
        88.2941285,24.2460722
      </coordinates>
    </LineString>
  </Placemark>
  <Placemark>
    <name>P-277</name>
    <ExtendedData>
      <Data name="id"><value>P-277</value></Data>
      <Data name="source"><value>J-276</value></Data>
      <Data name="target"><value>J-277</value></Data>
    </ExtendedData>
    <LineString>
      <coordinates>
        88.2941285,24.2460722
        88.2943463,24.2461282
        88.2943701,24.2465192
      </coordinates>
    </LineString>
  </Placemark>
  <Placemark>
    <name>P-278</name>
    <ExtendedData>
      <Data name="id"><value>P-278</value></Data>
      <Data name="source"><value>J-276</value></Data>
      <Data name="target"><value>J-278</value></Data>
    </ExtendedData>
    <LineString>
      <coordinates>
        88.2941285,24.2460722
        88.2941526,24.2457242
      </coordinates>
    </LineString>
  </Placemark>
  <Placemark>
    <name>P-279</name>
    <ExtendedData>
      <Data name="id"><value>P-279</value></Data>
      <Data name="source"><value>J-275</value></Data>
      <Data name="target"><value>J-279</value></Data>
    </ExtendedData>
    <LineString>
      <coordinates>
        88.2933553,24.2465604
        88.2939693,24.2467363
      </coordinates>
    </LineString>
  </Placemark>
  <Placemark>
    <name>P-280</name>
    <ExtendedData>
      <Data name="id"><value>P-280</value></Data>
      <Data name="source"><value>J-279</value></Data>
      <Data name="target"><value>J-280</value></Data>
    </ExtendedData>
    <LineString>
      <coordinates>
        88.2939693,24.2467363
        88.2939934,24.2463848
      </coordinates>
    </LineString>
  </Placemark>
  <Placemark>
    <name>P-281</name>
    <ExtendedData>
      <Data name="id"><value>P-281</value></Data>
      <Data name="source"><value>J-279</value></Data>
      <Data name="target"><value>J-281</value></Data>
    </ExtendedData>
    <LineString>
      <coordinates>
        88.2939693,24.2467363
        88.2942031,24.2468032
      </coordinates>
    </LineString>
  </Placemark>
  <Placemark>
    <name>P-282</name>
    <ExtendedData>
      <Data name="id"><value>P-282</value></Data>
      <Data name="source"><value>J-281</value></Data>
      <Data name="target"><value>J-282</value></Data>
    </ExtendedData>
    <LineString>
      <coordinates>
        88.2942031,24.2468032
        88.2943148,24.2465233
      </coordinates>
    </LineString>
  </Placemark>
  <Placemark>
    <name>P-283</name>
    <ExtendedData>
      <Data name="id"><value>P-283</value></Data>
      <Data name="source"><value>J-281</value></Data>
      <Data name="target"><value>J-283</value></Data>
    </ExtendedData>
    <LineString>
      <coordinates>
        88.2942031,24.2468032
        88.2942478,24.2468541
        88.2943216,24.2469021
        88.294456,24.2469427
        88.2946929,24.2471145
      </coordinates>
    </LineString>
  </Placemark>
  <Placemark>
    <name>P-284</name>
    <ExtendedData>
      <Data name="id"><value>P-284</value></Data>
      <Data name="source"><value>J-283</value></Data>
      <Data name="target"><value>J-284</value></Data>
    </ExtendedData>
    <LineString>
      <coordinates>
        88.2946929,24.2471145
        88.2947679,24.2470828
        88.2948571,24.2470999
        88.2949367,24.2471392
        88.2949808,24.2471745
        88.2950719,24.2472212
      </coordinates>
    </LineString>
  </Placemark>
  <Placemark>
    <name>P-285</name>
    <ExtendedData>
      <Data name="id"><value>P-285</value></Data>
      <Data name="source"><value>J-283</value></Data>
      <Data name="target"><value>J-285</value></Data>
    </ExtendedData>
    <LineString>
      <coordinates>
        88.2946929,24.2471145
        88.2946365,24.247213
        88.2945674,24.2472566
        88.2943118,24.2473421
      </coordinates>
    </LineString>
  </Placemark>
  <Placemark>
    <name>P-286</name>
    <ExtendedData>
      <Data name="id"><value>P-286</value></Data>
      <Data name="source"><value>J-266</value></Data>
      <Data name="target"><value>J-286</value></Data>
    </ExtendedData>
    <LineString>
      <coordinates>
        88.2930976,24.2470918
        88.2932484,24.2472504
      </coordinates>
    </LineString>
  </Placemark>
  <Placemark>
    <name>P-287</name>
    <ExtendedData>
      <Data name="id"><value>P-287</value></Data>
      <Data name="source"><value>J-286</value></Data>
      <Data name="target"><value>J-287</value></Data>
    </ExtendedData>
    <LineString>
      <coordinates>
        88.2932484,24.2472504
        88.2934165,24.2469969
      </coordinates>
    </LineString>
  </Placemark>
  <Placemark>
    <name>P-288</name>
    <ExtendedData>
      <Data name="id"><value>P-288</value></Data>
      <Data name="source"><value>J-286</value></Data>
      <Data name="target"><value>J-288</value></Data>
    </ExtendedData>
    <LineString>
      <coordinates>
        88.2932484,24.2472504
        88.2937991,24.2478019
      </coordinates>
    </LineString>
  </Placemark>
  <Placemark>
    <name>P-289</name>
    <ExtendedData>
      <Data name="id"><value>P-289</value></Data>
      <Data name="source"><value>J-288</value></Data>
      <Data name="target"><value>J-289</value></Data>
    </ExtendedData>
    <LineString>
      <coordinates>
        88.2937991,24.2478019
        88.2939651,24.2475764
        88.2941819,24.2474188
        88.2942655,24.2473677
      </coordinates>
    </LineString>
  </Placemark>
  <Placemark>
    <name>P-290</name>
    <ExtendedData>
      <Data name="id"><value>P-290</value></Data>
      <Data name="source"><value>J-288</value></Data>
      <Data name="target"><value>J-290</value></Data>
    </ExtendedData>
    <LineString>
      <coordinates>
        88.2937991,24.2478019
        88.2940493,24.2480577
        88.2942405,24.2482137
      </coordinates>
    </LineString>
  </Placemark>
  <Placemark>
    <name>P-291</name>
    <ExtendedData>
      <Data name="id"><value>P-291</value></Data>
      <Data name="source"><value>J-290</value></Data>
      <Data name="target"><value>J-291</value></Data>
    </ExtendedData>
    <LineString>
      <coordinates>
        88.2942405,24.2482137
        88.2939841,24.2486076
        88.2938175,24.2486322
        88.2937545,24.2486559
        88.2937273,24.2487095
      </coordinates>
    </LineString>
  </Placemark>
  <Placemark>
    <name>P-292</name>
    <ExtendedData>
      <Data name="id"><value>P-292</value></Data>
      <Data name="source"><value>J-290</value></Data>
      <Data name="target"><value>J-292</value></Data>
    </ExtendedData>
    <LineString>
      <coordinates>
        88.2942405,24.2482137
        88.2946584,24.2485602
      </coordinates>
    </LineString>
  </Placemark>
  <Placemark>
    <name>P-293</name>
    <ExtendedData>
      <Data name="id"><value>P-293</value></Data>
      <Data name="source"><value>J-292</value></Data>
      <Data name="target"><value>J-293</value></Data>
    </ExtendedData>
    <LineString>
      <coordinates>
        88.2946584,24.2485602
        88.2945638,24.2486878
        88.2944696,24.2488717
        88.2943574,24.2490303
        88.2943404,24.249093
      </coordinates>
    </LineString>
  </Placemark>
  <Placemark>
    <name>P-294</name>
    <ExtendedData>
      <Data name="id"><value>P-294</value></Data>
      <Data name="source"><value>J-293</value></Data>
      <Data name="target"><value>J-294</value></Data>
    </ExtendedData>
    <LineString>
      <coordinates>
        88.2943404,24.249093
        88.2942556,24.2492073
        88.2941904,24.2492612
        88.2941557,24.249331
        88.2941264,24.2494286
        88.2941005,24.2496259
      </coordinates>
    </LineString>
  </Placemark>
  <Placemark>
    <name>P-295</name>
    <ExtendedData>
      <Data name="id"><value>P-295</value></Data>
      <Data name="source"><value>J-292</value></Data>
      <Data name="target"><value>J-295</value></Data>
    </ExtendedData>
    <LineString>
      <coordinates>
        88.2946584,24.2485602
        88.2954294,24.2492631
        88.2958026,24.2496106
      </coordinates>
    </LineString>
  </Placemark>
  <Placemark>
    <name>P-296</name>
    <ExtendedData>
      <Data name="id"><value>P-296</value></Data>
      <Data name="source"><value>J-295</value></Data>
      <Data name="target"><value>J-296</value></Data>
    </ExtendedData>
    <LineString>
      <coordinates>
        88.2958026,24.2496106
        88.2952248,24.2496619
        88.2952029,24.2496852
      </coordinates>
    </LineString>
  </Placemark>
  <Placemark>
    <name>P-297</name>
    <ExtendedData>
      <Data name="id"><value>P-297</value></Data>
      <Data name="source"><value>J-296</value></Data>
      <Data name="target"><value>J-297</value></Data>
    </ExtendedData>
    <LineString>
      <coordinates>
        88.2952029,24.2496852
        88.29525,24.2499659
      </coordinates>
    </LineString>
  </Placemark>
  <Placemark>
    <name>P-298</name>
    <ExtendedData>
      <Data name="id"><value>P-298</value></Data>
      <Data name="source"><value>J-296</value></Data>
      <Data name="target"><value>J-298</value></Data>
    </ExtendedData>
    <LineString>
      <coordinates>
        88.2952029,24.2496852
        88.2951019,24.2497657
        88.2949536,24.2497959
        88.2947609,24.2497946
        88.2944381,24.2497568
        88.2941941,24.2496893
        88.294096,24.2496757
        88.2938738,24.2496962
      </coordinates>
    </LineString>
  </Placemark>
  <Placemark>
    <name>P-299</name>
    <ExtendedData>
      <Data name="id"><value>P-299</value></Data>
      <Data name="source"><value>J-298</value></Data>
      <Data name="target"><value>J-299</value></Data>
    </ExtendedData>
    <LineString>
      <coordinates>
        88.2938738,24.2496962
        88.2937698,24.249729
        88.2936882,24.2497761
        88.2934227,24.2497754
        88.2933624,24.2497709
      </coordinates>
    </LineString>
  </Placemark>
  <Placemark>
    <name>P-300</name>
    <ExtendedData>
      <Data name="id"><value>P-300</value></Data>
      <Data name="source"><value>J-295</value></Data>
      <Data name="target"><value>J-300</value></Data>
    </ExtendedData>
    <LineString>
      <coordinates>
        88.2958026,24.2496106
        88.2960779,24.2499979
        88.2962237,24.2503516
        88.2963892,24.2507015
      </coordinates>
    </LineString>
  </Placemark>
  <Placemark>
    <name>P-301</name>
    <ExtendedData>
      <Data name="id"><value>P-301</value></Data>
      <Data name="source"><value>J-300</value></Data>
      <Data name="target"><value>J-301</value></Data>
    </ExtendedData>
    <LineString>
      <coordinates>
        88.2963892,24.2507015
        88.2966618,24.2511012
        88.2967912,24.2513899
      </coordinates>
    </LineString>
  </Placemark>
  <Placemark>
    <name>P-302</name>
    <ExtendedData>
      <Data name="id"><value>P-302</value></Data>
      <Data name="source"><value>J-301</value></Data>
      <Data name="target"><value>J-302</value></Data>
    </ExtendedData>
    <LineString>
      <coordinates>
        88.2967912,24.2513899
        88.2969104,24.2516342
      </coordinates>
    </LineString>
  </Placemark>
  <Placemark>
    <name>P-303</name>
    <ExtendedData>
      <Data name="id"><value>P-303</value></Data>
      <Data name="source"><value>J-301</value></Data>
      <Data name="target"><value>J-303</value></Data>
    </ExtendedData>
    <LineString>
      <coordinates>
        88.2967912,24.2513899
        88.2966812,24.2515556
      </coordinates>
    </LineString>
  </Placemark>
  <Placemark>
    <name>P-304</name>
    <ExtendedData>
      <Data name="id"><value>P-304</value></Data>
      <Data name="source"><value>J-1</value></Data>
      <Data name="target"><value>J-304</value></Data>
    </ExtendedData>
    <LineString>
      <coordinates>
        88.283864,24.2416847
        88.28357,24.2421109
        88.2832878,24.2425227
        88.2830824,24.2428568
        88.2827378,24.2434041
        88.2820044,24.2447675
        88.2810034,24.2467297
      </coordinates>
    </LineString>
  </Placemark>
  <Placemark>
    <name>P-305</name>
    <ExtendedData>
      <Data name="id"><value>P-305</value></Data>
      <Data name="source"><value>J-304</value></Data>
      <Data name="target"><value>J-305</value></Data>
    </ExtendedData>
    <LineString>
      <coordinates>
        88.2810034,24.2467297
        88.2800087,24.2486199
      </coordinates>
    </LineString>
  </Placemark>
  <Placemark>
    <name>P-306</name>
    <ExtendedData>
      <Data name="id"><value>P-306</value></Data>
      <Data name="source"><value>J-1</value></Data>
      <Data name="target"><value>J-306</value></Data>
    </ExtendedData>
    <LineString>
      <coordinates>
        88.283864,24.2416847
        88.2838581,24.241709
        88.2837418,24.2418865
      </coordinates>
    </LineString>
  </Placemark>
  <Placemark>
    <name>P-307</name>
    <ExtendedData>
      <Data name="id"><value>P-307</value></Data>
      <Data name="source"><value>J-306</value></Data>
      <Data name="target"><value>J-307</value></Data>
    </ExtendedData>
    <LineString>
      <coordinates>
        88.2837418,24.2418865
        88.2842183,24.2421303
        88.2841165,24.2423002
      </coordinates>
    </LineString>
  </Placemark>
  <Placemark>
    <name>P-308</name>
    <ExtendedData>
      <Data name="id"><value>P-308</value></Data>
      <Data name="source"><value>J-306</value></Data>
      <Data name="target"><value>J-308</value></Data>
    </ExtendedData>
    <LineString>
      <coordinates>
        88.2837418,24.2418865
        88.2835951,24.2421044
      </coordinates>
    </LineString>
  </Placemark>
  <Placemark>
    <name>P-309</name>
    <ExtendedData>
      <Data name="id"><value>P-309</value></Data>
      <Data name="source"><value>J-308</value></Data>
      <Data name="target"><value>J-309</value></Data>
    </ExtendedData>
    <LineString>
      <coordinates>
        88.2835951,24.2421044
        88.2840776,24.2423021
      </coordinates>
    </LineString>
  </Placemark>
  <Placemark>
    <name>P-310</name>
    <ExtendedData>
      <Data name="id"><value>P-310</value></Data>
      <Data name="source"><value>J-308</value></Data>
      <Data name="target"><value>J-310</value></Data>
    </ExtendedData>
    <LineString>
      <coordinates>
        88.2835951,24.2421044
        88.2832754,24.2425823
        88.2831262,24.2428269
      </coordinates>
    </LineString>
  </Placemark>
  <Placemark>
    <name>P-311</name>
    <ExtendedData>
      <Data name="id"><value>P-311</value></Data>
      <Data name="source"><value>J-310</value></Data>
      <Data name="target"><value>J-311</value></Data>
    </ExtendedData>
    <LineString>
      <coordinates>
        88.2831262,24.2428269
        88.2839455,24.2432199
      </coordinates>
    </LineString>
  </Placemark>
  <Placemark>
    <name>P-312</name>
    <ExtendedData>
      <Data name="id"><value>P-312</value></Data>
      <Data name="source"><value>J-310</value></Data>
      <Data name="target"><value>J-312</value></Data>
    </ExtendedData>
    <LineString>
      <coordinates>
        88.2831262,24.2428269
        88.2829862,24.2430483
      </coordinates>
    </LineString>
  </Placemark>
  <Placemark>
    <name>P-313</name>
    <ExtendedData>
      <Data name="id"><value>P-313</value></Data>
      <Data name="source"><value>J-312</value></Data>
      <Data name="target"><value>J-313</value></Data>
    </ExtendedData>
    <LineString>
      <coordinates>
        88.2829862,24.2430483
        88.2834372,24.2432734
      </coordinates>
    </LineString>
  </Placemark>
  <Placemark>
    <name>P-314</name>
    <ExtendedData>
      <Data name="id"><value>P-314</value></Data>
      <Data name="source"><value>J-312</value></Data>
      <Data name="target"><value>J-314</value></Data>
    </ExtendedData>
    <LineString>
      <coordinates>
        88.2829862,24.2430483
        88.2828275,24.2432872
      </coordinates>
    </LineString>
  </Placemark>
  <Placemark>
    <name>P-315</name>
    <ExtendedData>
      <Data name="id"><value>P-315</value></Data>
      <Data name="source"><value>J-314</value></Data>
      <Data name="target"><value>J-315</value></Data>
    </ExtendedData>
    <LineString>
      <coordinates>
        88.2828275,24.2432872
        88.2831421,24.24347
      </coordinates>
    </LineString>
  </Placemark>
  <Placemark>
    <name>P-316</name>
    <ExtendedData>
      <Data name="id"><value>P-316</value></Data>
      <Data name="source"><value>J-314</value></Data>
      <Data name="target"><value>J-316</value></Data>
    </ExtendedData>
    <LineString>
      <coordinates>
        88.2828275,24.2432872
        88.2827433,24.2434174
        88.2826911,24.2435291
      </coordinates>
    </LineString>
  </Placemark>
  <Placemark>
    <name>P-317</name>
    <ExtendedData>
      <Data name="id"><value>P-317</value></Data>
      <Data name="source"><value>J-316</value></Data>
      <Data name="target"><value>J-317</value></Data>
    </ExtendedData>
    <LineString>
      <coordinates>
        88.2826911,24.2435291
        88.2830256,24.2436509
      </coordinates>
    </LineString>
  </Placemark>
  <Placemark>
    <name>P-318</name>
    <ExtendedData>
      <Data name="id"><value>P-318</value></Data>
      <Data name="source"><value>J-316</value></Data>
      <Data name="target"><value>J-318</value></Data>
    </ExtendedData>
    <LineString>
      <coordinates>
        88.2826911,24.2435291
        88.2818955,24.2450341
      </coordinates>
    </LineString>
  </Placemark>
  <Placemark>
    <name>P-319</name>
    <ExtendedData>
      <Data name="id"><value>P-319</value></Data>
      <Data name="source"><value>J-318</value></Data>
      <Data name="target"><value>J-319</value></Data>
    </ExtendedData>
    <LineString>
      <coordinates>
        88.2818955,24.2450341
        88.282729,24.2454301
      </coordinates>
    </LineString>
  </Placemark>
  <Placemark>
    <name>P-320</name>
    <ExtendedData>
      <Data name="id"><value>P-320</value></Data>
      <Data name="source"><value>J-318</value></Data>
      <Data name="target"><value>J-320</value></Data>
    </ExtendedData>
    <LineString>
      <coordinates>
        88.2818955,24.2450341
        88.2817531,24.2453152
      </coordinates>
    </LineString>
  </Placemark>
  <Placemark>
    <name>P-321</name>
    <ExtendedData>
      <Data name="id"><value>P-321</value></Data>
      <Data name="source"><value>J-320</value></Data>
      <Data name="target"><value>J-321</value></Data>
    </ExtendedData>
    <LineString>
      <coordinates>
        88.2817531,24.2453152
        88.2822609,24.2455289
        88.2822034,24.2455943
        88.282804,24.2458972
      </coordinates>
    </LineString>
  </Placemark>
  <Placemark>
    <name>P-322</name>
    <ExtendedData>
      <Data name="id"><value>P-322</value></Data>
      <Data name="source"><value>J-320</value></Data>
      <Data name="target"><value>J-322</value></Data>
    </ExtendedData>
    <LineString>
      <coordinates>
        88.2817531,24.2453152
        88.2814664,24.2458714
      </coordinates>
    </LineString>
  </Placemark>
  <Placemark>
    <name>P-323</name>
    <ExtendedData>
      <Data name="id"><value>P-323</value></Data>
      <Data name="source"><value>J-322</value></Data>
      <Data name="target"><value>J-323</value></Data>
    </ExtendedData>
    <LineString>
      <coordinates>
        88.2814664,24.2458714
        88.2817608,24.2459825
      </coordinates>
    </LineString>
  </Placemark>
  <Placemark>
    <name>P-324</name>
    <ExtendedData>
      <Data name="id"><value>P-324</value></Data>
      <Data name="source"><value>J-322</value></Data>
      <Data name="target"><value>J-324</value></Data>
    </ExtendedData>
    <LineString>
      <coordinates>
        88.2814664,24.2458714
        88.2813734,24.2460478
      </coordinates>
    </LineString>
  </Placemark>
  <Placemark>
    <name>P-325</name>
    <ExtendedData>
      <Data name="id"><value>P-325</value></Data>
      <Data name="source"><value>J-304</value></Data>
      <Data name="target"><value>J-325</value></Data>
    </ExtendedData>
    <LineString>
      <coordinates>
        88.2810034,24.2467297
        88.2809982,24.2467714
        88.280842,24.247081
      </coordinates>
    </LineString>
  </Placemark>
  <Placemark>
    <name>P-326</name>
    <ExtendedData>
      <Data name="id"><value>P-326</value></Data>
      <Data name="source"><value>J-325</value></Data>
      <Data name="target"><value>J-326</value></Data>
    </ExtendedData>
    <LineString>
      <coordinates>
        88.280842,24.247081
        88.281604,24.2474315
      </coordinates>
    </LineString>
  </Placemark>
  <Placemark>
    <name>P-327</name>
    <ExtendedData>
      <Data name="id"><value>P-327</value></Data>
      <Data name="source"><value>J-326</value></Data>
      <Data name="target"><value>J-327</value></Data>
    </ExtendedData>
    <LineString>
      <coordinates>
        88.281604,24.2474315
        88.2814023,24.2477485
        88.2817585,24.2479727
      </coordinates>
    </LineString>
  </Placemark>
  <Placemark>
    <name>P-328</name>
    <ExtendedData>
      <Data name="id"><value>P-328</value></Data>
      <Data name="source"><value>J-326</value></Data>
      <Data name="target"><value>J-328</value></Data>
    </ExtendedData>
    <LineString>
      <coordinates>
        88.281604,24.2474315
        88.2819798,24.2476073
      </coordinates>
    </LineString>
  </Placemark>
  <Placemark>
    <name>P-330</name>
    <ExtendedData>
      <Data name="id"><value>P-330</value></Data>
      <Data name="source"><value>J-325</value></Data>
      <Data name="target"><value>J-330</value></Data>
    </ExtendedData>
    <LineString>
      <coordinates>
        88.280842,24.247081
        88.2805829,24.2475833
      </coordinates>
    </LineString>
  </Placemark>
  <Placemark>
    <name>P-331</name>
    <ExtendedData>
      <Data name="id"><value>P-331</value></Data>
      <Data name="source"><value>J-330</value></Data>
      <Data name="target"><value>J-331</value></Data>
    </ExtendedData>
    <LineString>
      <coordinates>
        88.2805829,24.2475833
        88.2808038,24.2476742
      </coordinates>
    </LineString>
  </Placemark>
  <Placemark>
    <name>P-332</name>
    <ExtendedData>
      <Data name="id"><value>P-332</value></Data>
      <Data name="source"><value>J-330</value></Data>
      <Data name="target"><value>J-332</value></Data>
    </ExtendedData>
    <LineString>
      <coordinates>
        88.2805829,24.2475833
        88.2804116,24.2479
        88.2807964,24.2480526
      </coordinates>
    </LineString>
  </Placemark>
  <Placemark>
    <name>P-333</name>
    <ExtendedData>
      <Data name="id"><value>P-333</value></Data>
      <Data name="source"><value>J-304</value></Data>
      <Data name="target"><value>J-333</value></Data>
    </ExtendedData>
    <LineString>
      <coordinates>
        88.2810034,24.2467297
        88.2813437,24.2468774
      </coordinates>
    </LineString>
  </Placemark>
  <Placemark>
    <name>P-334</name>
    <ExtendedData>
      <Data name="id"><value>P-334</value></Data>
      <Data name="source"><value>J-333</value></Data>
      <Data name="target"><value>J-334</value></Data>
    </ExtendedData>
    <LineString>
      <coordinates>
        88.2813437,24.2468774
        88.281387,24.2468958
      </coordinates>
    </LineString>
  </Placemark>
  <Placemark>
    <name>P-335</name>
    <ExtendedData>
      <Data name="id"><value>P-335</value></Data>
      <Data name="source"><value>J-334</value></Data>
      <Data name="target"><value>J-335</value></Data>
    </ExtendedData>
    <LineString>
      <coordinates>
        88.281387,24.2468958
        88.2816064,24.2469851
      </coordinates>
    </LineString>
  </Placemark>
  <Placemark>
    <name>P-336</name>
    <ExtendedData>
      <Data name="id"><value>P-336</value></Data>
      <Data name="source"><value>J-335</value></Data>
      <Data name="target"><value>J-336</value></Data>
    </ExtendedData>
    <LineString>
      <coordinates>
        88.2816064,24.2469851
        88.2818699,24.2471064
      </coordinates>
    </LineString>
  </Placemark>
  <Placemark>
    <name>P-337</name>
    <ExtendedData>
      <Data name="id"><value>P-337</value></Data>
      <Data name="source"><value>J-336</value></Data>
      <Data name="target"><value>J-337</value></Data>
    </ExtendedData>
    <LineString>
      <coordinates>
        88.2818699,24.2471064
        88.2822659,24.247263
      </coordinates>
    </LineString>
  </Placemark>
  <Placemark>
    <name>P-338</name>
    <ExtendedData>
      <Data name="id"><value>P-338</value></Data>
      <Data name="source"><value>J-333</value></Data>
      <Data name="target"><value>J-338</value></Data>
    </ExtendedData>
    <LineString>
      <coordinates>
        88.2813437,24.2468774
        88.2811924,24.2472273
      </coordinates>
    </LineString>
  </Placemark>
  <Placemark>
    <name>P-339</name>
    <ExtendedData>
      <Data name="id"><value>P-339</value></Data>
      <Data name="source"><value>J-334</value></Data>
      <Data name="target"><value>J-339</value></Data>
    </ExtendedData>
    <LineString>
      <coordinates>
        88.281387,24.2468958
        88.2814984,24.2466313
        88.2811473,24.2464764
      </coordinates>
    </LineString>
  </Placemark>
  <Placemark>
    <name>P-340</name>
    <ExtendedData>
      <Data name="id"><value>P-340</value></Data>
      <Data name="source"><value>J-335</value></Data>
      <Data name="target"><value>J-340</value></Data>
    </ExtendedData>
    <LineString>
      <coordinates>
        88.2816064,24.2469851
        88.28154,24.2471716
        88.2815817,24.247195
        88.2814922,24.2473581
      </coordinates>
    </LineString>
  </Placemark>
  <Placemark>
    <name>P-341</name>
    <ExtendedData>
      <Data name="id"><value>P-341</value></Data>
      <Data name="source"><value>J-335</value></Data>
      <Data name="target"><value>J-341</value></Data>
    </ExtendedData>
    <LineString>
      <coordinates>
        88.2816064,24.2469851
        88.2817072,24.2467678
      </coordinates>
    </LineString>
  </Placemark>
  <Placemark>
    <name>P-342</name>
    <ExtendedData>
      <Data name="id"><value>P-342</value></Data>
      <Data name="source"><value>J-336</value></Data>
      <Data name="target"><value>J-342</value></Data>
    </ExtendedData>
    <LineString>
      <coordinates>
        88.2818699,24.2471064
        88.2817011,24.2474488
      </coordinates>
    </LineString>
  </Placemark>
  <Placemark>
    <name>P-343</name>
    <ExtendedData>
      <Data name="id"><value>P-343</value></Data>
      <Data name="source"><value>J-337</value></Data>
      <Data name="target"><value>J-343</value></Data>
    </ExtendedData>
    <LineString>
      <coordinates>
        88.2822659,24.247263
        88.2823222,24.247275
      </coordinates>
    </LineString>
  </Placemark>
  <Placemark>
    <name>P-344</name>
    <ExtendedData>
      <Data name="id"><value>P-344</value></Data>
      <Data name="source"><value>J-343</value></Data>
      <Data name="target"><value>J-344</value></Data>
    </ExtendedData>
    <LineString>
      <coordinates>
        88.2823222,24.247275
        88.2825268,24.2469493
      </coordinates>
    </LineString>
  </Placemark>
  <Placemark>
    <name>P-345</name>
    <ExtendedData>
      <Data name="id"><value>P-345</value></Data>
      <Data name="source"><value>J-343</value></Data>
      <Data name="target"><value>J-345</value></Data>
    </ExtendedData>
    <LineString>
      <coordinates>
        88.2823222,24.247275
        88.2831316,24.2476189
        88.2837591,24.2481091
        88.2840532,24.2484398
        88.284244,24.2485628
      </coordinates>
    </LineString>
  </Placemark>
  <Placemark>
    <name>P-346</name>
    <ExtendedData>
      <Data name="id"><value>P-346</value></Data>
      <Data name="source"><value>J-345</value></Data>
      <Data name="target"><value>J-346</value></Data>
    </ExtendedData>
    <LineString>
      <coordinates>
        88.284244,24.2485628
        88.2841389,24.2487386
        88.2840958,24.2488836
        88.2840888,24.2489856
      </coordinates>
    </LineString>
  </Placemark>
  <Placemark>
    <name>P-347</name>
    <ExtendedData>
      <Data name="id"><value>P-347</value></Data>
      <Data name="source"><value>J-345</value></Data>
      <Data name="target"><value>J-347</value></Data>
    </ExtendedData>
    <LineString>
      <coordinates>
        88.284244,24.2485628
        88.2843136,24.2485548
      </coordinates>
    </LineString>
  </Placemark>
  <Placemark>
    <name>P-348</name>
    <ExtendedData>
      <Data name="id"><value>P-348</value></Data>
      <Data name="source"><value>J-347</value></Data>
      <Data name="target"><value>J-348</value></Data>
    </ExtendedData>
    <LineString>
      <coordinates>
        88.2843136,24.2485548
        88.2845592,24.2486714
      </coordinates>
    </LineString>
  </Placemark>
  <Placemark>
    <name>P-349</name>
    <ExtendedData>
      <Data name="id"><value>P-349</value></Data>
      <Data name="source"><value>J-347</value></Data>
      <Data name="target"><value>J-349</value></Data>
    </ExtendedData>
    <LineString>
      <coordinates>
        88.2843136,24.2485548
        88.2843813,24.2484937
        88.2845173,24.2483345
        88.2846537,24.2482184
        88.2846966,24.248192
      </coordinates>
    </LineString>
  </Placemark>
  <Placemark>
    <name>P-350</name>
    <ExtendedData>
      <Data name="id"><value>P-350</value></Data>
      <Data name="source"><value>J-349</value></Data>
      <Data name="target"><value>J-350</value></Data>
    </ExtendedData>
    <LineString>
      <coordinates>
        88.2846966,24.248192
        88.2845646,24.2480774
        88.2845778,24.2480526
      </coordinates>
    </LineString>
  </Placemark>
  <Placemark>
    <name>P-351</name>
    <ExtendedData>
      <Data name="id"><value>P-351</value></Data>
      <Data name="source"><value>J-350</value></Data>
      <Data name="target"><value>J-351</value></Data>
    </ExtendedData>
    <LineString>
      <coordinates>
        88.2845778,24.2480526
        88.2844526,24.2479625
      </coordinates>
    </LineString>
  </Placemark>
  <Placemark>
    <name>P-352</name>
    <ExtendedData>
      <Data name="id"><value>P-352</value></Data>
      <Data name="source"><value>J-350</value></Data>
      <Data name="target"><value>J-352</value></Data>
    </ExtendedData>
    <LineString>
      <coordinates>
        88.2845778,24.2480526
        88.2845987,24.2479641
        88.2846171,24.2478424
      </coordinates>
    </LineString>
  </Placemark>
  <Placemark>
    <name>P-353</name>
    <ExtendedData>
      <Data name="id"><value>P-353</value></Data>
      <Data name="source"><value>J-349</value></Data>
      <Data name="target"><value>J-353</value></Data>
    </ExtendedData>
    <LineString>
      <coordinates>
        88.2846966,24.248192
        88.2849707,24.2481386
        88.2851085,24.2481578
      </coordinates>
    </LineString>
  </Placemark>
  <Placemark>
    <name>P-354</name>
    <ExtendedData>
      <Data name="id"><value>P-354</value></Data>
      <Data name="source"><value>J-353</value></Data>
      <Data name="target"><value>J-354</value></Data>
    </ExtendedData>
    <LineString>
      <coordinates>
        88.2851085,24.2481578
        88.2850853,24.248273
        88.2851805,24.2482851
        88.2851775,24.2483853
      </coordinates>
    </LineString>
  </Placemark>
  <Placemark>
    <name>P-355</name>
    <ExtendedData>
      <Data name="id"><value>P-355</value></Data>
      <Data name="source"><value>J-353</value></Data>
      <Data name="target"><value>J-355</value></Data>
    </ExtendedData>
    <LineString>
      <coordinates>
        88.2851085,24.2481578
        88.2851866,24.2477302
      </coordinates>
    </LineString>
  </Placemark>
  <Placemark>
    <name>P-356</name>
    <ExtendedData>
      <Data name="id"><value>P-356</value></Data>
      <Data name="source"><value>J-353</value></Data>
      <Data name="target"><value>J-356</value></Data>
    </ExtendedData>
    <LineString>
      <coordinates>
        88.2851085,24.2481578
        88.2851576,24.2481582
        88.2853926,24.2481524
        88.2855596,24.2481852
      </coordinates>
    </LineString>
  </Placemark>
  <Placemark>
    <name>P-357</name>
    <ExtendedData>
      <Data name="id"><value>P-357</value></Data>
      <Data name="source"><value>J-356</value></Data>
      <Data name="target"><value>J-357</value></Data>
    </ExtendedData>
    <LineString>
      <coordinates>
        88.2855596,24.2481852
        88.2855403,24.2483463
        88.2854441,24.2485836
      </coordinates>
    </LineString>
  </Placemark>
  <Placemark>
    <name>P-358</name>
    <ExtendedData>
      <Data name="id"><value>P-358</value></Data>
      <Data name="source"><value>J-356</value></Data>
      <Data name="target"><value>J-358</value></Data>
    </ExtendedData>
    <LineString>
      <coordinates>
        88.2855596,24.2481852
        88.285946,24.2482663
      </coordinates>
    </LineString>
  </Placemark>
  <Placemark>
    <name>P-359</name>
    <ExtendedData>
      <Data name="id"><value>P-359</value></Data>
      <Data name="source"><value>J-358</value></Data>
      <Data name="target"><value>J-359</value></Data>
    </ExtendedData>
    <LineString>
      <coordinates>
        88.285946,24.2482663
        88.2860206,24.2479069
        88.2860576,24.2478139
        88.2860492,24.2477282
        88.2860633,24.2476307
      </coordinates>
    </LineString>
  </Placemark>
  <Placemark>
    <name>P-360</name>
    <ExtendedData>
      <Data name="id"><value>P-360</value></Data>
      <Data name="source"><value>J-358</value></Data>
      <Data name="target"><value>J-360</value></Data>
    </ExtendedData>
    <LineString>
      <coordinates>
        88.285946,24.2482663
        88.2873036,24.2485265
      </coordinates>
    </LineString>
  </Placemark>
  <Placemark>
    <name>P-361</name>
    <ExtendedData>
      <Data name="id"><value>P-361</value></Data>
      <Data name="source"><value>J-360</value></Data>
      <Data name="target"><value>J-361</value></Data>
    </ExtendedData>
    <LineString>
      <coordinates>
        88.2873036,24.2485265
        88.2872525,24.248731
        88.2870271,24.2486888
        88.2870103,24.2487747
      </coordinates>
    </LineString>
  </Placemark>
  <Placemark>
    <name>P-362</name>
    <ExtendedData>
      <Data name="id"><value>P-362</value></Data>
      <Data name="source"><value>J-360</value></Data>
      <Data name="target"><value>J-362</value></Data>
    </ExtendedData>
    <LineString>
      <coordinates>
        88.2873036,24.2485265
        88.2873633,24.2485349
        88.2873598,24.2485666
        88.2873837,24.2486386
        88.2874124,24.2486938
        88.2874682,24.2488128
        88.2874666,24.2489113
      </coordinates>
    </LineString>
  </Placemark>
  <Placemark>
    <name>P-363</name>
    <ExtendedData>
      <Data name="id"><value>P-363</value></Data>
      <Data name="source"><value>J-362</value></Data>
      <Data name="target"><value>J-363</value></Data>
    </ExtendedData>
    <LineString>
      <coordinates>
        88.2874666,24.2489113
        88.2868036,24.2487496
      </coordinates>
    </LineString>
  </Placemark>
  <Placemark>
    <name>P-364</name>
    <ExtendedData>
      <Data name="id"><value>P-364</value></Data>
      <Data name="source"><value>J-362</value></Data>
      <Data name="target"><value>J-364</value></Data>
    </ExtendedData>
    <LineString>
      <coordinates>
        88.2874666,24.2489113
        88.2874666,24.2489361
        88.2872803,24.2497699
      </coordinates>
    </LineString>
  </Placemark>
  <Placemark>
    <name>P-365</name>
    <ExtendedData>
      <Data name="id"><value>P-365</value></Data>
      <Data name="source"><value>J-364</value></Data>
      <Data name="target"><value>J-365</value></Data>
    </ExtendedData>
    <LineString>
      <coordinates>
        88.2872803,24.2497699
        88.2872881,24.2498652
        88.2873634,24.2499165
        88.2874486,24.2499361
        88.2878314,24.2499885
      </coordinates>
    </LineString>
  </Placemark>
  <Placemark>
    <name>P-366</name>
    <ExtendedData>
      <Data name="id"><value>P-366</value></Data>
      <Data name="source"><value>J-365</value></Data>
      <Data name="target"><value>J-366</value></Data>
    </ExtendedData>
    <LineString>
      <coordinates>
        88.2878314,24.2499885
        88.2878245,24.2501646
        88.2877432,24.2504324
        88.2877542,24.250541
        88.2876861,24.2506411
        88.2875911,24.2512899
      </coordinates>
    </LineString>
  </Placemark>
  <Placemark>
    <name>P-367</name>
    <ExtendedData>
      <Data name="id"><value>P-367</value></Data>
      <Data name="source"><value>J-365</value></Data>
      <Data name="target"><value>J-367</value></Data>
    </ExtendedData>
    <LineString>
      <coordinates>
        88.2878314,24.2499885
        88.2893327,24.2501827
        88.2899701,24.2503294
      </coordinates>
    </LineString>
  </Placemark>
  <Placemark>
    <name>P-368</name>
    <ExtendedData>
      <Data name="id"><value>P-368</value></Data>
      <Data name="source"><value>J-367</value></Data>
      <Data name="target"><value>J-368</value></Data>
    </ExtendedData>
    <LineString>
      <coordinates>
        88.2899701,24.2503294
        88.2901669,24.2498642
        88.2901779,24.2497808
      </coordinates>
    </LineString>
  </Placemark>
  <Placemark>
    <name>P-369</name>
    <ExtendedData>
      <Data name="id"><value>P-369</value></Data>
      <Data name="source"><value>J-367</value></Data>
      <Data name="target"><value>J-369</value></Data>
    </ExtendedData>
    <LineString>
      <coordinates>
        88.2899701,24.2503294
        88.2898711,24.2505158
        88.2897203,24.2512357
        88.2896957,24.2514552
      </coordinates>
    </LineString>
  </Placemark>
  <Placemark>
    <name>P-370</name>
    <ExtendedData>
      <Data name="id"><value>P-370</value></Data>
      <Data name="source"><value>J-367</value></Data>
      <Data name="target"><value>J-370</value></Data>
    </ExtendedData>
    <LineString>
      <coordinates>
        88.2899701,24.2503294
        88.2904939,24.2504636
      </coordinates>
    </LineString>
  </Placemark>
  <Placemark>
    <name>P-371</name>
    <ExtendedData>
      <Data name="id"><value>P-371</value></Data>
      <Data name="source"><value>J-370</value></Data>
      <Data name="target"><value>J-371</value></Data>
    </ExtendedData>
    <LineString>
      <coordinates>
        88.2904939,24.2504636
        88.2905459,24.2502636
      </coordinates>
    </LineString>
  </Placemark>
  <Placemark>
    <name>P-372</name>
    <ExtendedData>
      <Data name="id"><value>P-372</value></Data>
      <Data name="source"><value>J-371</value></Data>
      <Data name="target"><value>J-372</value></Data>
    </ExtendedData>
    <LineString>
      <coordinates>
        88.2905459,24.2502636
        88.2907166,24.2496995
        88.290718,24.2496457
        88.290752,24.2496009
        88.290778,24.2495766
        88.2909745,24.2495148
        88.2910898,24.2494142
        88.2912081,24.2493668
        88.291327,24.2493681
        88.291418,24.2493673
        88.2915138,24.2493457
      </coordinates>
    </LineString>
  </Placemark>
  <Placemark>
    <name>P-373</name>
    <ExtendedData>
      <Data name="id"><value>P-373</value></Data>
      <Data name="source"><value>J-372</value></Data>
      <Data name="target"><value>J-373</value></Data>
    </ExtendedData>
    <LineString>
      <coordinates>
        88.2915138,24.2493457
        88.2914875,24.2494919
        88.2914831,24.2495569
        88.2915169,24.2496516
        88.2915254,24.2497466
        88.2915135,24.2498116
        88.2914615,24.2499187
      </coordinates>
    </LineString>
  </Placemark>
  <Placemark>
    <name>P-374</name>
    <ExtendedData>
      <Data name="id"><value>P-374</value></Data>
      <Data name="source"><value>J-372</value></Data>
      <Data name="target"><value>J-374</value></Data>
    </ExtendedData>
    <LineString>
      <coordinates>
        88.2915138,24.2493457
        88.2915666,24.2493105
        88.2915861,24.2492362
        88.2915983,24.2491967
      </coordinates>
    </LineString>
  </Placemark>
  <Placemark>
    <name>P-375</name>
    <ExtendedData>
      <Data name="id"><value>P-375</value></Data>
      <Data name="source"><value>J-374</value></Data>
      <Data name="target"><value>J-375</value></Data>
    </ExtendedData>
    <LineString>
      <coordinates>
        88.2915983,24.2491967
        88.2920241,24.2492997
        88.2926376,24.2494683
        88.2929165,24.2495424
        88.2931233,24.2496249
        88.2933166,24.2497002
        88.2933323,24.2497382
      </coordinates>
    </LineString>
  </Placemark>
  <Placemark>
    <name>P-376</name>
    <ExtendedData>
      <Data name="id"><value>P-376</value></Data>
      <Data name="source"><value>J-374</value></Data>
      <Data name="target"><value>J-376</value></Data>
    </ExtendedData>
    <LineString>
      <coordinates>
        88.2915983,24.2491967
        88.2915941,24.2490652
        88.2916113,24.2489631
        88.2916913,24.2486768
      </coordinates>
    </LineString>
  </Placemark>
  <Placemark>
    <name>P-377</name>
    <ExtendedData>
      <Data name="id"><value>P-377</value></Data>
      <Data name="source"><value>J-376</value></Data>
      <Data name="target"><value>J-377</value></Data>
    </ExtendedData>
    <LineString>
      <coordinates>
        88.2916913,24.2486768
        88.2915026,24.2486209
      </coordinates>
    </LineString>
  </Placemark>
  <Placemark>
    <name>P-378</name>
    <ExtendedData>
      <Data name="id"><value>P-378</value></Data>
      <Data name="source"><value>J-376</value></Data>
      <Data name="target"><value>J-378</value></Data>
    </ExtendedData>
    <LineString>
      <coordinates>
        88.2916913,24.2486768
        88.2919956,24.2487725
        88.2919723,24.2488617
        88.2920676,24.2488869
        88.2919885,24.2492714
      </coordinates>
    </LineString>
  </Placemark>
  <Placemark>
    <name>P-379</name>
    <ExtendedData>
      <Data name="id"><value>P-379</value></Data>
      <Data name="source"><value>J-376</value></Data>
      <Data name="target"><value>J-379</value></Data>
    </ExtendedData>
    <LineString>
      <coordinates>
        88.2916913,24.2486768
        88.2919334,24.2477662
      </coordinates>
    </LineString>
  </Placemark>
  <Placemark>
    <name>P-380</name>
    <ExtendedData>
      <Data name="id"><value>P-380</value></Data>
      <Data name="source"><value>J-379</value></Data>
      <Data name="target"><value>J-380</value></Data>
    </ExtendedData>
    <LineString>
      <coordinates>
        88.2919334,24.2477662
        88.2924784,24.2478672
      </coordinates>
    </LineString>
  </Placemark>
  <Placemark>
    <name>P-381</name>
    <ExtendedData>
      <Data name="id"><value>P-381</value></Data>
      <Data name="source"><value>J-379</value></Data>
      <Data name="target"><value>J-381</value></Data>
    </ExtendedData>
    <LineString>
      <coordinates>
        88.2919334,24.2477662
        88.2916558,24.2477166
      </coordinates>
    </LineString>
  </Placemark>
  <Placemark>
    <name>P-382</name>
    <ExtendedData>
      <Data name="id"><value>P-382</value></Data>
      <Data name="source"><value>J-379</value></Data>
      <Data name="target"><value>J-382</value></Data>
    </ExtendedData>
    <LineString>
      <coordinates>
        88.2919334,24.2477662
        88.2919746,24.2475951
        88.2920827,24.2472882
        88.2923096,24.2467253
      </coordinates>
    </LineString>
  </Placemark>
  <Placemark>
    <name>P-383</name>
    <ExtendedData>
      <Data name="id"><value>P-383</value></Data>
      <Data name="source"><value>J-382</value></Data>
      <Data name="target"><value>J-383</value></Data>
    </ExtendedData>
    <LineString>
      <coordinates>
        88.2923096,24.2467253
        88.2926829,24.2468844
      </coordinates>
    </LineString>
  </Placemark>
  <Placemark>
    <name>P-384</name>
    <ExtendedData>
      <Data name="id"><value>P-384</value></Data>
      <Data name="source"><value>J-382</value></Data>
      <Data name="target"><value>J-384</value></Data>
    </ExtendedData>
    <LineString>
      <coordinates>
        88.2923096,24.2467253
        88.2920937,24.2466561
      </coordinates>
    </LineString>
  </Placemark>
  <Placemark>
    <name>P-385</name>
    <ExtendedData>
      <Data name="id"><value>P-385</value></Data>
      <Data name="source"><value>J-384</value></Data>
      <Data name="target"><value>J-385</value></Data>
    </ExtendedData>
    <LineString>
      <coordinates>
        88.2920937,24.2466561
        88.2918546,24.2465715
      </coordinates>
    </LineString>
  </Placemark>
  <Placemark>
    <name>P-386</name>
    <ExtendedData>
      <Data name="id"><value>P-386</value></Data>
      <Data name="source"><value>J-384</value></Data>
      <Data name="target"><value>J-386</value></Data>
    </ExtendedData>
    <LineString>
      <coordinates>
        88.2920937,24.2466561
        88.2923868,24.2463721
      </coordinates>
    </LineString>
  </Placemark>
  <Placemark>
    <name>P-387</name>
    <ExtendedData>
      <Data name="id"><value>P-387</value></Data>
      <Data name="source"><value>J-382</value></Data>
      <Data name="target"><value>J-387</value></Data>
    </ExtendedData>
    <LineString>
      <coordinates>
        88.2923096,24.2467253
        88.2924298,24.2464237
      </coordinates>
    </LineString>
  </Placemark>
  <Placemark>
    <name>P-388</name>
    <ExtendedData>
      <Data name="id"><value>P-388</value></Data>
      <Data name="source"><value>J-370</value></Data>
      <Data name="target"><value>J-388</value></Data>
    </ExtendedData>
    <LineString>
      <coordinates>
        88.2904939,24.2504636
        88.2904703,24.2505902
      </coordinates>
    </LineString>
  </Placemark>
  <Placemark>
    <name>P-389</name>
    <ExtendedData>
      <Data name="id"><value>P-389</value></Data>
      <Data name="source"><value>J-388</value></Data>
      <Data name="target"><value>J-389</value></Data>
    </ExtendedData>
    <LineString>
      <coordinates>
        88.2904703,24.2505902
        88.2904273,24.2508409
        88.2904153,24.2511539
      </coordinates>
    </LineString>
  </Placemark>
  <Placemark>
    <name>P-390</name>
    <ExtendedData>
      <Data name="id"><value>P-390</value></Data>
      <Data name="source"><value>J-389</value></Data>
      <Data name="target"><value>J-390</value></Data>
    </ExtendedData>
    <LineString>
      <coordinates>
        88.2904153,24.2511539
        88.2900941,24.2511381
      </coordinates>
    </LineString>
  </Placemark>
  <Placemark>
    <name>P-391</name>
    <ExtendedData>
      <Data name="id"><value>P-391</value></Data>
      <Data name="source"><value>J-389</value></Data>
      <Data name="target"><value>J-391</value></Data>
    </ExtendedData>
    <LineString>
      <coordinates>
        88.2904153,24.2511539
        88.2904056,24.2514414
        88.2904053,24.2514819
        88.2904181,24.2515179
      </coordinates>
    </LineString>
  </Placemark>
  <Placemark>
    <name>P-392</name>
    <ExtendedData>
      <Data name="id"><value>P-392</value></Data>
      <Data name="source"><value>J-389</value></Data>
      <Data name="target"><value>J-392</value></Data>
    </ExtendedData>
    <LineString>
      <coordinates>
        88.2904153,24.2511539
        88.290865,24.2511875
        88.2910963,24.2512221
      </coordinates>
    </LineString>
  </Placemark>
  <Placemark>
    <name>P-393</name>
    <ExtendedData>
      <Data name="id"><value>P-393</value></Data>
      <Data name="source"><value>J-392</value></Data>
      <Data name="target"><value>J-393</value></Data>
    </ExtendedData>
    <LineString>
      <coordinates>
        88.2910963,24.2512221
        88.2910649,24.251373
        88.2909838,24.2516009
        88.2909843,24.2516519
      </coordinates>
    </LineString>
  </Placemark>
  <Placemark>
    <name>P-394</name>
    <ExtendedData>
      <Data name="id"><value>P-394</value></Data>
      <Data name="source"><value>J-392</value></Data>
      <Data name="target"><value>J-394</value></Data>
    </ExtendedData>
    <LineString>
      <coordinates>
        88.2910963,24.2512221
        88.2915077,24.2512734
      </coordinates>
    </LineString>
  </Placemark>
  <Placemark>
    <name>P-395</name>
    <ExtendedData>
      <Data name="id"><value>P-395</value></Data>
      <Data name="source"><value>J-394</value></Data>
      <Data name="target"><value>J-395</value></Data>
    </ExtendedData>
    <LineString>
      <coordinates>
        88.2915077,24.2512734
        88.2914638,24.2514245
        88.2914518,24.2516397
        88.2914161,24.2517012
        88.2913451,24.2517516
      </coordinates>
    </LineString>
  </Placemark>
  <Placemark>
    <name>P-396</name>
    <ExtendedData>
      <Data name="id"><value>P-396</value></Data>
      <Data name="source"><value>J-371</value></Data>
      <Data name="target"><value>J-396</value></Data>
    </ExtendedData>
    <LineString>
      <coordinates>
        88.2905459,24.2502636
        88.2908394,24.2503178
      </coordinates>
    </LineString>
  </Placemark>
  <Placemark>
    <name>P-397</name>
    <ExtendedData>
      <Data name="id"><value>P-397</value></Data>
      <Data name="source"><value>J-394</value></Data>
      <Data name="target"><value>J-397</value></Data>
    </ExtendedData>
    <LineString>
      <coordinates>
        88.2915077,24.2512734
        88.291556,24.2510729
        88.2915614,24.2509859
        88.2916134,24.2508145
      </coordinates>
    </LineString>
  </Placemark>
  <Placemark>
    <name>P-398</name>
    <ExtendedData>
      <Data name="id"><value>P-398</value></Data>
      <Data name="source"><value>J-394</value></Data>
      <Data name="target"><value>J-398</value></Data>
    </ExtendedData>
    <LineString>
      <coordinates>
        88.2915077,24.2512734
        88.2921054,24.2513319
        88.2921387,24.2511954
      </coordinates>
    </LineString>
  </Placemark>
  <Placemark>
    <name>P-399</name>
    <ExtendedData>
      <Data name="id"><value>P-399</value></Data>
      <Data name="source"><value>J-398</value></Data>
      <Data name="target"><value>J-399</value></Data>
    </ExtendedData>
    <LineString>
      <coordinates>
        88.2921387,24.2511954
        88.2923763,24.2512484
        88.2923831,24.2512947
        88.2926553,24.2513388
        88.29269,24.2513269
      </coordinates>
    </LineString>
  </Placemark>
  <Placemark>
    <name>P-400</name>
    <ExtendedData>
      <Data name="id"><value>P-400</value></Data>
      <Data name="source"><value>J-399</value></Data>
      <Data name="target"><value>J-400</value></Data>
    </ExtendedData>
    <LineString>
      <coordinates>
        88.29269,24.2513269
        88.2927219,24.2513643
        88.2926947,24.2514862
        88.2926546,24.2515822
        88.2926468,24.2517474
      </coordinates>
    </LineString>
  </Placemark>
  <Placemark>
    <name>P-401</name>
    <ExtendedData>
      <Data name="id"><value>P-401</value></Data>
      <Data name="source"><value>J-399</value></Data>
      <Data name="target"><value>J-401</value></Data>
    </ExtendedData>
    <LineString>
      <coordinates>
        88.29269,24.2513269
        88.2926595,24.2512073
        88.2926596,24.2510875
        88.2926789,24.2510439
      </coordinates>
    </LineString>
  </Placemark>
  <Placemark>
    <name>P-402</name>
    <ExtendedData>
      <Data name="id"><value>P-402</value></Data>
      <Data name="source"><value>J-401</value></Data>
      <Data name="target"><value>J-402</value></Data>
    </ExtendedData>
    <LineString>
      <coordinates>
        88.2926789,24.2510439
        88.2930664,24.2510732
      </coordinates>
    </LineString>
  </Placemark>
  <Placemark>
    <name>P-403</name>
    <ExtendedData>
      <Data name="id"><value>P-403</value></Data>
      <Data name="source"><value>J-401</value></Data>
      <Data name="target"><value>J-403</value></Data>
    </ExtendedData>
    <LineString>
      <coordinates>
        88.2926789,24.2510439
        88.2926978,24.2509532
        88.2927081,24.2509272
      </coordinates>
    </LineString>
  </Placemark>
  <Placemark>
    <name>P-404</name>
    <ExtendedData>
      <Data name="id"><value>P-404</value></Data>
      <Data name="source"><value>J-398</value></Data>
      <Data name="target"><value>J-404</value></Data>
    </ExtendedData>
    <LineString>
      <coordinates>
        88.2921387,24.2511954
        88.2921538,24.2511081
        88.2921595,24.2508725
      </coordinates>
    </LineString>
  </Placemark>
  <Placemark>
    <name>P-405</name>
    <ExtendedData>
      <Data name="id"><value>P-405</value></Data>
      <Data name="source"><value>J-388</value></Data>
      <Data name="target"><value>J-405</value></Data>
    </ExtendedData>
    <LineString>
      <coordinates>
        88.2904703,24.2505902
        88.2916232,24.2507733
        88.2917151,24.2507761
      </coordinates>
    </LineString>
  </Placemark>
  <Placemark>
    <name>P-406</name>
    <ExtendedData>
      <Data name="id"><value>P-406</value></Data>
      <Data name="source"><value>J-405</value></Data>
      <Data name="target"><value>J-406</value></Data>
    </ExtendedData>
    <LineString>
      <coordinates>
        88.2917151,24.2507761
        88.2917802,24.2504826
      </coordinates>
    </LineString>
  </Placemark>
  <Placemark>
    <name>P-407</name>
    <ExtendedData>
      <Data name="id"><value>P-407</value></Data>
      <Data name="source"><value>J-405</value></Data>
      <Data name="target"><value>J-407</value></Data>
    </ExtendedData>
    <LineString>
      <coordinates>
        88.2917151,24.2507761
        88.292157,24.2508432
      </coordinates>
    </LineString>
  </Placemark>
  <Placemark>
    <name>P-408</name>
    <ExtendedData>
      <Data name="id"><value>P-408</value></Data>
      <Data name="source"><value>J-407</value></Data>
      <Data name="target"><value>J-408</value></Data>
    </ExtendedData>
    <LineString>
      <coordinates>
        88.292157,24.2508432
        88.2921881,24.2504152
        88.2926279,24.2504637
      </coordinates>
    </LineString>
  </Placemark>
  <Placemark>
    <name>P-409</name>
    <ExtendedData>
      <Data name="id"><value>P-409</value></Data>
      <Data name="source"><value>J-408</value></Data>
      <Data name="target"><value>J-409</value></Data>
    </ExtendedData>
    <LineString>
      <coordinates>
        88.2926279,24.2504637
        88.2926263,24.2499914
      </coordinates>
    </LineString>
  </Placemark>
  <Placemark>
    <name>P-410</name>
    <ExtendedData>
      <Data name="id"><value>P-410</value></Data>
      <Data name="source"><value>J-408</value></Data>
      <Data name="target"><value>J-410</value></Data>
    </ExtendedData>
    <LineString>
      <coordinates>
        88.2926279,24.2504637
        88.2931499,24.2505201
      </coordinates>
    </LineString>
  </Placemark>
  <Placemark>
    <name>P-411</name>
    <ExtendedData>
      <Data name="id"><value>P-411</value></Data>
      <Data name="source"><value>J-410</value></Data>
      <Data name="target"><value>J-411</value></Data>
    </ExtendedData>
    <LineString>
      <coordinates>
        88.2931499,24.2505201
        88.2931751,24.2503589
        88.2933247,24.2497741
      </coordinates>
    </LineString>
  </Placemark>
  <Placemark>
    <name>P-412</name>
    <ExtendedData>
      <Data name="id"><value>P-412</value></Data>
      <Data name="source"><value>J-407</value></Data>
      <Data name="target"><value>J-412</value></Data>
    </ExtendedData>
    <LineString>
      <coordinates>
        88.292157,24.2508432
        88.2926718,24.2508997
      </coordinates>
    </LineString>
  </Placemark>
  <Placemark>
    <name>P-413</name>
    <ExtendedData>
      <Data name="id"><value>P-413</value></Data>
      <Data name="source"><value>J-412</value></Data>
      <Data name="target"><value>J-413</value></Data>
    </ExtendedData>
    <LineString>
      <coordinates>
        88.2926718,24.2508997
        88.2927051,24.2506978
        88.2931076,24.2507453
      </coordinates>
    </LineString>
  </Placemark>
  <Placemark>
    <name>P-414</name>
    <ExtendedData>
      <Data name="id"><value>P-414</value></Data>
      <Data name="source"><value>J-412</value></Data>
      <Data name="target"><value>J-414</value></Data>
    </ExtendedData>
    <LineString>
      <coordinates>
        88.2926718,24.2508997
        88.2930742,24.2509403
      </coordinates>
    </LineString>
  </Placemark>
  <Placemark>
    <name>P-415</name>
    <ExtendedData>
      <Data name="id"><value>P-415</value></Data>
      <Data name="source"><value>J-414</value></Data>
      <Data name="target"><value>J-415</value></Data>
    </ExtendedData>
    <LineString>
      <coordinates>
        88.2930742,24.2509403
        88.2930992,24.251075
        88.293114,24.2511295
        88.2931504,24.2511458
        88.2932373,24.2511593
        88.2932646,24.2511709
      </coordinates>
    </LineString>
  </Placemark>
  <Placemark>
    <name>P-416</name>
    <ExtendedData>
      <Data name="id"><value>P-416</value></Data>
      <Data name="source"><value>J-415</value></Data>
      <Data name="target"><value>J-416</value></Data>
    </ExtendedData>
    <LineString>
      <coordinates>
        88.2932646,24.2511709
        88.2932267,24.2514166
      </coordinates>
    </LineString>
  </Placemark>
  <Placemark>
    <name>P-417</name>
    <ExtendedData>
      <Data name="id"><value>P-417</value></Data>
      <Data name="source"><value>J-410</value></Data>
      <Data name="target"><value>J-417</value></Data>
    </ExtendedData>
    <LineString>
      <coordinates>
        88.2931499,24.2505201
        88.293124,24.2507468
        88.2930837,24.2509177
      </coordinates>
    </LineString>
  </Placemark>
  <Placemark>
    <name>P-418</name>
    <ExtendedData>
      <Data name="id"><value>P-418</value></Data>
      <Data name="source"><value>J-410</value></Data>
      <Data name="target"><value>J-418</value></Data>
    </ExtendedData>
    <LineString>
      <coordinates>
        88.2931499,24.2505201
        88.293473,24.2505965
        88.2936175,24.2506413
      </coordinates>
    </LineString>
  </Placemark>
  <Placemark>
    <name>P-419</name>
    <ExtendedData>
      <Data name="id"><value>P-419</value></Data>
      <Data name="source"><value>J-418</value></Data>
      <Data name="target"><value>J-419</value></Data>
    </ExtendedData>
    <LineString>
      <coordinates>
        88.2936175,24.2506413
        88.2936997,24.2502949
      </coordinates>
    </LineString>
  </Placemark>
  <Placemark>
    <name>P-420</name>
    <ExtendedData>
      <Data name="id"><value>P-420</value></Data>
      <Data name="source"><value>J-418</value></Data>
      <Data name="target"><value>J-420</value></Data>
    </ExtendedData>
    <LineString>
      <coordinates>
        88.2936175,24.2506413
        88.2935648,24.2508948
        88.2933901,24.2511165
        88.2933587,24.2511894
      </coordinates>
    </LineString>
  </Placemark>
  <Placemark>
    <name>P-421</name>
    <ExtendedData>
      <Data name="id"><value>P-421</value></Data>
      <Data name="source"><value>J-418</value></Data>
      <Data name="target"><value>J-421</value></Data>
    </ExtendedData>
    <LineString>
      <coordinates>
        88.2936175,24.2506413
        88.2939649,24.250774
        88.2940444,24.2507941
      </coordinates>
    </LineString>
  </Placemark>
  <Placemark>
    <name>P-422</name>
    <ExtendedData>
      <Data name="id"><value>P-422</value></Data>
      <Data name="source"><value>J-421</value></Data>
      <Data name="target"><value>J-422</value></Data>
    </ExtendedData>
    <LineString>
      <coordinates>
        88.2940444,24.2507941
        88.2940025,24.2509954
        88.2941533,24.2510223
        88.2941504,24.2513739
      </coordinates>
    </LineString>
  </Placemark>
  <Placemark>
    <name>P-423</name>
    <ExtendedData>
      <Data name="id"><value>P-423</value></Data>
      <Data name="source"><value>J-421</value></Data>
      <Data name="target"><value>J-423</value></Data>
    </ExtendedData>
    <LineString>
      <coordinates>
        88.2940444,24.2507941
        88.2944109,24.2508929
        88.2944963,24.2509292
        88.2945392,24.2509752
        88.2945173,24.2510088
        88.2945063,24.2513223
        88.2944767,24.2513986
      </coordinates>
    </LineString>
  </Placemark>
  <Placemark>
    <name>P-424</name>
    <ExtendedData>
      <Data name="id"><value>P-424</value></Data>
      <Data name="source"><value>J-415</value></Data>
      <Data name="target"><value>J-424</value></Data>
    </ExtendedData>
    <LineString>
      <coordinates>
        88.2932646,24.2511709
        88.2933294,24.2511828
        88.2933912,24.2512223
        88.2936201,24.2512961
        88.2939413,24.2513705
        88.2944094,24.2514199
        88.2944713,24.2514194
      </coordinates>
    </LineString>
  </Placemark>
  <Placemark>
    <name>P-425</name>
    <ExtendedData>
      <Data name="id"><value>P-425</value></Data>
      <Data name="source"><value>J-424</value></Data>
      <Data name="target"><value>J-425</value></Data>
    </ExtendedData>
    <LineString>
      <coordinates>
        88.2944713,24.2514194
        88.2944563,24.2518283
      </coordinates>
    </LineString>
  </Placemark>
  <Placemark>
    <name>P-426</name>
    <ExtendedData>
      <Data name="id"><value>P-426</value></Data>
      <Data name="source"><value>J-425</value></Data>
      <Data name="target"><value>J-426</value></Data>
    </ExtendedData>
    <LineString>
      <coordinates>
        88.2944563,24.2518283
        88.2947599,24.2518489
      </coordinates>
    </LineString>
  </Placemark>
  <Placemark>
    <name>P-427</name>
    <ExtendedData>
      <Data name="id"><value>P-427</value></Data>
      <Data name="source"><value>J-425</value></Data>
      <Data name="target"><value>J-427</value></Data>
    </ExtendedData>
    <LineString>
      <coordinates>
        88.2944563,24.2518283
        88.2944498,24.2521501
      </coordinates>
    </LineString>
  </Placemark>
  <Placemark>
    <name>P-428</name>
    <ExtendedData>
      <Data name="id"><value>P-428</value></Data>
      <Data name="source"><value>J-424</value></Data>
      <Data name="target"><value>J-428</value></Data>
    </ExtendedData>
    <LineString>
      <coordinates>
        88.2944713,24.2514194
        88.2947292,24.2513954
        88.295238,24.2515097
      </coordinates>
    </LineString>
  </Placemark>
  <Placemark>
    <name>P-429</name>
    <ExtendedData>
      <Data name="id"><value>P-429</value></Data>
      <Data name="source"><value>J-428</value></Data>
      <Data name="target"><value>J-429</value></Data>
    </ExtendedData>
    <LineString>
      <coordinates>
        88.295238,24.2515097
        88.2951901,24.2517716
        88.2951907,24.2520368
        88.2952038,24.2521276
      </coordinates>
    </LineString>
  </Placemark>
  <Placemark>
    <name>P-430</name>
    <ExtendedData>
      <Data name="id"><value>P-430</value></Data>
      <Data name="source"><value>J-429</value></Data>
      <Data name="target"><value>J-430</value></Data>
    </ExtendedData>
    <LineString>
      <coordinates>
        88.2952038,24.2521276
        88.2952405,24.2523535
      </coordinates>
    </LineString>
  </Placemark>
  <Placemark>
    <name>P-431</name>
    <ExtendedData>
      <Data name="id"><value>P-431</value></Data>
      <Data name="source"><value>J-428</value></Data>
      <Data name="target"><value>J-431</value></Data>
    </ExtendedData>
    <LineString>
      <coordinates>
        88.295238,24.2515097
        88.2953242,24.2515214
      </coordinates>
    </LineString>
  </Placemark>
  <Placemark>
    <name>P-432</name>
    <ExtendedData>
      <Data name="id"><value>P-432</value></Data>
      <Data name="source"><value>J-431</value></Data>
      <Data name="target"><value>J-432</value></Data>
    </ExtendedData>
    <LineString>
      <coordinates>
        88.2953242,24.2515214
        88.2954591,24.2509871
        88.2957692,24.2510279
        88.29584,24.250836
      </coordinates>
    </LineString>
  </Placemark>
  <Placemark>
    <name>P-433</name>
    <ExtendedData>
      <Data name="id"><value>P-433</value></Data>
      <Data name="source"><value>J-431</value></Data>
      <Data name="target"><value>J-433</value></Data>
    </ExtendedData>
    <LineString>
      <coordinates>
        88.2953242,24.2515214
        88.2954589,24.2515599
      </coordinates>
    </LineString>
  </Placemark>
  <Placemark>
    <name>P-434</name>
    <ExtendedData>
      <Data name="id"><value>P-434</value></Data>
      <Data name="source"><value>J-433</value></Data>
      <Data name="target"><value>J-434</value></Data>
    </ExtendedData>
    <LineString>
      <coordinates>
        88.2954589,24.2515599
        88.2954554,24.2518507
        88.2952016,24.2518458
      </coordinates>
    </LineString>
  </Placemark>
  <Placemark>
    <name>P-435</name>
    <ExtendedData>
      <Data name="id"><value>P-435</value></Data>
      <Data name="source"><value>J-433</value></Data>
      <Data name="target"><value>J-435</value></Data>
    </ExtendedData>
    <LineString>
      <coordinates>
        88.2954589,24.2515599
        88.2959909,24.251631
        88.296409,24.251599
      </coordinates>
    </LineString>
  </Placemark>
  <Placemark>
    <name>P-436</name>
    <ExtendedData>
      <Data name="id"><value>P-436</value></Data>
      <Data name="source"><value>J-435</value></Data>
      <Data name="target"><value>J-436</value></Data>
    </ExtendedData>
    <LineString>
      <coordinates>
        88.296409,24.251599
        88.2963743,24.2520111
      </coordinates>
    </LineString>
  </Placemark>
  <Placemark>
    <name>P-437</name>
    <ExtendedData>
      <Data name="id"><value>P-437</value></Data>
      <Data name="source"><value>J-435</value></Data>
      <Data name="target"><value>J-437</value></Data>
    </ExtendedData>
    <LineString>
      <coordinates>
        88.296409,24.251599
        88.2966689,24.2515766
        88.2972297,24.2517833
      </coordinates>
    </LineString>
  </Placemark>
  <Placemark>
    <name>P-438</name>
    <ExtendedData>
      <Data name="id"><value>P-438</value></Data>
      <Data name="source"><value>J-337</value></Data>
      <Data name="target"><value>J-438</value></Data>
    </ExtendedData>
    <LineString>
      <coordinates>
        88.2822659,24.247263
        88.281835,24.2479076
        88.2815337,24.2483596
        88.2815357,24.2483952
        88.2816323,24.2485145
        88.2817238,24.2485679
      </coordinates>
    </LineString>
  </Placemark>
  <Placemark>
    <name>P-439</name>
    <ExtendedData>
      <Data name="id"><value>P-439</value></Data>
      <Data name="source"><value>J-438</value></Data>
      <Data name="target"><value>J-439</value></Data>
    </ExtendedData>
    <LineString>
      <coordinates>
        88.2817238,24.2485679
        88.2816037,24.2487466
      </coordinates>
    </LineString>
  </Placemark>
  <Placemark>
    <name>P-440</name>
    <ExtendedData>
      <Data name="id"><value>P-440</value></Data>
      <Data name="source"><value>J-439</value></Data>
      <Data name="target"><value>J-440</value></Data>
    </ExtendedData>
    <LineString>
      <coordinates>
        88.2816037,24.2487466
        88.281095,24.2484425
      </coordinates>
    </LineString>
  </Placemark>
  <Placemark>
    <name>P-441</name>
    <ExtendedData>
      <Data name="id"><value>P-441</value></Data>
      <Data name="source"><value>J-439</value></Data>
      <Data name="target"><value>J-441</value></Data>
    </ExtendedData>
    <LineString>
      <coordinates>
        88.2816037,24.2487466
        88.2812957,24.2492141
      </coordinates>
    </LineString>
  </Placemark>
  <Placemark>
    <name>P-442</name>
    <ExtendedData>
      <Data name="id"><value>P-442</value></Data>
      <Data name="source"><value>J-438</value></Data>
      <Data name="target"><value>J-442</value></Data>
    </ExtendedData>
    <LineString>
      <coordinates>
        88.2817238,24.2485679
        88.2819674,24.2487295
        88.2820327,24.2487868
      </coordinates>
    </LineString>
  </Placemark>
  <Placemark>
    <name>P-443</name>
    <ExtendedData>
      <Data name="id"><value>P-443</value></Data>
      <Data name="source"><value>J-442</value></Data>
      <Data name="target"><value>J-443</value></Data>
    </ExtendedData>
    <LineString>
      <coordinates>
        88.2820327,24.2487868
        88.2818637,24.2490298
      </coordinates>
    </LineString>
  </Placemark>
  <Placemark>
    <name>P-444</name>
    <ExtendedData>
      <Data name="id"><value>P-444</value></Data>
      <Data name="source"><value>J-443</value></Data>
      <Data name="target"><value>J-444</value></Data>
    </ExtendedData>
    <LineString>
      <coordinates>
        88.2818637,24.2490298
        88.2820458,24.2491568
      </coordinates>
    </LineString>
  </Placemark>
  <Placemark>
    <name>P-445</name>
    <ExtendedData>
      <Data name="id"><value>P-445</value></Data>
      <Data name="source"><value>J-444</value></Data>
      <Data name="target"><value>J-445</value></Data>
    </ExtendedData>
    <LineString>
      <coordinates>
        88.2820458,24.2491568
        88.2821079,24.2490621
      </coordinates>
    </LineString>
  </Placemark>
  <Placemark>
    <name>P-446</name>
    <ExtendedData>
      <Data name="id"><value>P-446</value></Data>
      <Data name="source"><value>J-444</value></Data>
      <Data name="target"><value>J-446</value></Data>
    </ExtendedData>
    <LineString>
      <coordinates>
        88.2820458,24.2491568
        88.281853,24.2494432
        88.2816582,24.2493281
      </coordinates>
    </LineString>
  </Placemark>
  <Placemark>
    <name>P-447</name>
    <ExtendedData>
      <Data name="id"><value>P-447</value></Data>
      <Data name="source"><value>J-443</value></Data>
      <Data name="target"><value>J-447</value></Data>
    </ExtendedData>
    <LineString>
      <coordinates>
        88.2818637,24.2490298
        88.2813507,24.2497129
      </coordinates>
    </LineString>
  </Placemark>
  <Placemark>
    <name>P-448</name>
    <ExtendedData>
      <Data name="id"><value>P-448</value></Data>
      <Data name="source"><value>J-447</value></Data>
      <Data name="target"><value>J-448</value></Data>
    </ExtendedData>
    <LineString>
      <coordinates>
        88.2813507,24.2497129
        88.280965,24.2491624
        88.280701,24.248835
        88.2802523,24.2482122
      </coordinates>
    </LineString>
  </Placemark>
  <Placemark>
    <name>P-449</name>
    <ExtendedData>
      <Data name="id"><value>P-449</value></Data>
      <Data name="source"><value>J-447</value></Data>
      <Data name="target"><value>J-449</value></Data>
    </ExtendedData>
    <LineString>
      <coordinates>
        88.2813507,24.2497129
        88.2815708,24.2500647
        88.2816885,24.2503011
        88.28182,24.2505059
      </coordinates>
    </LineString>
  </Placemark>
  <Placemark>
    <name>P-450</name>
    <ExtendedData>
      <Data name="id"><value>P-450</value></Data>
      <Data name="source"><value>J-449</value></Data>
      <Data name="target"><value>J-450</value></Data>
    </ExtendedData>
    <LineString>
      <coordinates>
        88.28182,24.2505059
        88.2819658,24.2503248
        88.2818736,24.2502068
      </coordinates>
    </LineString>
  </Placemark>
  <Placemark>
    <name>P-451</name>
    <ExtendedData>
      <Data name="id"><value>P-451</value></Data>
      <Data name="source"><value>J-449</value></Data>
      <Data name="target"><value>J-451</value></Data>
    </ExtendedData>
    <LineString>
      <coordinates>
        88.28182,24.2505059
        88.2821158,24.2510246
      </coordinates>
    </LineString>
  </Placemark>
  <Placemark>
    <name>P-452</name>
    <ExtendedData>
      <Data name="id"><value>P-452</value></Data>
      <Data name="source"><value>J-451</value></Data>
      <Data name="target"><value>J-452</value></Data>
    </ExtendedData>
    <LineString>
      <coordinates>
        88.2821158,24.2510246
        88.2822112,24.2508624
      </coordinates>
    </LineString>
  </Placemark>
  <Placemark>
    <name>P-453</name>
    <ExtendedData>
      <Data name="id"><value>P-453</value></Data>
      <Data name="source"><value>J-452</value></Data>
      <Data name="target"><value>J-453</value></Data>
    </ExtendedData>
    <LineString>
      <coordinates>
        88.2822112,24.2508624
        88.2822392,24.2508052
        88.2823121,24.2507191
        88.2823877,24.2507707
      </coordinates>
    </LineString>
  </Placemark>
  <Placemark>
    <name>P-454</name>
    <ExtendedData>
      <Data name="id"><value>P-454</value></Data>
      <Data name="source"><value>J-452</value></Data>
      <Data name="target"><value>J-454</value></Data>
    </ExtendedData>
    <LineString>
      <coordinates>
        88.2822112,24.2508624
        88.2822858,24.2509342
        88.2823762,24.2507933
      </coordinates>
    </LineString>
  </Placemark>
  <Placemark>
    <name>P-455</name>
    <ExtendedData>
      <Data name="id"><value>P-455</value></Data>
      <Data name="source"><value>J-451</value></Data>
      <Data name="target"><value>J-455</value></Data>
    </ExtendedData>
    <LineString>
      <coordinates>
        88.2821158,24.2510246
        88.2821908,24.2511573
        88.2823191,24.2514315
      </coordinates>
    </LineString>
  </Placemark>
  <Placemark>
    <name>P-456</name>
    <ExtendedData>
      <Data name="id"><value>P-456</value></Data>
      <Data name="source"><value>J-455</value></Data>
      <Data name="target"><value>J-456</value></Data>
    </ExtendedData>
    <LineString>
      <coordinates>
        88.2823191,24.2514315
        88.2824991,24.2511748
      </coordinates>
    </LineString>
  </Placemark>
  <Placemark>
    <name>P-457</name>
    <ExtendedData>
      <Data name="id"><value>P-457</value></Data>
      <Data name="source"><value>J-455</value></Data>
      <Data name="target"><value>J-457</value></Data>
    </ExtendedData>
    <LineString>
      <coordinates>
        88.2823191,24.2514315
        88.2824162,24.2516254
      </coordinates>
    </LineString>
  </Placemark>
  <Placemark>
    <name>P-458</name>
    <ExtendedData>
      <Data name="id"><value>P-458</value></Data>
      <Data name="source"><value>J-457</value></Data>
      <Data name="target"><value>J-458</value></Data>
    </ExtendedData>
    <LineString>
      <coordinates>
        88.2824162,24.2516254
        88.2828574,24.2509945
      </coordinates>
    </LineString>
  </Placemark>
  <Placemark>
    <name>P-459</name>
    <ExtendedData>
      <Data name="id"><value>P-459</value></Data>
      <Data name="source"><value>J-457</value></Data>
      <Data name="target"><value>J-459</value></Data>
    </ExtendedData>
    <LineString>
      <coordinates>
        88.2824162,24.2516254
        88.2825055,24.2517752
        88.2826252,24.2518407
        88.2826756,24.2519124
        88.282692,24.2519987
        88.2826725,24.252016
        88.2826353,24.2520229
        88.2826118,24.2520497
        88.282612,24.2520753
        88.2826944,24.2522788
      </coordinates>
    </LineString>
  </Placemark>
  <Placemark>
    <name>P-460</name>
    <ExtendedData>
      <Data name="id"><value>P-460</value></Data>
      <Data name="source"><value>J-459</value></Data>
      <Data name="target"><value>J-460</value></Data>
    </ExtendedData>
    <LineString>
      <coordinates>
        88.2826944,24.2522788
        88.2826298,24.2522847
      </coordinates>
    </LineString>
  </Placemark>
  <Placemark>
    <name>P-461</name>
    <ExtendedData>
      <Data name="id"><value>P-461</value></Data>
      <Data name="source"><value>J-459</value></Data>
      <Data name="target"><value>J-461</value></Data>
    </ExtendedData>
    <LineString>
      <coordinates>
        88.2826944,24.2522788
        88.2831799,24.2521547
        88.2843223,24.2520713
        88.2850919,24.2519996
      </coordinates>
    </LineString>
  </Placemark>
  <Placemark>
    <name>P-462</name>
    <ExtendedData>
      <Data name="id"><value>P-462</value></Data>
      <Data name="source"><value>J-461</value></Data>
      <Data name="target"><value>J-462</value></Data>
    </ExtendedData>
    <LineString>
      <coordinates>
        88.2850919,24.2519996
        88.2859168,24.2519311
      </coordinates>
    </LineString>
  </Placemark>
  <Placemark>
    <name>P-463</name>
    <ExtendedData>
      <Data name="id"><value>P-463</value></Data>
      <Data name="source"><value>J-462</value></Data>
      <Data name="target"><value>J-463</value></Data>
    </ExtendedData>
    <LineString>
      <coordinates>
        88.2859168,24.2519311
        88.2859408,24.2515687
      </coordinates>
    </LineString>
  </Placemark>
  <Placemark>
    <name>P-464</name>
    <ExtendedData>
      <Data name="id"><value>P-464</value></Data>
      <Data name="source"><value>J-462</value></Data>
      <Data name="target"><value>J-464</value></Data>
    </ExtendedData>
    <LineString>
      <coordinates>
        88.2859168,24.2519311
        88.2864236,24.2519303
        88.2865535,24.2519681
        88.286574,24.2519962
      </coordinates>
    </LineString>
  </Placemark>
  <Placemark>
    <name>P-465</name>
    <ExtendedData>
      <Data name="id"><value>P-465</value></Data>
      <Data name="source"><value>J-459</value></Data>
      <Data name="target"><value>J-465</value></Data>
    </ExtendedData>
    <LineString>
      <coordinates>
        88.2826944,24.2522788
        88.2828145,24.2524957
        88.2829424,24.2526429
        88.2830542,24.252948
        88.2833564,24.2535806
      </coordinates>
    </LineString>
  </Placemark>
  <Placemark>
    <name>P-466</name>
    <ExtendedData>
      <Data name="id"><value>P-466</value></Data>
      <Data name="source"><value>J-465</value></Data>
      <Data name="target"><value>J-466</value></Data>
    </ExtendedData>
    <LineString>
      <coordinates>
        88.2833564,24.2535806
        88.2841198,24.2551365
      </coordinates>
    </LineString>
  </Placemark>
  <Placemark>
    <name>P-467</name>
    <ExtendedData>
      <Data name="id"><value>P-467</value></Data>
      <Data name="source"><value>J-466</value></Data>
      <Data name="target"><value>J-467</value></Data>
    </ExtendedData>
    <LineString>
      <coordinates>
        88.2841198,24.2551365
        88.2843418,24.2556009
      </coordinates>
    </LineString>
  </Placemark>
  <Placemark>
    <name>P-468</name>
    <ExtendedData>
      <Data name="id"><value>P-468</value></Data>
      <Data name="source"><value>J-442</value></Data>
      <Data name="target"><value>J-468</value></Data>
    </ExtendedData>
    <LineString>
      <coordinates>
        88.2820327,24.2487868
        88.2825384,24.2491839
        88.2827651,24.2493465
        88.2829559,24.2494655
      </coordinates>
    </LineString>
  </Placemark>
  <Placemark>
    <name>P-469</name>
    <ExtendedData>
      <Data name="id"><value>P-469</value></Data>
      <Data name="source"><value>J-468</value></Data>
      <Data name="target"><value>J-469</value></Data>
    </ExtendedData>
    <LineString>
      <coordinates>
        88.2829559,24.2494655
        88.2830878,24.2492581
      </coordinates>
    </LineString>
  </Placemark>
  <Placemark>
    <name>P-470</name>
    <ExtendedData>
      <Data name="id"><value>P-470</value></Data>
      <Data name="source"><value>J-468</value></Data>
      <Data name="target"><value>J-470</value></Data>
    </ExtendedData>
    <LineString>
      <coordinates>
        88.2829559,24.2494655
        88.2831694,24.2495796
      </coordinates>
    </LineString>
  </Placemark>
  <Placemark>
    <name>P-471</name>
    <ExtendedData>
      <Data name="id"><value>P-471</value></Data>
      <Data name="source"><value>J-470</value></Data>
      <Data name="target"><value>J-471</value></Data>
    </ExtendedData>
    <LineString>
      <coordinates>
        88.2831694,24.2495796
        88.2833149,24.2494625
        88.2834398,24.2493154
      </coordinates>
    </LineString>
  </Placemark>
  <Placemark>
    <name>P-472</name>
    <ExtendedData>
      <Data name="id"><value>P-472</value></Data>
      <Data name="source"><value>J-470</value></Data>
      <Data name="target"><value>J-472</value></Data>
    </ExtendedData>
    <LineString>
      <coordinates>
        88.2831694,24.2495796
        88.2834386,24.2497048
      </coordinates>
    </LineString>
  </Placemark>
  <Placemark>
    <name>P-473</name>
    <ExtendedData>
      <Data name="id"><value>P-473</value></Data>
      <Data name="source"><value>J-472</value></Data>
      <Data name="target"><value>J-473</value></Data>
    </ExtendedData>
    <LineString>
      <coordinates>
        88.2834386,24.2497048
        88.283621,24.24949
      </coordinates>
    </LineString>
  </Placemark>
  <Placemark>
    <name>P-474</name>
    <ExtendedData>
      <Data name="id"><value>P-474</value></Data>
      <Data name="source"><value>J-472</value></Data>
      <Data name="target"><value>J-474</value></Data>
    </ExtendedData>
    <LineString>
      <coordinates>
        88.2834386,24.2497048
        88.2836776,24.2498326
        88.2842103,24.2500159
      </coordinates>
    </LineString>
  </Placemark>
  <Placemark>
    <name>P-475</name>
    <ExtendedData>
      <Data name="id"><value>P-475</value></Data>
      <Data name="source"><value>J-474</value></Data>
      <Data name="target"><value>J-475</value></Data>
    </ExtendedData>
    <LineString>
      <coordinates>
        88.2842103,24.2500159
        88.2841987,24.250118
        88.2840861,24.2502348
        88.2840288,24.2503187
        88.2839722,24.2504676
      </coordinates>
    </LineString>
  </Placemark>
  <Placemark>
    <name>P-476</name>
    <ExtendedData>
      <Data name="id"><value>P-476</value></Data>
      <Data name="source"><value>J-474</value></Data>
      <Data name="target"><value>J-476</value></Data>
    </ExtendedData>
    <LineString>
      <coordinates>
        88.2842103,24.2500159
        88.2841843,24.2498653
        88.2841625,24.2495001
        88.2840909,24.2490223
      </coordinates>
    </LineString>
  </Placemark>
  <Placemark>
    <name>P-477</name>
    <ExtendedData>
      <Data name="id"><value>P-477</value></Data>
      <Data name="source"><value>J-474</value></Data>
      <Data name="target"><value>J-477</value></Data>
    </ExtendedData>
    <LineString>
      <coordinates>
        88.2842103,24.2500159
        88.2847463,24.2502286
        88.2849096,24.2503737
        88.2851782,24.2505347
        88.285495,24.2506562
        88.2858133,24.2507351
        88.2862815,24.250835
        88.286453,24.2509931
        88.2866558,24.2510451
        88.2866783,24.2510709
        88.2867115,24.2511504
        88.2867485,24.251215
        88.286775,24.2512314
      </coordinates>
    </LineString>
  </Placemark>
  <Placemark>
    <name>P-478</name>
    <ExtendedData>
      <Data name="id"><value>P-478</value></Data>
      <Data name="source"><value>J-477</value></Data>
      <Data name="target"><value>J-478</value></Data>
    </ExtendedData>
    <LineString>
      <coordinates>
        88.286775,24.2512314
        88.2869668,24.2512891
      </coordinates>
    </LineString>
  </Placemark>
  <Placemark>
    <name>P-479</name>
    <ExtendedData>
      <Data name="id"><value>P-479</value></Data>
      <Data name="source"><value>J-478</value></Data>
      <Data name="target"><value>J-479</value></Data>
    </ExtendedData>
    <LineString>
      <coordinates>
        88.2869668,24.2512891
        88.2869747,24.2511487
        88.287023,24.2509212
        88.2870572,24.250798
      </coordinates>
    </LineString>
  </Placemark>
  <Placemark>
    <name>P-480</name>
    <ExtendedData>
      <Data name="id"><value>P-480</value></Data>
      <Data name="source"><value>J-364</value></Data>
      <Data name="target"><value>J-480</value></Data>
    </ExtendedData>
    <LineString>
      <coordinates>
        88.2872803,24.2497699
        88.2871956,24.2500958
        88.2871343,24.250436
        88.2870742,24.2505715
        88.2870631,24.2507541
      </coordinates>
    </LineString>
  </Placemark>
  <Placemark>
    <name>P-481</name>
    <ExtendedData>
      <Data name="id"><value>P-481</value></Data>
      <Data name="source"><value>J-478</value></Data>
      <Data name="target"><value>J-481</value></Data>
    </ExtendedData>
    <LineString>
      <coordinates>
        88.2869668,24.2512891
        88.286982,24.2513113
        88.2870886,24.2513615
        88.2872444,24.2515299
        88.2872584,24.2516354
      </coordinates>
    </LineString>
  </Placemark>
  <Placemark>
    <name>P-482</name>
    <ExtendedData>
      <Data name="id"><value>P-482</value></Data>
      <Data name="source"><value>J-478</value></Data>
      <Data name="target"><value>J-482</value></Data>
    </ExtendedData>
    <LineString>
      <coordinates>
        88.2869668,24.2512891
        88.2872645,24.2512789
        88.2875276,24.2512934
        88.2875946,24.2513132
        88.2876659,24.2513256
        88.2877491,24.2513527
      </coordinates>
    </LineString>
  </Placemark>
  <Placemark>
    <name>P-483</name>
    <ExtendedData>
      <Data name="id"><value>P-483</value></Data>
      <Data name="source"><value>J-482</value></Data>
      <Data name="target"><value>J-483</value></Data>
    </ExtendedData>
    <LineString>
      <coordinates>
        88.2877491,24.2513527
        88.2877409,24.2517459
        88.2876983,24.2517333
        88.2876813,24.2520263
      </coordinates>
    </LineString>
  </Placemark>
  <Placemark>
    <name>P-484</name>
    <ExtendedData>
      <Data name="id"><value>P-484</value></Data>
      <Data name="source"><value>J-483</value></Data>
      <Data name="target"><value>J-484</value></Data>
    </ExtendedData>
    <LineString>
      <coordinates>
        88.2876813,24.2520263
        88.2872462,24.2520022
      </coordinates>
    </LineString>
  </Placemark>
  <Placemark>
    <name>P-485</name>
    <ExtendedData>
      <Data name="id"><value>P-485</value></Data>
      <Data name="source"><value>J-484</value></Data>
      <Data name="target"><value>J-485</value></Data>
    </ExtendedData>
    <LineString>
      <coordinates>
        88.2872462,24.2520022
        88.2872596,24.2517202
        88.286865,24.2517031
      </coordinates>
    </LineString>
  </Placemark>
  <Placemark>
    <name>P-486</name>
    <ExtendedData>
      <Data name="id"><value>P-486</value></Data>
      <Data name="source"><value>J-485</value></Data>
      <Data name="target"><value>J-486</value></Data>
    </ExtendedData>
    <LineString>
      <coordinates>
        88.286865,24.2517031
        88.2866505,24.2516883
      </coordinates>
    </LineString>
  </Placemark>
  <Placemark>
    <name>P-487</name>
    <ExtendedData>
      <Data name="id"><value>P-487</value></Data>
      <Data name="source"><value>J-485</value></Data>
      <Data name="target"><value>J-487</value></Data>
    </ExtendedData>
    <LineString>
      <coordinates>
        88.286865,24.2517031
        88.2868408,24.2520489
      </coordinates>
    </LineString>
  </Placemark>
  <Placemark>
    <name>P-488</name>
    <ExtendedData>
      <Data name="id"><value>P-488</value></Data>
      <Data name="source"><value>J-484</value></Data>
      <Data name="target"><value>J-488</value></Data>
    </ExtendedData>
    <LineString>
      <coordinates>
        88.2872462,24.2520022
        88.2868626,24.2519656
      </coordinates>
    </LineString>
  </Placemark>
  <Placemark>
    <name>P-489</name>
    <ExtendedData>
      <Data name="id"><value>P-489</value></Data>
      <Data name="source"><value>J-484</value></Data>
      <Data name="target"><value>J-489</value></Data>
    </ExtendedData>
    <LineString>
      <coordinates>
        88.2872462,24.2520022
        88.2872419,24.2520755
      </coordinates>
    </LineString>
  </Placemark>
  <Placemark>
    <name>P-490</name>
    <ExtendedData>
      <Data name="id"><value>P-490</value></Data>
      <Data name="source"><value>J-483</value></Data>
      <Data name="target"><value>J-490</value></Data>
    </ExtendedData>
    <LineString>
      <coordinates>
        88.2876813,24.2520263
        88.287676,24.2520975
      </coordinates>
    </LineString>
  </Placemark>
  <Placemark>
    <name>P-491</name>
    <ExtendedData>
      <Data name="id"><value>P-491</value></Data>
      <Data name="source"><value>J-483</value></Data>
      <Data name="target"><value>J-491</value></Data>
    </ExtendedData>
    <LineString>
      <coordinates>
        88.2876813,24.2520263
        88.2880637,24.252062
      </coordinates>
    </LineString>
  </Placemark>
  <Placemark>
    <name>P-492</name>
    <ExtendedData>
      <Data name="id"><value>P-492</value></Data>
      <Data name="source"><value>J-491</value></Data>
      <Data name="target"><value>J-492</value></Data>
    </ExtendedData>
    <LineString>
      <coordinates>
        88.2880637,24.252062
        88.2880541,24.2521333
      </coordinates>
    </LineString>
  </Placemark>
  <Placemark>
    <name>P-493</name>
    <ExtendedData>
      <Data name="id"><value>P-493</value></Data>
      <Data name="source"><value>J-491</value></Data>
      <Data name="target"><value>J-493</value></Data>
    </ExtendedData>
    <LineString>
      <coordinates>
        88.2880637,24.252062
        88.2880602,24.2519635
      </coordinates>
    </LineString>
  </Placemark>
  <Placemark>
    <name>P-494</name>
    <ExtendedData>
      <Data name="id"><value>P-494</value></Data>
      <Data name="source"><value>J-491</value></Data>
      <Data name="target"><value>J-494</value></Data>
    </ExtendedData>
    <LineString>
      <coordinates>
        88.2880637,24.252062
        88.2884867,24.2520791
      </coordinates>
    </LineString>
  </Placemark>
  <Placemark>
    <name>P-495</name>
    <ExtendedData>
      <Data name="id"><value>P-495</value></Data>
      <Data name="source"><value>J-494</value></Data>
      <Data name="target"><value>J-495</value></Data>
    </ExtendedData>
    <LineString>
      <coordinates>
        88.2884867,24.2520791
        88.2884837,24.252161
      </coordinates>
    </LineString>
  </Placemark>
  <Placemark>
    <name>P-496</name>
    <ExtendedData>
      <Data name="id"><value>P-496</value></Data>
      <Data name="source"><value>J-494</value></Data>
      <Data name="target"><value>J-496</value></Data>
    </ExtendedData>
    <LineString>
      <coordinates>
        88.2884867,24.2520791
        88.2884947,24.2519734
      </coordinates>
    </LineString>
  </Placemark>
  <Placemark>
    <name>P-497</name>
    <ExtendedData>
      <Data name="id"><value>P-497</value></Data>
      <Data name="source"><value>J-494</value></Data>
      <Data name="target"><value>J-497</value></Data>
    </ExtendedData>
    <LineString>
      <coordinates>
        88.2884867,24.2520791
        88.2889277,24.2520971
      </coordinates>
    </LineString>
  </Placemark>
  <Placemark>
    <name>P-498</name>
    <ExtendedData>
      <Data name="id"><value>P-498</value></Data>
      <Data name="source"><value>J-497</value></Data>
      <Data name="target"><value>J-498</value></Data>
    </ExtendedData>
    <LineString>
      <coordinates>
        88.2889277,24.2520971
        88.2889269,24.2521726
      </coordinates>
    </LineString>
  </Placemark>
  <Placemark>
    <name>P-499</name>
    <ExtendedData>
      <Data name="id"><value>P-499</value></Data>
      <Data name="source"><value>J-497</value></Data>
      <Data name="target"><value>J-499</value></Data>
    </ExtendedData>
    <LineString>
      <coordinates>
        88.2889277,24.2520971
        88.2889536,24.2518553
      </coordinates>
    </LineString>
  </Placemark>
  <Placemark>
    <name>P-500</name>
    <ExtendedData>
      <Data name="id"><value>P-500</value></Data>
      <Data name="source"><value>J-499</value></Data>
      <Data name="target"><value>J-500</value></Data>
    </ExtendedData>
    <LineString>
      <coordinates>
        88.2889536,24.2518553
        88.2889848,24.2514378
      </coordinates>
    </LineString>
  </Placemark>
  <Placemark>
    <name>P-501</name>
    <ExtendedData>
      <Data name="id"><value>P-501</value></Data>
      <Data name="source"><value>J-499</value></Data>
      <Data name="target"><value>J-501</value></Data>
    </ExtendedData>
    <LineString>
      <coordinates>
        88.2889536,24.2518553
        88.2893183,24.2519101
      </coordinates>
    </LineString>
  </Placemark>
  <Placemark>
    <name>P-502</name>
    <ExtendedData>
      <Data name="id"><value>P-502</value></Data>
      <Data name="source"><value>J-501</value></Data>
      <Data name="target"><value>J-502</value></Data>
    </ExtendedData>
    <LineString>
      <coordinates>
        88.2893183,24.2519101
        88.289286,24.2524737
      </coordinates>
    </LineString>
  </Placemark>
  <Placemark>
    <name>P-503</name>
    <ExtendedData>
      <Data name="id"><value>P-503</value></Data>
      <Data name="source"><value>J-497</value></Data>
      <Data name="target"><value>J-503</value></Data>
    </ExtendedData>
    <LineString>
      <coordinates>
        88.2889277,24.2520971
        88.2892831,24.2521299
      </coordinates>
    </LineString>
  </Placemark>
  <Placemark>
    <name>P-504</name>
    <ExtendedData>
      <Data name="id"><value>P-504</value></Data>
      <Data name="source"><value>J-477</value></Data>
      <Data name="target"><value>J-504</value></Data>
    </ExtendedData>
    <LineString>
      <coordinates>
        88.286775,24.2512314
        88.2867404,24.2512692
        88.2866961,24.2513633
        88.2866451,24.2514421
        88.2866148,24.2515195
        88.2866116,24.251586
        88.2866162,24.2516559
        88.2866282,24.2516974
        88.2865955,24.2520502
      </coordinates>
    </LineString>
  </Placemark>
  <Placemark>
    <name>P-505</name>
    <ExtendedData>
      <Data name="id"><value>P-505</value></Data>
      <Data name="source"><value>J-504</value></Data>
      <Data name="target"><value>J-505</value></Data>
    </ExtendedData>
    <LineString>
      <coordinates>
        88.2865955,24.2520502
        88.2878633,24.2521272
      </coordinates>
    </LineString>
  </Placemark>
  <Placemark>
    <name>P-506</name>
    <ExtendedData>
      <Data name="id"><value>P-506</value></Data>
      <Data name="source"><value>J-505</value></Data>
      <Data name="target"><value>J-506</value></Data>
    </ExtendedData>
    <LineString>
      <coordinates>
        88.2878633,24.2521272
        88.2886958,24.2521816
      </coordinates>
    </LineString>
  </Placemark>
  <Placemark>
    <name>P-507</name>
    <ExtendedData>
      <Data name="id"><value>P-507</value></Data>
      <Data name="source"><value>J-506</value></Data>
      <Data name="target"><value>J-507</value></Data>
    </ExtendedData>
    <LineString>
      <coordinates>
        88.2886958,24.2521816
        88.2889192,24.252193
      </coordinates>
    </LineString>
  </Placemark>
  <Placemark>
    <name>P-508</name>
    <ExtendedData>
      <Data name="id"><value>P-508</value></Data>
      <Data name="source"><value>J-501</value></Data>
      <Data name="target"><value>J-508</value></Data>
    </ExtendedData>
    <LineString>
      <coordinates>
        88.2893183,24.2519101
        88.2897256,24.2519718
      </coordinates>
    </LineString>
  </Placemark>
  <Placemark>
    <name>P-509</name>
    <ExtendedData>
      <Data name="id"><value>P-509</value></Data>
      <Data name="source"><value>J-508</value></Data>
      <Data name="target"><value>J-509</value></Data>
    </ExtendedData>
    <LineString>
      <coordinates>
        88.2897256,24.2519718
        88.2896938,24.2523487
      </coordinates>
    </LineString>
  </Placemark>
  <Placemark>
    <name>P-510</name>
    <ExtendedData>
      <Data name="id"><value>P-510</value></Data>
      <Data name="source"><value>J-509</value></Data>
      <Data name="target"><value>J-510</value></Data>
    </ExtendedData>
    <LineString>
      <coordinates>
        88.2896938,24.2523487
        88.2899509,24.2523792
      </coordinates>
    </LineString>
  </Placemark>
  <Placemark>
    <name>P-511</name>
    <ExtendedData>
      <Data name="id"><value>P-511</value></Data>
      <Data name="source"><value>J-509</value></Data>
      <Data name="target"><value>J-511</value></Data>
    </ExtendedData>
    <LineString>
      <coordinates>
        88.2896938,24.2523487
        88.2896839,24.2525335
      </coordinates>
    </LineString>
  </Placemark>
  <Placemark>
    <name>P-512</name>
    <ExtendedData>
      <Data name="id"><value>P-512</value></Data>
      <Data name="source"><value>J-511</value></Data>
      <Data name="target"><value>J-512</value></Data>
    </ExtendedData>
    <LineString>
      <coordinates>
        88.2896839,24.2525335
        88.2893241,24.2525112
      </coordinates>
    </LineString>
  </Placemark>
  <Placemark>
    <name>P-513</name>
    <ExtendedData>
      <Data name="id"><value>P-513</value></Data>
      <Data name="source"><value>J-511</value></Data>
      <Data name="target"><value>J-513</value></Data>
    </ExtendedData>
    <LineString>
      <coordinates>
        88.2896839,24.2525335
        88.2896591,24.2528199
      </coordinates>
    </LineString>
  </Placemark>
  <Placemark>
    <name>P-514</name>
    <ExtendedData>
      <Data name="id"><value>P-514</value></Data>
      <Data name="source"><value>J-513</value></Data>
      <Data name="target"><value>J-514</value></Data>
    </ExtendedData>
    <LineString>
      <coordinates>
        88.2896591,24.2528199
        88.2892836,24.252805
      </coordinates>
    </LineString>
  </Placemark>
  <Placemark>
    <name>P-515</name>
    <ExtendedData>
      <Data name="id"><value>P-515</value></Data>
      <Data name="source"><value>J-513</value></Data>
      <Data name="target"><value>J-515</value></Data>
    </ExtendedData>
    <LineString>
      <coordinates>
        88.2896591,24.2528199
        88.2904651,24.2529281
      </coordinates>
    </LineString>
  </Placemark>
  <Placemark>
    <name>P-516</name>
    <ExtendedData>
      <Data name="id"><value>P-516</value></Data>
      <Data name="source"><value>J-513</value></Data>
      <Data name="target"><value>J-516</value></Data>
    </ExtendedData>
    <LineString>
      <coordinates>
        88.2896591,24.2528199
        88.2896378,24.253116
      </coordinates>
    </LineString>
  </Placemark>
  <Placemark>
    <name>P-517</name>
    <ExtendedData>
      <Data name="id"><value>P-517</value></Data>
      <Data name="source"><value>J-516</value></Data>
      <Data name="target"><value>J-517</value></Data>
    </ExtendedData>
    <LineString>
      <coordinates>
        88.2896378,24.253116
        88.2892749,24.2530986
      </coordinates>
    </LineString>
  </Placemark>
  <Placemark>
    <name>P-518</name>
    <ExtendedData>
      <Data name="id"><value>P-518</value></Data>
      <Data name="source"><value>J-516</value></Data>
      <Data name="target"><value>J-518</value></Data>
    </ExtendedData>
    <LineString>
      <coordinates>
        88.2896378,24.253116
        88.2897367,24.2532108
        88.2900889,24.253344
        88.2907545,24.2535382
      </coordinates>
    </LineString>
  </Placemark>
  <Placemark>
    <name>P-519</name>
    <ExtendedData>
      <Data name="id"><value>P-519</value></Data>
      <Data name="source"><value>J-518</value></Data>
      <Data name="target"><value>J-519</value></Data>
    </ExtendedData>
    <LineString>
      <coordinates>
        88.2907545,24.2535382
        88.2907019,24.2535724
        88.2906712,24.2536596
        88.2905762,24.2542194
      </coordinates>
    </LineString>
  </Placemark>
  <Placemark>
    <name>P-520</name>
    <ExtendedData>
      <Data name="id"><value>P-520</value></Data>
      <Data name="source"><value>J-518</value></Data>
      <Data name="target"><value>J-520</value></Data>
    </ExtendedData>
    <LineString>
      <coordinates>
        88.2907545,24.2535382
        88.2909,24.2535114
      </coordinates>
    </LineString>
  </Placemark>
  <Placemark>
    <name>P-521</name>
    <ExtendedData>
      <Data name="id"><value>P-521</value></Data>
      <Data name="source"><value>J-520</value></Data>
      <Data name="target"><value>J-521</value></Data>
    </ExtendedData>
    <LineString>
      <coordinates>
        88.2909,24.2535114
        88.2908818,24.2532762
      </coordinates>
    </LineString>
  </Placemark>
  <Placemark>
    <name>P-522</name>
    <ExtendedData>
      <Data name="id"><value>P-522</value></Data>
      <Data name="source"><value>J-520</value></Data>
      <Data name="target"><value>J-522</value></Data>
    </ExtendedData>
    <LineString>
      <coordinates>
        88.2909,24.2535114
        88.2910264,24.2535176
        88.2910737,24.2534991
        88.2911166,24.2534444
        88.2911476,24.2533898
        88.2911951,24.2529843
      </coordinates>
    </LineString>
  </Placemark>
  <Placemark>
    <name>P-523</name>
    <ExtendedData>
      <Data name="id"><value>P-523</value></Data>
      <Data name="source"><value>J-522</value></Data>
      <Data name="target"><value>J-523</value></Data>
    </ExtendedData>
    <LineString>
      <coordinates>
        88.2911951,24.2529843
        88.2912025,24.2529156
      </coordinates>
    </LineString>
  </Placemark>
  <Placemark>
    <name>P-524</name>
    <ExtendedData>
      <Data name="id"><value>P-524</value></Data>
      <Data name="source"><value>J-523</value></Data>
      <Data name="target"><value>J-524</value></Data>
    </ExtendedData>
    <LineString>
      <coordinates>
        88.2912025,24.2529156
        88.2908648,24.2528954
      </coordinates>
    </LineString>
  </Placemark>
  <Placemark>
    <name>P-525</name>
    <ExtendedData>
      <Data name="id"><value>P-525</value></Data>
      <Data name="source"><value>J-522</value></Data>
      <Data name="target"><value>J-525</value></Data>
    </ExtendedData>
    <LineString>
      <coordinates>
        88.2911951,24.2529843
        88.2914617,24.2530252
        88.2916287,24.2530277
        88.2917863,24.2529811
      </coordinates>
    </LineString>
  </Placemark>
  <Placemark>
    <name>P-526</name>
    <ExtendedData>
      <Data name="id"><value>P-526</value></Data>
      <Data name="source"><value>J-523</value></Data>
      <Data name="target"><value>J-526</value></Data>
    </ExtendedData>
    <LineString>
      <coordinates>
        88.2912025,24.2529156
        88.2912661,24.2525859
        88.2912985,24.2525369
      </coordinates>
    </LineString>
  </Placemark>
  <Placemark>
    <name>P-527</name>
    <ExtendedData>
      <Data name="id"><value>P-527</value></Data>
      <Data name="source"><value>J-508</value></Data>
      <Data name="target"><value>J-527</value></Data>
    </ExtendedData>
    <LineString>
      <coordinates>
        88.2897256,24.2519718
        88.2906038,24.2520939
        88.2907107,24.2521183
      </coordinates>
    </LineString>
  </Placemark>
  <Placemark>
    <name>P-528</name>
    <ExtendedData>
      <Data name="id"><value>P-528</value></Data>
      <Data name="source"><value>J-527</value></Data>
      <Data name="target"><value>J-528</value></Data>
    </ExtendedData>
    <LineString>
      <coordinates>
        88.2907107,24.2521183
        88.2911491,24.2521074
        88.2912599,24.2521209
      </coordinates>
    </LineString>
  </Placemark>
  <Placemark>
    <name>P-529</name>
    <ExtendedData>
      <Data name="id"><value>P-529</value></Data>
      <Data name="source"><value>J-482</value></Data>
      <Data name="target"><value>J-529</value></Data>
    </ExtendedData>
    <LineString>
      <coordinates>
        88.2877491,24.2513527
        88.2882079,24.2513514
        88.2888679,24.2513815
      </coordinates>
    </LineString>
  </Placemark>
  <Placemark>
    <name>P-530</name>
    <ExtendedData>
      <Data name="id"><value>P-530</value></Data>
      <Data name="source"><value>J-529</value></Data>
      <Data name="target"><value>J-530</value></Data>
    </ExtendedData>
    <LineString>
      <coordinates>
        88.2888679,24.2513815
        88.2889555,24.251047
      </coordinates>
    </LineString>
  </Placemark>
  <Placemark>
    <name>P-531</name>
    <ExtendedData>
      <Data name="id"><value>P-531</value></Data>
      <Data name="source"><value>J-529</value></Data>
      <Data name="target"><value>J-531</value></Data>
    </ExtendedData>
    <LineString>
      <coordinates>
        88.2888679,24.2513815
        88.2892755,24.2514383
        88.2895994,24.2514727
        88.290421,24.2515328
        88.2905073,24.2515885
      </coordinates>
    </LineString>
  </Placemark>
  <Placemark>
    <name>P-532</name>
    <ExtendedData>
      <Data name="id"><value>P-532</value></Data>
      <Data name="source"><value>J-531</value></Data>
      <Data name="target"><value>J-532</value></Data>
    </ExtendedData>
    <LineString>
      <coordinates>
        88.2905073,24.2515885
        88.2904896,24.251915
        88.2906322,24.2519375
        88.2906158,24.2520727
      </coordinates>
    </LineString>
  </Placemark>
  <Placemark>
    <name>P-533</name>
    <ExtendedData>
      <Data name="id"><value>P-533</value></Data>
      <Data name="source"><value>J-531</value></Data>
      <Data name="target"><value>J-533</value></Data>
    </ExtendedData>
    <LineString>
      <coordinates>
        88.2905073,24.2515885
        88.2912555,24.2517311
        88.2913094,24.2517608
      </coordinates>
    </LineString>
  </Placemark>
  <Placemark>
    <name>P-534</name>
    <ExtendedData>
      <Data name="id"><value>P-534</value></Data>
      <Data name="source"><value>J-533</value></Data>
      <Data name="target"><value>J-534</value></Data>
    </ExtendedData>
    <LineString>
      <coordinates>
        88.2913094,24.2517608
        88.2913115,24.2524101
        88.2913059,24.2525036
      </coordinates>
    </LineString>
  </Placemark>
  <Placemark>
    <name>P-535</name>
    <ExtendedData>
      <Data name="id"><value>P-535</value></Data>
      <Data name="source"><value>J-533</value></Data>
      <Data name="target"><value>J-535</value></Data>
    </ExtendedData>
    <LineString>
      <coordinates>
        88.2913094,24.2517608
        88.2922572,24.2518928
        88.2934015,24.2520388
      </coordinates>
    </LineString>
  </Placemark>
  <Placemark>
    <name>P-536</name>
    <ExtendedData>
      <Data name="id"><value>P-536</value></Data>
      <Data name="source"><value>J-535</value></Data>
      <Data name="target"><value>J-536</value></Data>
    </ExtendedData>
    <LineString>
      <coordinates>
        88.2934015,24.2520388
        88.2934521,24.2526466
      </coordinates>
    </LineString>
  </Placemark>
  <Placemark>
    <name>P-537</name>
    <ExtendedData>
      <Data name="id"><value>P-537</value></Data>
      <Data name="source"><value>J-536</value></Data>
      <Data name="target"><value>J-537</value></Data>
    </ExtendedData>
    <LineString>
      <coordinates>
        88.2934521,24.2526466
        88.2932295,24.2526318
        88.2924788,24.2524064
        88.2921493,24.2524222
        88.2917351,24.2524647
      </coordinates>
    </LineString>
  </Placemark>
  <Placemark>
    <name>P-538</name>
    <ExtendedData>
      <Data name="id"><value>P-538</value></Data>
      <Data name="source"><value>J-537</value></Data>
      <Data name="target"><value>J-538</value></Data>
    </ExtendedData>
    <LineString>
      <coordinates>
        88.2917351,24.2524647
        88.2917756,24.2526702
        88.2917694,24.2528594
        88.2918271,24.2529664
      </coordinates>
    </LineString>
  </Placemark>
  <Placemark>
    <name>P-539</name>
    <ExtendedData>
      <Data name="id"><value>P-539</value></Data>
      <Data name="source"><value>J-537</value></Data>
      <Data name="target"><value>J-539</value></Data>
    </ExtendedData>
    <LineString>
      <coordinates>
        88.2917351,24.2524647
        88.2913653,24.2524956
        88.291329,24.2525145
      </coordinates>
    </LineString>
  </Placemark>
  <Placemark>
    <name>P-540</name>
    <ExtendedData>
      <Data name="id"><value>P-540</value></Data>
      <Data name="source"><value>J-536</value></Data>
      <Data name="target"><value>J-540</value></Data>
    </ExtendedData>
    <LineString>
      <coordinates>
        88.2934521,24.2526466
        88.2934088,24.2529191
      </coordinates>
    </LineString>
  </Placemark>
  <Placemark>
    <name>P-541</name>
    <ExtendedData>
      <Data name="id"><value>P-541</value></Data>
      <Data name="source"><value>J-540</value></Data>
      <Data name="target"><value>J-541</value></Data>
    </ExtendedData>
    <LineString>
      <coordinates>
        88.2934088,24.2529191
        88.2926457,24.2529627
        88.2922766,24.2529659
      </coordinates>
    </LineString>
  </Placemark>
  <Placemark>
    <name>P-542</name>
    <ExtendedData>
      <Data name="id"><value>P-542</value></Data>
      <Data name="source"><value>J-541</value></Data>
      <Data name="target"><value>J-542</value></Data>
    </ExtendedData>
    <LineString>
      <coordinates>
        88.2922766,24.2529659
        88.2918672,24.2529763
      </coordinates>
    </LineString>
  </Placemark>
  <Placemark>
    <name>P-543</name>
    <ExtendedData>
      <Data name="id"><value>P-543</value></Data>
      <Data name="source"><value>J-540</value></Data>
      <Data name="target"><value>J-543</value></Data>
    </ExtendedData>
    <LineString>
      <coordinates>
        88.2934088,24.2529191
        88.2933472,24.253323
      </coordinates>
    </LineString>
  </Placemark>
  <Placemark>
    <name>P-544</name>
    <ExtendedData>
      <Data name="id"><value>P-544</value></Data>
      <Data name="source"><value>J-536</value></Data>
      <Data name="target"><value>J-544</value></Data>
    </ExtendedData>
    <LineString>
      <coordinates>
        88.2934521,24.2526466
        88.2938339,24.2526663
      </coordinates>
    </LineString>
  </Placemark>
  <Placemark>
    <name>P-545</name>
    <ExtendedData>
      <Data name="id"><value>P-545</value></Data>
      <Data name="source"><value>J-535</value></Data>
      <Data name="target"><value>J-545</value></Data>
    </ExtendedData>
    <LineString>
      <coordinates>
        88.2934015,24.2520388
        88.2937915,24.2520792
      </coordinates>
    </LineString>
  </Placemark>
  <Placemark>
    <name>P-546</name>
    <ExtendedData>
      <Data name="id"><value>P-546</value></Data>
      <Data name="source"><value>J-545</value></Data>
      <Data name="target"><value>J-546</value></Data>
    </ExtendedData>
    <LineString>
      <coordinates>
        88.2937915,24.2520792
        88.2938642,24.2526702
        88.294103,24.252683
      </coordinates>
    </LineString>
  </Placemark>
  <Placemark>
    <name>P-547</name>
    <ExtendedData>
      <Data name="id"><value>P-547</value></Data>
      <Data name="source"><value>J-546</value></Data>
      <Data name="target"><value>J-547</value></Data>
    </ExtendedData>
    <LineString>
      <coordinates>
        88.294103,24.252683
        88.2940955,24.2529408
      </coordinates>
    </LineString>
  </Placemark>
  <Placemark>
    <name>P-548</name>
    <ExtendedData>
      <Data name="id"><value>P-548</value></Data>
      <Data name="source"><value>J-546</value></Data>
      <Data name="target"><value>J-548</value></Data>
    </ExtendedData>
    <LineString>
      <coordinates>
        88.294103,24.252683
        88.2945085,24.2527167
      </coordinates>
    </LineString>
  </Placemark>
  <Placemark>
    <name>P-549</name>
    <ExtendedData>
      <Data name="id"><value>P-549</value></Data>
      <Data name="source"><value>J-548</value></Data>
      <Data name="target"><value>J-549</value></Data>
    </ExtendedData>
    <LineString>
      <coordinates>
        88.2945085,24.2527167
        88.2944981,24.2529399
      </coordinates>
    </LineString>
  </Placemark>
  <Placemark>
    <name>P-550</name>
    <ExtendedData>
      <Data name="id"><value>P-550</value></Data>
      <Data name="source"><value>J-548</value></Data>
      <Data name="target"><value>J-550</value></Data>
    </ExtendedData>
    <LineString>
      <coordinates>
        88.2945085,24.2527167
        88.2951508,24.2527334
      </coordinates>
    </LineString>
  </Placemark>
  <Placemark>
    <name>P-551</name>
    <ExtendedData>
      <Data name="id"><value>P-551</value></Data>
      <Data name="source"><value>J-550</value></Data>
      <Data name="target"><value>J-551</value></Data>
    </ExtendedData>
    <LineString>
      <coordinates>
        88.2951508,24.2527334
        88.2951251,24.252933
      </coordinates>
    </LineString>
  </Placemark>
  <Placemark>
    <name>P-552</name>
    <ExtendedData>
      <Data name="id"><value>P-552</value></Data>
      <Data name="source"><value>J-550</value></Data>
      <Data name="target"><value>J-552</value></Data>
    </ExtendedData>
    <LineString>
      <coordinates>
        88.2951508,24.2527334
        88.2953834,24.2527314
      </coordinates>
    </LineString>
  </Placemark>
  <Placemark>
    <name>P-553</name>
    <ExtendedData>
      <Data name="id"><value>P-553</value></Data>
      <Data name="source"><value>J-545</value></Data>
      <Data name="target"><value>J-553</value></Data>
    </ExtendedData>
    <LineString>
      <coordinates>
        88.2937915,24.2520792
        88.2938346,24.2520759
        88.2942445,24.2521531
        88.2943534,24.2521676
        88.2944569,24.252162
        88.2949202,24.252285
      </coordinates>
    </LineString>
  </Placemark>
  <Placemark>
    <name>P-554</name>
    <ExtendedData>
      <Data name="id"><value>P-554</value></Data>
      <Data name="source"><value>J-553</value></Data>
      <Data name="target"><value>J-554</value></Data>
    </ExtendedData>
    <LineString>
      <coordinates>
        88.2949202,24.252285
        88.2948593,24.25253
        88.2948442,24.2527046
      </coordinates>
    </LineString>
  </Placemark>
  <Placemark>
    <name>P-555</name>
    <ExtendedData>
      <Data name="id"><value>P-555</value></Data>
      <Data name="source"><value>J-553</value></Data>
      <Data name="target"><value>J-555</value></Data>
    </ExtendedData>
    <LineString>
      <coordinates>
        88.2949202,24.252285
        88.2954324,24.2524145
        88.2954081,24.2527293
        88.2955444,24.2527711
      </coordinates>
    </LineString>
  </Placemark>
  <Placemark>
    <name>P-556</name>
    <ExtendedData>
      <Data name="id"><value>P-556</value></Data>
      <Data name="source"><value>J-555</value></Data>
      <Data name="target"><value>J-556</value></Data>
    </ExtendedData>
    <LineString>
      <coordinates>
        88.2955444,24.2527711
        88.2958426,24.2528146
      </coordinates>
    </LineString>
  </Placemark>
  <Placemark>
    <name>P-557</name>
    <ExtendedData>
      <Data name="id"><value>P-557</value></Data>
      <Data name="source"><value>J-504</value></Data>
      <Data name="target"><value>J-557</value></Data>
    </ExtendedData>
    <LineString>
      <coordinates>
        88.2865955,24.2520502
        88.2865669,24.2523207
      </coordinates>
    </LineString>
  </Placemark>
  <Placemark>
    <name>P-558</name>
    <ExtendedData>
      <Data name="id"><value>P-558</value></Data>
      <Data name="source"><value>J-557</value></Data>
      <Data name="target"><value>J-558</value></Data>
    </ExtendedData>
    <LineString>
      <coordinates>
        88.2865669,24.2523207
        88.2868159,24.2523295
      </coordinates>
    </LineString>
  </Placemark>
  <Placemark>
    <name>P-559</name>
    <ExtendedData>
      <Data name="id"><value>P-559</value></Data>
      <Data name="source"><value>J-558</value></Data>
      <Data name="target"><value>J-559</value></Data>
    </ExtendedData>
    <LineString>
      <coordinates>
        88.2868159,24.2523295
        88.2872391,24.2523766
      </coordinates>
    </LineString>
  </Placemark>
  <Placemark>
    <name>P-560</name>
    <ExtendedData>
      <Data name="id"><value>P-560</value></Data>
      <Data name="source"><value>J-559</value></Data>
      <Data name="target"><value>J-560</value></Data>
    </ExtendedData>
    <LineString>
      <coordinates>
        88.2872391,24.2523766
        88.287658,24.2523984
      </coordinates>
    </LineString>
  </Placemark>
  <Placemark>
    <name>P-561</name>
    <ExtendedData>
      <Data name="id"><value>P-561</value></Data>
      <Data name="source"><value>J-560</value></Data>
      <Data name="target"><value>J-561</value></Data>
    </ExtendedData>
    <LineString>
      <coordinates>
        88.287658,24.2523984
        88.2880454,24.2524205
      </coordinates>
    </LineString>
  </Placemark>
  <Placemark>
    <name>P-562</name>
    <ExtendedData>
      <Data name="id"><value>P-562</value></Data>
      <Data name="source"><value>J-561</value></Data>
      <Data name="target"><value>J-562</value></Data>
    </ExtendedData>
    <LineString>
      <coordinates>
        88.2880454,24.2524205
        88.2884685,24.2524567
      </coordinates>
    </LineString>
  </Placemark>
  <Placemark>
    <name>P-563</name>
    <ExtendedData>
      <Data name="id"><value>P-563</value></Data>
      <Data name="source"><value>J-562</value></Data>
      <Data name="target"><value>J-563</value></Data>
    </ExtendedData>
    <LineString>
      <coordinates>
        88.2884685,24.2524567
        88.2888993,24.2524821
      </coordinates>
    </LineString>
  </Placemark>
  <Placemark>
    <name>P-564</name>
    <ExtendedData>
      <Data name="id"><value>P-564</value></Data>
      <Data name="source"><value>J-563</value></Data>
      <Data name="target"><value>J-564</value></Data>
    </ExtendedData>
    <LineString>
      <coordinates>
        88.2888993,24.2524821
        88.2892605,24.2525031
      </coordinates>
    </LineString>
  </Placemark>
  <Placemark>
    <name>P-565</name>
    <ExtendedData>
      <Data name="id"><value>P-565</value></Data>
      <Data name="source"><value>J-558</value></Data>
      <Data name="target"><value>J-565</value></Data>
    </ExtendedData>
    <LineString>
      <coordinates>
        88.2868159,24.2523295
        88.2868375,24.2520948
      </coordinates>
    </LineString>
  </Placemark>
  <Placemark>
    <name>P-566</name>
    <ExtendedData>
      <Data name="id"><value>P-566</value></Data>
      <Data name="source"><value>J-559</value></Data>
      <Data name="target"><value>J-566</value></Data>
    </ExtendedData>
    <LineString>
      <coordinates>
        88.2872391,24.2523766
        88.2872402,24.2521174
      </coordinates>
    </LineString>
  </Placemark>
  <Placemark>
    <name>P-567</name>
    <ExtendedData>
      <Data name="id"><value>P-567</value></Data>
      <Data name="source"><value>J-560</value></Data>
      <Data name="target"><value>J-567</value></Data>
    </ExtendedData>
    <LineString>
      <coordinates>
        88.287658,24.2523984
        88.2876753,24.2521341
      </coordinates>
    </LineString>
  </Placemark>
  <Placemark>
    <name>P-568</name>
    <ExtendedData>
      <Data name="id"><value>P-568</value></Data>
      <Data name="source"><value>J-561</value></Data>
      <Data name="target"><value>J-568</value></Data>
    </ExtendedData>
    <LineString>
      <coordinates>
        88.2880454,24.2524205
        88.2880578,24.2521605
      </coordinates>
    </LineString>
  </Placemark>
  <Placemark>
    <name>P-569</name>
    <ExtendedData>
      <Data name="id"><value>P-569</value></Data>
      <Data name="source"><value>J-562</value></Data>
      <Data name="target"><value>J-569</value></Data>
    </ExtendedData>
    <LineString>
      <coordinates>
        88.2884685,24.2524567
        88.2884849,24.2521977
      </coordinates>
    </LineString>
  </Placemark>
  <Placemark>
    <name>P-570</name>
    <ExtendedData>
      <Data name="id"><value>P-570</value></Data>
      <Data name="source"><value>J-563</value></Data>
      <Data name="target"><value>J-570</value></Data>
    </ExtendedData>
    <LineString>
      <coordinates>
        88.2888993,24.2524821
        88.2889221,24.2522218
      </coordinates>
    </LineString>
  </Placemark>
  <Placemark>
    <name>P-571</name>
    <ExtendedData>
      <Data name="id"><value>P-571</value></Data>
      <Data name="source"><value>J-558</value></Data>
      <Data name="target"><value>J-571</value></Data>
    </ExtendedData>
    <LineString>
      <coordinates>
        88.2868159,24.2523295
        88.2868073,24.2528845
      </coordinates>
    </LineString>
  </Placemark>
  <Placemark>
    <name>P-572</name>
    <ExtendedData>
      <Data name="id"><value>P-572</value></Data>
      <Data name="source"><value>J-559</value></Data>
      <Data name="target"><value>J-572</value></Data>
    </ExtendedData>
    <LineString>
      <coordinates>
        88.2872391,24.2523766
        88.2872178,24.252917
      </coordinates>
    </LineString>
  </Placemark>
  <Placemark>
    <name>P-573</name>
    <ExtendedData>
      <Data name="id"><value>P-573</value></Data>
      <Data name="source"><value>J-560</value></Data>
      <Data name="target"><value>J-573</value></Data>
    </ExtendedData>
    <LineString>
      <coordinates>
        88.287658,24.2523984
        88.2876339,24.2529499
      </coordinates>
    </LineString>
  </Placemark>
  <Placemark>
    <name>P-574</name>
    <ExtendedData>
      <Data name="id"><value>P-574</value></Data>
      <Data name="source"><value>J-561</value></Data>
      <Data name="target"><value>J-574</value></Data>
    </ExtendedData>
    <LineString>
      <coordinates>
        88.2880454,24.2524205
        88.2880277,24.2529786
      </coordinates>
    </LineString>
  </Placemark>
  <Placemark>
    <name>P-575</name>
    <ExtendedData>
      <Data name="id"><value>P-575</value></Data>
      <Data name="source"><value>J-562</value></Data>
      <Data name="target"><value>J-575</value></Data>
    </ExtendedData>
    <LineString>
      <coordinates>
        88.2884685,24.2524567
        88.288441,24.2530143
      </coordinates>
    </LineString>
  </Placemark>
  <Placemark>
    <name>P-576</name>
    <ExtendedData>
      <Data name="id"><value>P-576</value></Data>
      <Data name="source"><value>J-557</value></Data>
      <Data name="target"><value>J-576</value></Data>
    </ExtendedData>
    <LineString>
      <coordinates>
        88.2865669,24.2523207
        88.2864959,24.2528776
      </coordinates>
    </LineString>
  </Placemark>
  <Placemark>
    <name>P-577</name>
    <ExtendedData>
      <Data name="id"><value>P-577</value></Data>
      <Data name="source"><value>J-576</value></Data>
      <Data name="target"><value>J-577</value></Data>
    </ExtendedData>
    <LineString>
      <coordinates>
        88.2864959,24.2528776
        88.2877997,24.2529841
      </coordinates>
    </LineString>
  </Placemark>
  <Placemark>
    <name>P-578</name>
    <ExtendedData>
      <Data name="id"><value>P-578</value></Data>
      <Data name="source"><value>J-577</value></Data>
      <Data name="target"><value>J-578</value></Data>
    </ExtendedData>
    <LineString>
      <coordinates>
        88.2877997,24.2529841
        88.2888555,24.2530715
      </coordinates>
    </LineString>
  </Placemark>
  <Placemark>
    <name>P-579</name>
    <ExtendedData>
      <Data name="id"><value>P-579</value></Data>
      <Data name="source"><value>J-578</value></Data>
      <Data name="target"><value>J-579</value></Data>
    </ExtendedData>
    <LineString>
      <coordinates>
        88.2888555,24.2530715
        88.2892503,24.2530977
      </coordinates>
    </LineString>
  </Placemark>
  <Placemark>
    <name>P-580</name>
    <ExtendedData>
      <Data name="id"><value>P-580</value></Data>
      <Data name="source"><value>J-578</value></Data>
      <Data name="target"><value>J-580</value></Data>
    </ExtendedData>
    <LineString>
      <coordinates>
        88.2888555,24.2530715
        88.2888999,24.2525183
      </coordinates>
    </LineString>
  </Placemark>
  <Placemark>
    <name>P-581</name>
    <ExtendedData>
      <Data name="id"><value>P-581</value></Data>
      <Data name="source"><value>J-579</value></Data>
      <Data name="target"><value>J-581</value></Data>
    </ExtendedData>
    <LineString>
      <coordinates>
        88.2892503,24.2530977
        88.2892824,24.2525237
      </coordinates>
    </LineString>
  </Placemark>
  <Placemark>
    <name>P-582</name>
    <ExtendedData>
      <Data name="id"><value>P-582</value></Data>
      <Data name="source"><value>J-579</value></Data>
      <Data name="target"><value>J-582</value></Data>
    </ExtendedData>
    <LineString>
      <coordinates>
        88.2892503,24.2530977
        88.2892133,24.2536364
      </coordinates>
    </LineString>
  </Placemark>
  <Placemark>
    <name>P-583</name>
    <ExtendedData>
      <Data name="id"><value>P-583</value></Data>
      <Data name="source"><value>J-576</value></Data>
      <Data name="target"><value>J-583</value></Data>
    </ExtendedData>
    <LineString>
      <coordinates>
        88.2864959,24.2528776
        88.2864014,24.2535349
      </coordinates>
    </LineString>
  </Placemark>
  <Placemark>
    <name>P-584</name>
    <ExtendedData>
      <Data name="id"><value>P-584</value></Data>
      <Data name="source"><value>J-583</value></Data>
      <Data name="target"><value>J-584</value></Data>
    </ExtendedData>
    <LineString>
      <coordinates>
        88.2864014,24.2535349
        88.2867285,24.253559
      </coordinates>
    </LineString>
  </Placemark>
  <Placemark>
    <name>P-585</name>
    <ExtendedData>
      <Data name="id"><value>P-585</value></Data>
      <Data name="source"><value>J-584</value></Data>
      <Data name="target"><value>J-585</value></Data>
    </ExtendedData>
    <LineString>
      <coordinates>
        88.2867285,24.253559
        88.2867759,24.2529209
      </coordinates>
    </LineString>
  </Placemark>
  <Placemark>
    <name>P-586</name>
    <ExtendedData>
      <Data name="id"><value>P-586</value></Data>
      <Data name="source"><value>J-584</value></Data>
      <Data name="target"><value>J-586</value></Data>
    </ExtendedData>
    <LineString>
      <coordinates>
        88.2867285,24.253559
        88.2867188,24.2538571
      </coordinates>
    </LineString>
  </Placemark>
  <Placemark>
    <name>P-587</name>
    <ExtendedData>
      <Data name="id"><value>P-587</value></Data>
      <Data name="source"><value>J-584</value></Data>
      <Data name="target"><value>J-587</value></Data>
    </ExtendedData>
    <LineString>
      <coordinates>
        88.2867285,24.253559
        88.2871564,24.2535957
      </coordinates>
    </LineString>
  </Placemark>
  <Placemark>
    <name>P-588</name>
    <ExtendedData>
      <Data name="id"><value>P-588</value></Data>
      <Data name="source"><value>J-587</value></Data>
      <Data name="target"><value>J-588</value></Data>
    </ExtendedData>
    <LineString>
      <coordinates>
        88.2871564,24.2535957
        88.2872097,24.2529554
      </coordinates>
    </LineString>
  </Placemark>
  <Placemark>
    <name>P-589</name>
    <ExtendedData>
      <Data name="id"><value>P-589</value></Data>
      <Data name="source"><value>J-587</value></Data>
      <Data name="target"><value>J-589</value></Data>
    </ExtendedData>
    <LineString>
      <coordinates>
        88.2871564,24.2535957
        88.2871282,24.2538973
      </coordinates>
    </LineString>
  </Placemark>
  <Placemark>
    <name>P-590</name>
    <ExtendedData>
      <Data name="id"><value>P-590</value></Data>
      <Data name="source"><value>J-587</value></Data>
      <Data name="target"><value>J-590</value></Data>
    </ExtendedData>
    <LineString>
      <coordinates>
        88.2871564,24.2535957
        88.2875604,24.2536272
      </coordinates>
    </LineString>
  </Placemark>
  <Placemark>
    <name>P-591</name>
    <ExtendedData>
      <Data name="id"><value>P-591</value></Data>
      <Data name="source"><value>J-590</value></Data>
      <Data name="target"><value>J-591</value></Data>
    </ExtendedData>
    <LineString>
      <coordinates>
        88.2875604,24.2536272
        88.2875532,24.2539194
      </coordinates>
    </LineString>
  </Placemark>
  <Placemark>
    <name>P-592</name>
    <ExtendedData>
      <Data name="id"><value>P-592</value></Data>
      <Data name="source"><value>J-590</value></Data>
      <Data name="target"><value>J-592</value></Data>
    </ExtendedData>
    <LineString>
      <coordinates>
        88.2875604,24.2536272
        88.2875819,24.2531862
      </coordinates>
    </LineString>
  </Placemark>
  <Placemark>
    <name>P-593</name>
    <ExtendedData>
      <Data name="id"><value>P-593</value></Data>
      <Data name="source"><value>J-592</value></Data>
      <Data name="target"><value>J-593</value></Data>
    </ExtendedData>
    <LineString>
      <coordinates>
        88.2875819,24.2531862
        88.2875951,24.252989
      </coordinates>
    </LineString>
  </Placemark>
  <Placemark>
    <name>P-594</name>
    <ExtendedData>
      <Data name="id"><value>P-594</value></Data>
      <Data name="source"><value>J-592</value></Data>
      <Data name="target"><value>J-594</value></Data>
    </ExtendedData>
    <LineString>
      <coordinates>
        88.2875819,24.2531862
        88.2879841,24.253206
      </coordinates>
    </LineString>
  </Placemark>
  <Placemark>
    <name>P-595</name>
    <ExtendedData>
      <Data name="id"><value>P-595</value></Data>
      <Data name="source"><value>J-594</value></Data>
      <Data name="target"><value>J-595</value></Data>
    </ExtendedData>
    <LineString>
      <coordinates>
        88.2879841,24.253206
        88.287958,24.2536281
      </coordinates>
    </LineString>
  </Placemark>
  <Placemark>
    <name>P-596</name>
    <ExtendedData>
      <Data name="id"><value>P-596</value></Data>
      <Data name="source"><value>J-594</value></Data>
      <Data name="target"><value>J-596</value></Data>
    </ExtendedData>
    <LineString>
      <coordinates>
        88.2879841,24.253206
        88.2879924,24.2530274
      </coordinates>
    </LineString>
  </Placemark>
  <Placemark>
    <name>P-597</name>
    <ExtendedData>
      <Data name="id"><value>P-597</value></Data>
      <Data name="source"><value>J-594</value></Data>
      <Data name="target"><value>J-597</value></Data>
    </ExtendedData>
    <LineString>
      <coordinates>
        88.2879841,24.253206
        88.2883964,24.2532303
      </coordinates>
    </LineString>
  </Placemark>
  <Placemark>
    <name>P-598</name>
    <ExtendedData>
      <Data name="id"><value>P-598</value></Data>
      <Data name="source"><value>J-597</value></Data>
      <Data name="target"><value>J-598</value></Data>
    </ExtendedData>
    <LineString>
      <coordinates>
        88.2883964,24.2532303
        88.2884024,24.2530522
      </coordinates>
    </LineString>
  </Placemark>
  <Placemark>
    <name>P-599</name>
    <ExtendedData>
      <Data name="id"><value>P-599</value></Data>
      <Data name="source"><value>J-597</value></Data>
      <Data name="target"><value>J-599</value></Data>
    </ExtendedData>
    <LineString>
      <coordinates>
        88.2883964,24.2532303
        88.2888368,24.2532572
        88.2888049,24.2536028
      </coordinates>
    </LineString>
  </Placemark>
  <Placemark>
    <name>P-600</name>
    <ExtendedData>
      <Data name="id"><value>P-600</value></Data>
      <Data name="source"><value>J-578</value></Data>
      <Data name="target"><value>J-600</value></Data>
    </ExtendedData>
    <LineString>
      <coordinates>
        88.2888555,24.2530715
        88.2888416,24.253227
      </coordinates>
    </LineString>
  </Placemark>
  <Placemark>
    <name>P-601</name>
    <ExtendedData>
      <Data name="id"><value>P-601</value></Data>
      <Data name="source"><value>J-597</value></Data>
      <Data name="target"><value>J-601</value></Data>
    </ExtendedData>
    <LineString>
      <coordinates>
        88.2883964,24.2532303
        88.2883775,24.2535879
      </coordinates>
    </LineString>
  </Placemark>
  <Placemark>
    <name>P-602</name>
    <ExtendedData>
      <Data name="id"><value>P-602</value></Data>
      <Data name="source"><value>J-601</value></Data>
      <Data name="target"><value>J-602</value></Data>
    </ExtendedData>
    <LineString>
      <coordinates>
        88.2883775,24.2535879
        88.2888053,24.2536343
        88.2887782,24.2540124
      </coordinates>
    </LineString>
  </Placemark>
  <Placemark>
    <name>P-603</name>
    <ExtendedData>
      <Data name="id"><value>P-603</value></Data>
      <Data name="source"><value>J-601</value></Data>
      <Data name="target"><value>J-603</value></Data>
    </ExtendedData>
    <LineString>
      <coordinates>
        88.2883775,24.2535879
        88.288363,24.2539725
      </coordinates>
    </LineString>
  </Placemark>
  <Placemark>
    <name>P-604</name>
    <ExtendedData>
      <Data name="id"><value>P-604</value></Data>
      <Data name="source"><value>J-590</value></Data>
      <Data name="target"><value>J-604</value></Data>
    </ExtendedData>
    <LineString>
      <coordinates>
        88.2875604,24.2536272
        88.2879529,24.2536514
        88.2879527,24.253947
      </coordinates>
    </LineString>
  </Placemark>
  <Placemark>
    <name>P-605</name>
    <ExtendedData>
      <Data name="id"><value>P-605</value></Data>
      <Data name="source"><value>J-583</value></Data>
      <Data name="target"><value>J-605</value></Data>
    </ExtendedData>
    <LineString>
      <coordinates>
        88.2864014,24.2535349
        88.2863541,24.2538486
      </coordinates>
    </LineString>
  </Placemark>
  <Placemark>
    <name>P-606</name>
    <ExtendedData>
      <Data name="id"><value>P-606</value></Data>
      <Data name="source"><value>J-605</value></Data>
      <Data name="target"><value>J-606</value></Data>
    </ExtendedData>
    <LineString>
      <coordinates>
        88.2863541,24.2538486
        88.2891675,24.2540686
      </coordinates>
    </LineString>
  </Placemark>
  <Placemark>
    <name>P-607</name>
    <ExtendedData>
      <Data name="id"><value>P-607</value></Data>
      <Data name="source"><value>J-606</value></Data>
      <Data name="target"><value>J-607</value></Data>
    </ExtendedData>
    <LineString>
      <coordinates>
        88.2891675,24.2540686
        88.2892161,24.2536644
      </coordinates>
    </LineString>
  </Placemark>
  <Placemark>
    <name>P-608</name>
    <ExtendedData>
      <Data name="id"><value>P-608</value></Data>
      <Data name="source"><value>J-606</value></Data>
      <Data name="target"><value>J-608</value></Data>
    </ExtendedData>
    <LineString>
      <coordinates>
        88.2891675,24.2540686
        88.2891553,24.2546107
      </coordinates>
    </LineString>
  </Placemark>
  <Placemark>
    <name>P-609</name>
    <ExtendedData>
      <Data name="id"><value>P-609</value></Data>
      <Data name="source"><value>J-608</value></Data>
      <Data name="target"><value>J-609</value></Data>
    </ExtendedData>
    <LineString>
      <coordinates>
        88.2891553,24.2546107
        88.2891396,24.2549581
      </coordinates>
    </LineString>
  </Placemark>
  <Placemark>
    <name>P-610</name>
    <ExtendedData>
      <Data name="id"><value>P-610</value></Data>
      <Data name="source"><value>J-608</value></Data>
      <Data name="target"><value>J-610</value></Data>
    </ExtendedData>
    <LineString>
      <coordinates>
        88.2891553,24.2546107
        88.2887173,24.2545881
      </coordinates>
    </LineString>
  </Placemark>
  <Placemark>
    <name>P-612</name>
    <ExtendedData>
      <Data name="id"><value>P-612</value></Data>
      <Data name="source"><value>J-610</value></Data>
      <Data name="target"><value>J-612</value></Data>
    </ExtendedData>
    <LineString>
      <coordinates>
        88.2887173,24.2545881
        88.2887355,24.2540478
      </coordinates>
    </LineString>
  </Placemark>
  <Placemark>
    <name>P-613</name>
    <ExtendedData>
      <Data name="id"><value>P-613</value></Data>
      <Data name="source"><value>J-606</value></Data>
      <Data name="target"><value>J-613</value></Data>
    </ExtendedData>
    <LineString>
      <coordinates>
        88.2891675,24.2540686
        88.2896188,24.2541062
        88.2899936,24.2541698
      </coordinates>
    </LineString>
  </Placemark>
  <Placemark>
    <name>P-614</name>
    <ExtendedData>
      <Data name="id"><value>P-614</value></Data>
      <Data name="source"><value>J-613</value></Data>
      <Data name="target"><value>J-614</value></Data>
    </ExtendedData>
    <LineString>
      <coordinates>
        88.2899936,24.2541698
        88.2899184,24.2549504
      </coordinates>
    </LineString>
  </Placemark>
  <Placemark>
    <name>P-615</name>
    <ExtendedData>
      <Data name="id"><value>P-615</value></Data>
      <Data name="source"><value>J-613</value></Data>
      <Data name="target"><value>J-615</value></Data>
    </ExtendedData>
    <LineString>
      <coordinates>
        88.2899936,24.2541698
        88.2905698,24.2542511
      </coordinates>
    </LineString>
  </Placemark>
  <Placemark>
    <name>P-616</name>
    <ExtendedData>
      <Data name="id"><value>P-616</value></Data>
      <Data name="source"><value>J-615</value></Data>
      <Data name="target"><value>J-616</value></Data>
    </ExtendedData>
    <LineString>
      <coordinates>
        88.2905698,24.2542511
        88.2905602,24.254302
      </coordinates>
    </LineString>
  </Placemark>
  <Placemark>
    <name>P-617</name>
    <ExtendedData>
      <Data name="id"><value>P-617</value></Data>
      <Data name="source"><value>J-616</value></Data>
      <Data name="target"><value>J-617</value></Data>
    </ExtendedData>
    <LineString>
      <coordinates>
        88.2905602,24.254302
        88.2919019,24.2544485
        88.2919795,24.2544508
      </coordinates>
    </LineString>
  </Placemark>
  <Placemark>
    <name>P-618</name>
    <ExtendedData>
      <Data name="id"><value>P-618</value></Data>
      <Data name="source"><value>J-617</value></Data>
      <Data name="target"><value>J-618</value></Data>
    </ExtendedData>
    <LineString>
      <coordinates>
        88.2919795,24.2544508
        88.291933,24.2548043
      </coordinates>
    </LineString>
  </Placemark>
  <Placemark>
    <name>P-619</name>
    <ExtendedData>
      <Data name="id"><value>P-619</value></Data>
      <Data name="source"><value>J-617</value></Data>
      <Data name="target"><value>J-619</value></Data>
    </ExtendedData>
    <LineString>
      <coordinates>
        88.2919795,24.2544508
        88.292114,24.254458
        88.29219,24.25445
        88.2922188,24.2542598
        88.2925975,24.25427
        88.2926082,24.2542061
      </coordinates>
    </LineString>
  </Placemark>
  <Placemark>
    <name>P-620</name>
    <ExtendedData>
      <Data name="id"><value>P-620</value></Data>
      <Data name="source"><value>J-619</value></Data>
      <Data name="target"><value>J-620</value></Data>
    </ExtendedData>
    <LineString>
      <coordinates>
        88.2926082,24.2542061
        88.2930749,24.2542748
      </coordinates>
    </LineString>
  </Placemark>
  <Placemark>
    <name>P-621</name>
    <ExtendedData>
      <Data name="id"><value>P-621</value></Data>
      <Data name="source"><value>J-616</value></Data>
      <Data name="target"><value>J-621</value></Data>
    </ExtendedData>
    <LineString>
      <coordinates>
        88.2905602,24.254302
        88.2904496,24.2550467
      </coordinates>
    </LineString>
  </Placemark>
  <Placemark>
    <name>P-622</name>
    <ExtendedData>
      <Data name="id"><value>P-622</value></Data>
      <Data name="source"><value>J-621</value></Data>
      <Data name="target"><value>J-622</value></Data>
    </ExtendedData>
    <LineString>
      <coordinates>
        88.2904496,24.2550467
        88.2912496,24.2551456
      </coordinates>
    </LineString>
  </Placemark>
  <Placemark>
    <name>P-623</name>
    <ExtendedData>
      <Data name="id"><value>P-623</value></Data>
      <Data name="source"><value>J-621</value></Data>
      <Data name="target"><value>J-623</value></Data>
    </ExtendedData>
    <LineString>
      <coordinates>
        88.2904496,24.2550467
        88.2903846,24.2555434
      </coordinates>
    </LineString>
  </Placemark>
  <Placemark>
    <name>P-624</name>
    <ExtendedData>
      <Data name="id"><value>P-624</value></Data>
      <Data name="source"><value>J-623</value></Data>
      <Data name="target"><value>J-624</value></Data>
    </ExtendedData>
    <LineString>
      <coordinates>
        88.2903846,24.2555434
        88.2908299,24.2555785
      </coordinates>
    </LineString>
  </Placemark>
  <Placemark>
    <name>P-625</name>
    <ExtendedData>
      <Data name="id"><value>P-625</value></Data>
      <Data name="source"><value>J-623</value></Data>
      <Data name="target"><value>J-625</value></Data>
    </ExtendedData>
    <LineString>
      <coordinates>
        88.2903846,24.2555434
        88.2903522,24.2558311
        88.2903399,24.2558976
      </coordinates>
    </LineString>
  </Placemark>
  <Placemark>
    <name>P-626</name>
    <ExtendedData>
      <Data name="id"><value>P-626</value></Data>
      <Data name="source"><value>J-625</value></Data>
      <Data name="target"><value>J-626</value></Data>
    </ExtendedData>
    <LineString>
      <coordinates>
        88.2903399,24.2558976
        88.2908614,24.2559045
        88.2910489,24.2558938
        88.2915379,24.2559078
        88.2928626,24.2560278
      </coordinates>
    </LineString>
  </Placemark>
  <Placemark>
    <name>P-627</name>
    <ExtendedData>
      <Data name="id"><value>P-627</value></Data>
      <Data name="source"><value>J-626</value></Data>
      <Data name="target"><value>J-627</value></Data>
    </ExtendedData>
    <LineString>
      <coordinates>
        88.2928626,24.2560278
        88.2934025,24.2561479
        88.2937882,24.2562837
        88.2942683,24.2565091
      </coordinates>
    </LineString>
  </Placemark>
  <Placemark>
    <name>P-628</name>
    <ExtendedData>
      <Data name="id"><value>P-628</value></Data>
      <Data name="source"><value>J-627</value></Data>
      <Data name="target"><value>J-628</value></Data>
    </ExtendedData>
    <LineString>
      <coordinates>
        88.2942683,24.2565091
        88.2941798,24.2567555
      </coordinates>
    </LineString>
  </Placemark>
  <Placemark>
    <name>P-629</name>
    <ExtendedData>
      <Data name="id"><value>P-629</value></Data>
      <Data name="source"><value>J-627</value></Data>
      <Data name="target"><value>J-629</value></Data>
    </ExtendedData>
    <LineString>
      <coordinates>
        88.2942683,24.2565091
        88.2946542,24.2566634
      </coordinates>
    </LineString>
  </Placemark>
  <Placemark>
    <name>P-630</name>
    <ExtendedData>
      <Data name="id"><value>P-630</value></Data>
      <Data name="source"><value>J-627</value></Data>
      <Data name="target"><value>J-630</value></Data>
    </ExtendedData>
    <LineString>
      <coordinates>
        88.2942683,24.2565091
        88.2943171,24.2563964
        88.2943596,24.2562069
      </coordinates>
    </LineString>
  </Placemark>
  <Placemark>
    <name>P-631</name>
    <ExtendedData>
      <Data name="id"><value>P-631</value></Data>
      <Data name="source"><value>J-630</value></Data>
      <Data name="target"><value>J-631</value></Data>
    </ExtendedData>
    <LineString>
      <coordinates>
        88.2943596,24.2562069
        88.2947551,24.2563055
      </coordinates>
    </LineString>
  </Placemark>
  <Placemark>
    <name>P-632</name>
    <ExtendedData>
      <Data name="id"><value>P-632</value></Data>
      <Data name="source"><value>J-630</value></Data>
      <Data name="target"><value>J-632</value></Data>
    </ExtendedData>
    <LineString>
      <coordinates>
        88.2943596,24.2562069
        88.2944028,24.2560239
        88.2943995,24.2558997
        88.2945847,24.2558091
        88.2947873,24.2558444
        88.2949573,24.2558486
        88.2950537,24.255781
        88.2950806,24.2556454
        88.2950416,24.2553844
      </coordinates>
    </LineString>
  </Placemark>
  <Placemark>
    <name>P-633</name>
    <ExtendedData>
      <Data name="id"><value>P-633</value></Data>
      <Data name="source"><value>J-632</value></Data>
      <Data name="target"><value>J-633</value></Data>
    </ExtendedData>
    <LineString>
      <coordinates>
        88.2950416,24.2553844
        88.2949535,24.2552656
        88.294921,24.255179
        88.2950096,24.25495
        88.2951664,24.2548328
        88.2951809,24.2547023
        88.2951656,24.2543656
      </coordinates>
    </LineString>
  </Placemark>
  <Placemark>
    <name>P-634</name>
    <ExtendedData>
      <Data name="id"><value>P-634</value></Data>
      <Data name="source"><value>J-633</value></Data>
      <Data name="target"><value>J-634</value></Data>
    </ExtendedData>
    <LineString>
      <coordinates>
        88.2951656,24.2543656
        88.2951836,24.2541916
        88.2952494,24.2540534
      </coordinates>
    </LineString>
  </Placemark>
  <Placemark>
    <name>P-635</name>
    <ExtendedData>
      <Data name="id"><value>P-635</value></Data>
      <Data name="source"><value>J-625</value></Data>
      <Data name="target"><value>J-635</value></Data>
    </ExtendedData>
    <LineString>
      <coordinates>
        88.2903399,24.2558976
        88.2902712,24.2561806
        88.2902338,24.2567525
        88.2902045,24.2569168
        88.2902554,24.2570579
      </coordinates>
    </LineString>
  </Placemark>
  <Placemark>
    <name>P-636</name>
    <ExtendedData>
      <Data name="id"><value>P-636</value></Data>
      <Data name="source"><value>J-635</value></Data>
      <Data name="target"><value>J-636</value></Data>
    </ExtendedData>
    <LineString>
      <coordinates>
        88.2902554,24.2570579
        88.2899111,24.2578078
        88.2898621,24.2584591
        88.2899263,24.2593187
      </coordinates>
    </LineString>
  </Placemark>
  <Placemark>
    <name>P-637</name>
    <ExtendedData>
      <Data name="id"><value>P-637</value></Data>
      <Data name="source"><value>J-636</value></Data>
      <Data name="target"><value>J-637</value></Data>
    </ExtendedData>
    <LineString>
      <coordinates>
        88.2899263,24.2593187
        88.2899662,24.2595969
        88.2898583,24.260376
      </coordinates>
    </LineString>
  </Placemark>
  <Placemark>
    <name>P-638</name>
    <ExtendedData>
      <Data name="id"><value>P-638</value></Data>
      <Data name="source"><value>J-636</value></Data>
      <Data name="target"><value>J-638</value></Data>
    </ExtendedData>
    <LineString>
      <coordinates>
        88.2899263,24.2593187
        88.2884714,24.259199
        88.2878314,24.2592469
        88.287161,24.2593304
        88.2863528,24.2595282
      </coordinates>
    </LineString>
  </Placemark>
  <Placemark>
    <name>P-639</name>
    <ExtendedData>
      <Data name="id"><value>P-639</value></Data>
      <Data name="source"><value>J-638</value></Data>
      <Data name="target"><value>J-639</value></Data>
    </ExtendedData>
    <LineString>
      <coordinates>
        88.2863528,24.2595282
        88.2861306,24.2589217
      </coordinates>
    </LineString>
  </Placemark>
  <Placemark>
    <name>P-640</name>
    <ExtendedData>
      <Data name="id"><value>P-640</value></Data>
      <Data name="source"><value>J-605</value></Data>
      <Data name="target"><value>J-640</value></Data>
    </ExtendedData>
    <LineString>
      <coordinates>
        88.2863541,24.2538486
        88.2863336,24.2539238
      </coordinates>
    </LineString>
  </Placemark>
  <Placemark>
    <name>P-641</name>
    <ExtendedData>
      <Data name="id"><value>P-641</value></Data>
      <Data name="source"><value>J-640</value></Data>
      <Data name="target"><value>J-641</value></Data>
    </ExtendedData>
    <LineString>
      <coordinates>
        88.2863336,24.2539238
        88.2846323,24.2537931
      </coordinates>
    </LineString>
  </Placemark>
  <Placemark>
    <name>P-642</name>
    <ExtendedData>
      <Data name="id"><value>P-642</value></Data>
      <Data name="source"><value>J-640</value></Data>
      <Data name="target"><value>J-642</value></Data>
    </ExtendedData>
    <LineString>
      <coordinates>
        88.2863336,24.2539238
        88.2863067,24.2542186
      </coordinates>
    </LineString>
  </Placemark>
  <Placemark>
    <name>P-643</name>
    <ExtendedData>
      <Data name="id"><value>P-643</value></Data>
      <Data name="source"><value>J-642</value></Data>
      <Data name="target"><value>J-643</value></Data>
    </ExtendedData>
    <LineString>
      <coordinates>
        88.2863067,24.2542186
        88.2867006,24.2542291
      </coordinates>
    </LineString>
  </Placemark>
  <Placemark>
    <name>P-644</name>
    <ExtendedData>
      <Data name="id"><value>P-644</value></Data>
      <Data name="source"><value>J-643</value></Data>
      <Data name="target"><value>J-644</value></Data>
    </ExtendedData>
    <LineString>
      <coordinates>
        88.2867006,24.2542291
        88.2871079,24.2542534
      </coordinates>
    </LineString>
  </Placemark>
  <Placemark>
    <name>P-645</name>
    <ExtendedData>
      <Data name="id"><value>P-645</value></Data>
      <Data name="source"><value>J-644</value></Data>
      <Data name="target"><value>J-645</value></Data>
    </ExtendedData>
    <LineString>
      <coordinates>
        88.2871079,24.2542534
        88.2875303,24.2542638
      </coordinates>
    </LineString>
  </Placemark>
  <Placemark>
    <name>P-646</name>
    <ExtendedData>
      <Data name="id"><value>P-646</value></Data>
      <Data name="source"><value>J-645</value></Data>
      <Data name="target"><value>J-646</value></Data>
    </ExtendedData>
    <LineString>
      <coordinates>
        88.2875303,24.2542638
        88.2875522,24.2539697
      </coordinates>
    </LineString>
  </Placemark>
  <Placemark>
    <name>P-647</name>
    <ExtendedData>
      <Data name="id"><value>P-647</value></Data>
      <Data name="source"><value>J-644</value></Data>
      <Data name="target"><value>J-647</value></Data>
    </ExtendedData>
    <LineString>
      <coordinates>
        88.2871079,24.2542534
        88.287127,24.2539339
      </coordinates>
    </LineString>
  </Placemark>
  <Placemark>
    <name>P-648</name>
    <ExtendedData>
      <Data name="id"><value>P-648</value></Data>
      <Data name="source"><value>J-643</value></Data>
      <Data name="target"><value>J-648</value></Data>
    </ExtendedData>
    <LineString>
      <coordinates>
        88.2867006,24.2542291
        88.2867196,24.253898
      </coordinates>
    </LineString>
  </Placemark>
  <Placemark>
    <name>P-649</name>
    <ExtendedData>
      <Data name="id"><value>P-649</value></Data>
      <Data name="source"><value>J-643</value></Data>
      <Data name="target"><value>J-649</value></Data>
    </ExtendedData>
    <LineString>
      <coordinates>
        88.2867006,24.2542291
        88.2866622,24.2549163
      </coordinates>
    </LineString>
  </Placemark>
  <Placemark>
    <name>P-650</name>
    <ExtendedData>
      <Data name="id"><value>P-650</value></Data>
      <Data name="source"><value>J-644</value></Data>
      <Data name="target"><value>J-650</value></Data>
    </ExtendedData>
    <LineString>
      <coordinates>
        88.2871079,24.2542534
        88.2870846,24.2549313
      </coordinates>
    </LineString>
  </Placemark>
  <Placemark>
    <name>P-651</name>
    <ExtendedData>
      <Data name="id"><value>P-651</value></Data>
      <Data name="source"><value>J-645</value></Data>
      <Data name="target"><value>J-651</value></Data>
    </ExtendedData>
    <LineString>
      <coordinates>
        88.2875303,24.2542638
        88.2875257,24.2545474
      </coordinates>
    </LineString>
  </Placemark>
  <Placemark>
    <name>P-652</name>
    <ExtendedData>
      <Data name="id"><value>P-652</value></Data>
      <Data name="source"><value>J-651</value></Data>
      <Data name="target"><value>J-652</value></Data>
    </ExtendedData>
    <LineString>
      <coordinates>
        88.2875257,24.2545474
        88.287489,24.2549186
      </coordinates>
    </LineString>
  </Placemark>
  <Placemark>
    <name>P-653</name>
    <ExtendedData>
      <Data name="id"><value>P-653</value></Data>
      <Data name="source"><value>J-642</value></Data>
      <Data name="target"><value>J-653</value></Data>
    </ExtendedData>
    <LineString>
      <coordinates>
        88.2863067,24.2542186
        88.2862336,24.254938
      </coordinates>
    </LineString>
  </Placemark>
  <Placemark>
    <name>P-654</name>
    <ExtendedData>
      <Data name="id"><value>P-654</value></Data>
      <Data name="source"><value>J-653</value></Data>
      <Data name="target"><value>J-654</value></Data>
    </ExtendedData>
    <LineString>
      <coordinates>
        88.2862336,24.254938
        88.2866848,24.2549431
        88.2875102,24.2549466
        88.2880932,24.2549778
      </coordinates>
    </LineString>
  </Placemark>
  <Placemark>
    <name>P-656</name>
    <ExtendedData>
      <Data name="id"><value>P-656</value></Data>
      <Data name="source"><value>J-655</value></Data>
      <Data name="target"><value>J-656</value></Data>
    </ExtendedData>
    <LineString>
      <coordinates>
        88.2894786,24.2549719
        88.2904438,24.2549623
      </coordinates>
    </LineString>
  </Placemark>
  <Placemark>
    <name>P-657</name>
    <ExtendedData>
      <Data name="id"><value>P-657</value></Data>
      <Data name="source"><value>J-653</value></Data>
      <Data name="target"><value>J-657</value></Data>
    </ExtendedData>
    <LineString>
      <coordinates>
        88.2862336,24.254938
        88.2862116,24.2551564
        88.2861802,24.2558103
      </coordinates>
    </LineString>
  </Placemark>
  <Placemark>
    <name>P-658</name>
    <ExtendedData>
      <Data name="id"><value>P-658</value></Data>
      <Data name="source"><value>J-657</value></Data>
      <Data name="target"><value>J-658</value></Data>
    </ExtendedData>
    <LineString>
      <coordinates>
        88.2861802,24.2558103
        88.2866075,24.2558114
      </coordinates>
    </LineString>
  </Placemark>
  <Placemark>
    <name>P-659</name>
    <ExtendedData>
      <Data name="id"><value>P-659</value></Data>
      <Data name="source"><value>J-658</value></Data>
      <Data name="target"><value>J-659</value></Data>
    </ExtendedData>
    <LineString>
      <coordinates>
        88.2866075,24.2558114
        88.2866623,24.2549764
      </coordinates>
    </LineString>
  </Placemark>
  <Placemark>
    <name>P-660</name>
    <ExtendedData>
      <Data name="id"><value>P-660</value></Data>
      <Data name="source"><value>J-658</value></Data>
      <Data name="target"><value>J-660</value></Data>
    </ExtendedData>
    <LineString>
      <coordinates>
        88.2866075,24.2558114
        88.2870325,24.2558309
      </coordinates>
    </LineString>
  </Placemark>
  <Placemark>
    <name>P-661</name>
    <ExtendedData>
      <Data name="id"><value>P-661</value></Data>
      <Data name="source"><value>J-660</value></Data>
      <Data name="target"><value>J-661</value></Data>
    </ExtendedData>
    <LineString>
      <coordinates>
        88.2870325,24.2558309
        88.2870744,24.2549706
      </coordinates>
    </LineString>
  </Placemark>
  <Placemark>
    <name>P-662</name>
    <ExtendedData>
      <Data name="id"><value>P-662</value></Data>
      <Data name="source"><value>J-660</value></Data>
      <Data name="target"><value>J-662</value></Data>
    </ExtendedData>
    <LineString>
      <coordinates>
        88.2870325,24.2558309
        88.2874724,24.2558272
      </coordinates>
    </LineString>
  </Placemark>
  <Placemark>
    <name>P-663</name>
    <ExtendedData>
      <Data name="id"><value>P-663</value></Data>
      <Data name="source"><value>J-662</value></Data>
      <Data name="target"><value>J-663</value></Data>
    </ExtendedData>
    <LineString>
      <coordinates>
        88.2874724,24.2558272
        88.2874867,24.2549676
      </coordinates>
    </LineString>
  </Placemark>
  <Placemark>
    <name>P-664</name>
    <ExtendedData>
      <Data name="id"><value>P-664</value></Data>
      <Data name="source"><value>J-662</value></Data>
      <Data name="target"><value>J-664</value></Data>
    </ExtendedData>
    <LineString>
      <coordinates>
        88.2874724,24.2558272
        88.2878539,24.255837
      </coordinates>
    </LineString>
  </Placemark>
  <Placemark>
    <name>P-665</name>
    <ExtendedData>
      <Data name="id"><value>P-665</value></Data>
      <Data name="source"><value>J-664</value></Data>
      <Data name="target"><value>J-665</value></Data>
    </ExtendedData>
    <LineString>
      <coordinates>
        88.2878539,24.255837
        88.2878915,24.2549801
      </coordinates>
    </LineString>
  </Placemark>
  <Placemark>
    <name>P-666</name>
    <ExtendedData>
      <Data name="id"><value>P-666</value></Data>
      <Data name="source"><value>J-664</value></Data>
      <Data name="target"><value>J-666</value></Data>
    </ExtendedData>
    <LineString>
      <coordinates>
        88.2878539,24.255837
        88.2882874,24.255846
      </coordinates>
    </LineString>
  </Placemark>
  <Placemark>
    <name>P-667</name>
    <ExtendedData>
      <Data name="id"><value>P-667</value></Data>
      <Data name="source"><value>J-666</value></Data>
      <Data name="target"><value>J-667</value></Data>
    </ExtendedData>
    <LineString>
      <coordinates>
        88.2882874,24.255846
        88.2882779,24.2560212
        88.2884322,24.2560292
        88.2884663,24.2564067
      </coordinates>
    </LineString>
  </Placemark>
  <Placemark>
    <name>P-668</name>
    <ExtendedData>
      <Data name="id"><value>P-668</value></Data>
      <Data name="source"><value>J-657</value></Data>
      <Data name="target"><value>J-668</value></Data>
    </ExtendedData>
    <LineString>
      <coordinates>
        88.2861802,24.2558103
        88.2861492,24.256419
        88.2873501,24.2564112
      </coordinates>
    </LineString>
  </Placemark>
  <Placemark>
    <name>P-669</name>
    <ExtendedData>
      <Data name="id"><value>P-669</value></Data>
      <Data name="source"><value>J-668</value></Data>
      <Data name="target"><value>J-669</value></Data>
    </ExtendedData>
    <LineString>
      <coordinates>
        88.2873501,24.2564112
        88.2884401,24.2564114
      </coordinates>
    </LineString>
  </Placemark>
  <Placemark>
    <name>P-670</name>
    <ExtendedData>
      <Data name="id"><value>P-670</value></Data>
      <Data name="source"><value>J-666</value></Data>
      <Data name="target"><value>J-670</value></Data>
    </ExtendedData>
    <LineString>
      <coordinates>
        88.2882874,24.255846
        88.2883117,24.255006
      </coordinates>
    </LineString>
  </Placemark>
  <Placemark>
    <name>P-671</name>
    <ExtendedData>
      <Data name="id"><value>P-671</value></Data>
      <Data name="source"><value>J-625</value></Data>
      <Data name="target"><value>J-671</value></Data>
    </ExtendedData>
    <LineString>
      <coordinates>
        88.2903399,24.2558976
        88.2895246,24.2558822
      </coordinates>
    </LineString>
  </Placemark>
  <Placemark>
    <name>P-672</name>
    <ExtendedData>
      <Data name="id"><value>P-672</value></Data>
      <Data name="source"><value>J-666</value></Data>
      <Data name="target"><value>J-672</value></Data>
    </ExtendedData>
    <LineString>
      <coordinates>
        88.2882874,24.255846
        88.288702,24.2558466
        88.289084,24.2558611
      </coordinates>
    </LineString>
  </Placemark>
  <Placemark>
    <name>P-673</name>
    <ExtendedData>
      <Data name="id"><value>P-673</value></Data>
      <Data name="source"><value>J-672</value></Data>
      <Data name="target"><value>J-673</value></Data>
    </ExtendedData>
    <LineString>
      <coordinates>
        88.289084,24.2558611
        88.2894806,24.2558726
      </coordinates>
    </LineString>
  </Placemark>
  <Placemark>
    <name>P-674</name>
    <ExtendedData>
      <Data name="id"><value>P-674</value></Data>
      <Data name="source"><value>J-672</value></Data>
      <Data name="target"><value>J-674</value></Data>
    </ExtendedData>
    <LineString>
      <coordinates>
        88.289084,24.2558611
        88.2891002,24.255377
      </coordinates>
    </LineString>
  </Placemark>
  <Placemark>
    <name>P-675</name>
    <ExtendedData>
      <Data name="id"><value>P-675</value></Data>
      <Data name="source"><value>J-674</value></Data>
      <Data name="target"><value>J-675</value></Data>
    </ExtendedData>
    <LineString>
      <coordinates>
        88.2891002,24.255377
        88.2895109,24.2553865
        88.2894973,24.2558446
      </coordinates>
    </LineString>
  </Placemark>
  <Placemark>
    <name>P-676</name>
    <ExtendedData>
      <Data name="id"><value>P-676</value></Data>
      <Data name="source"><value>J-674</value></Data>
      <Data name="target"><value>J-676</value></Data>
    </ExtendedData>
    <LineString>
      <coordinates>
        88.2891002,24.255377
        88.2889563,24.2553429
        88.2889711,24.255009
      </coordinates>
    </LineString>
  </Placemark>
  <Placemark>
    <name>P-677</name>
    <ExtendedData>
      <Data name="id"><value>P-677</value></Data>
      <Data name="source"><value>J-611</value></Data>
      <Data name="target"><value>J-677</value></Data>
    </ExtendedData>
    <LineString>
      <coordinates>
        88.2887085,24.2549846
        88.2886726,24.2558252
      </coordinates>
    </LineString>
  </Placemark>
  <Placemark>
    <name>P-678</name>
    <ExtendedData>
      <Data name="id"><value>P-678</value></Data>
      <Data name="source"><value>J-305</value></Data>
      <Data name="target"><value>J-678</value></Data>
    </ExtendedData>
    <LineString>
      <coordinates>
        88.2800087,24.2486199
        88.2782946,24.2519789
      </coordinates>
    </LineString>
  </Placemark>
  <Placemark>
    <name>P-679</name>
    <ExtendedData>
      <Data name="id"><value>P-679</value></Data>
      <Data name="source"><value>J-305</value></Data>
      <Data name="target"><value>J-679</value></Data>
    </ExtendedData>
    <LineString>
      <coordinates>
        88.2800087,24.2486199
        88.2800077,24.248652
        88.27992,24.2488225
      </coordinates>
    </LineString>
  </Placemark>
  <Placemark>
    <name>P-680</name>
    <ExtendedData>
      <Data name="id"><value>P-680</value></Data>
      <Data name="source"><value>J-679</value></Data>
      <Data name="target"><value>J-680</value></Data>
    </ExtendedData>
    <LineString>
      <coordinates>
        88.27992,24.2488225
        88.2802134,24.2490336
      </coordinates>
    </LineString>
  </Placemark>
  <Placemark>
    <name>P-681</name>
    <ExtendedData>
      <Data name="id"><value>P-681</value></Data>
      <Data name="source"><value>J-679</value></Data>
      <Data name="target"><value>J-681</value></Data>
    </ExtendedData>
    <LineString>
      <coordinates>
        88.27992,24.2488225
        88.2797563,24.2491443
      </coordinates>
    </LineString>
  </Placemark>
  <Placemark>
    <name>P-682</name>
    <ExtendedData>
      <Data name="id"><value>P-682</value></Data>
      <Data name="source"><value>J-681</value></Data>
      <Data name="target"><value>J-682</value></Data>
    </ExtendedData>
    <LineString>
      <coordinates>
        88.2797563,24.2491443
        88.2799725,24.2492778
        88.28018,24.2494493
      </coordinates>
    </LineString>
  </Placemark>
  <Placemark>
    <name>P-683</name>
    <ExtendedData>
      <Data name="id"><value>P-683</value></Data>
      <Data name="source"><value>J-681</value></Data>
      <Data name="target"><value>J-683</value></Data>
    </ExtendedData>
    <LineString>
      <coordinates>
        88.2797563,24.2491443
        88.2796122,24.2494239
      </coordinates>
    </LineString>
  </Placemark>
  <Placemark>
    <name>P-684</name>
    <ExtendedData>
      <Data name="id"><value>P-684</value></Data>
      <Data name="source"><value>J-683</value></Data>
      <Data name="target"><value>J-684</value></Data>
    </ExtendedData>
    <LineString>
      <coordinates>
        88.2796122,24.2494239
        88.2798885,24.2495433
        88.2800455,24.2496644
      </coordinates>
    </LineString>
  </Placemark>
  <Placemark>
    <name>P-685</name>
    <ExtendedData>
      <Data name="id"><value>P-685</value></Data>
      <Data name="source"><value>J-683</value></Data>
      <Data name="target"><value>J-685</value></Data>
    </ExtendedData>
    <LineString>
      <coordinates>
        88.2796122,24.2494239
        88.2794055,24.2498313
      </coordinates>
    </LineString>
  </Placemark>
  <Placemark>
    <name>P-686</name>
    <ExtendedData>
      <Data name="id"><value>P-686</value></Data>
      <Data name="source"><value>J-685</value></Data>
      <Data name="target"><value>J-686</value></Data>
    </ExtendedData>
    <LineString>
      <coordinates>
        88.2794055,24.2498313
        88.2798393,24.2501054
        88.2797117,24.2502857
      </coordinates>
    </LineString>
  </Placemark>
  <Placemark>
    <name>P-687</name>
    <ExtendedData>
      <Data name="id"><value>P-687</value></Data>
      <Data name="source"><value>J-685</value></Data>
      <Data name="target"><value>J-687</value></Data>
    </ExtendedData>
    <LineString>
      <coordinates>
        88.2794055,24.2498313
        88.2793077,24.2500173
      </coordinates>
    </LineString>
  </Placemark>
  <Placemark>
    <name>P-688</name>
    <ExtendedData>
      <Data name="id"><value>P-688</value></Data>
      <Data name="source"><value>J-687</value></Data>
      <Data name="target"><value>J-688</value></Data>
    </ExtendedData>
    <LineString>
      <coordinates>
        88.2793077,24.2500173
        88.2802913,24.2507012
        88.2810619,24.251156
      </coordinates>
    </LineString>
  </Placemark>
  <Placemark>
    <name>P-689</name>
    <ExtendedData>
      <Data name="id"><value>P-689</value></Data>
      <Data name="source"><value>J-687</value></Data>
      <Data name="target"><value>J-689</value></Data>
    </ExtendedData>
    <LineString>
      <coordinates>
        88.2793077,24.2500173
        88.2791583,24.2503167
      </coordinates>
    </LineString>
  </Placemark>
  <Placemark>
    <name>P-690</name>
    <ExtendedData>
      <Data name="id"><value>P-690</value></Data>
      <Data name="source"><value>J-689</value></Data>
      <Data name="target"><value>J-690</value></Data>
    </ExtendedData>
    <LineString>
      <coordinates>
        88.2791583,24.2503167
        88.2794994,24.2505084
      </coordinates>
    </LineString>
  </Placemark>
  <Placemark>
    <name>P-691</name>
    <ExtendedData>
      <Data name="id"><value>P-691</value></Data>
      <Data name="source"><value>J-689</value></Data>
      <Data name="target"><value>J-691</value></Data>
    </ExtendedData>
    <LineString>
      <coordinates>
        88.2791583,24.2503167
        88.2789139,24.2507907
      </coordinates>
    </LineString>
  </Placemark>
  <Placemark>
    <name>P-692</name>
    <ExtendedData>
      <Data name="id"><value>P-692</value></Data>
      <Data name="source"><value>J-691</value></Data>
      <Data name="target"><value>J-692</value></Data>
    </ExtendedData>
    <LineString>
      <coordinates>
        88.2789139,24.2507907
        88.2793364,24.2510958
        88.279566,24.2512825
      </coordinates>
    </LineString>
  </Placemark>
  <Placemark>
    <name>P-693</name>
    <ExtendedData>
      <Data name="id"><value>P-693</value></Data>
      <Data name="source"><value>J-691</value></Data>
      <Data name="target"><value>J-693</value></Data>
    </ExtendedData>
    <LineString>
      <coordinates>
        88.2789139,24.2507907
        88.2788302,24.25095
      </coordinates>
    </LineString>
  </Placemark>
  <Placemark>
    <name>P-694</name>
    <ExtendedData>
      <Data name="id"><value>P-694</value></Data>
      <Data name="source"><value>J-693</value></Data>
      <Data name="target"><value>J-694</value></Data>
    </ExtendedData>
    <LineString>
      <coordinates>
        88.2788302,24.25095
        88.2791878,24.2511929
      </coordinates>
    </LineString>
  </Placemark>
  <Placemark>
    <name>P-695</name>
    <ExtendedData>
      <Data name="id"><value>P-695</value></Data>
      <Data name="source"><value>J-693</value></Data>
      <Data name="target"><value>J-695</value></Data>
    </ExtendedData>
    <LineString>
      <coordinates>
        88.2788302,24.25095
        88.2784423,24.251709
        88.2790878,24.2521498
      </coordinates>
    </LineString>
  </Placemark>
  <Placemark>
    <name>P-696</name>
    <ExtendedData>
      <Data name="id"><value>P-696</value></Data>
      <Data name="source"><value>J-678</value></Data>
      <Data name="target"><value>J-696</value></Data>
    </ExtendedData>
    <LineString>
      <coordinates>
        88.2782946,24.2519789
        88.2784905,24.2522856
      </coordinates>
    </LineString>
  </Placemark>
  <Placemark>
    <name>P-697</name>
    <ExtendedData>
      <Data name="id"><value>P-697</value></Data>
      <Data name="source"><value>J-696</value></Data>
      <Data name="target"><value>J-697</value></Data>
    </ExtendedData>
    <LineString>
      <coordinates>
        88.2784905,24.2522856
        88.278679,24.252175
        88.2790961,24.2526676
        88.2790868,24.2527465
      </coordinates>
    </LineString>
  </Placemark>
  <Placemark>
    <name>P-698</name>
    <ExtendedData>
      <Data name="id"><value>P-698</value></Data>
      <Data name="source"><value>J-696</value></Data>
      <Data name="target"><value>J-698</value></Data>
    </ExtendedData>
    <LineString>
      <coordinates>
        88.2784905,24.2522856
        88.2786435,24.2525122
      </coordinates>
    </LineString>
  </Placemark>
  <Placemark>
    <name>P-699</name>
    <ExtendedData>
      <Data name="id"><value>P-699</value></Data>
      <Data name="source"><value>J-698</value></Data>
      <Data name="target"><value>J-699</value></Data>
    </ExtendedData>
    <LineString>
      <coordinates>
        88.2786435,24.2525122
        88.2785403,24.2525487
        88.2784315,24.2526727
        88.278364,24.2527223
        88.2783077,24.2527554
      </coordinates>
    </LineString>
  </Placemark>
  <Placemark>
    <name>P-700</name>
    <ExtendedData>
      <Data name="id"><value>P-700</value></Data>
      <Data name="source"><value>J-698</value></Data>
      <Data name="target"><value>J-700</value></Data>
    </ExtendedData>
    <LineString>
      <coordinates>
        88.2786435,24.2525122
        88.2788629,24.2528667
      </coordinates>
    </LineString>
  </Placemark>
  <Placemark>
    <name>P-701</name>
    <ExtendedData>
      <Data name="id"><value>P-701</value></Data>
      <Data name="source"><value>J-700</value></Data>
      <Data name="target"><value>J-701</value></Data>
    </ExtendedData>
    <LineString>
      <coordinates>
        88.2788629,24.2528667
        88.2790861,24.2527622
        88.2790993,24.2527903
        88.2792553,24.252697
        88.27971,24.2530962
      </coordinates>
    </LineString>
  </Placemark>
  <Placemark>
    <name>P-702</name>
    <ExtendedData>
      <Data name="id"><value>P-702</value></Data>
      <Data name="source"><value>J-700</value></Data>
      <Data name="target"><value>J-702</value></Data>
    </ExtendedData>
    <LineString>
      <coordinates>
        88.2788629,24.2528667
        88.2789309,24.2529876
      </coordinates>
    </LineString>
  </Placemark>
  <Placemark>
    <name>P-703</name>
    <ExtendedData>
      <Data name="id"><value>P-703</value></Data>
      <Data name="source"><value>J-702</value></Data>
      <Data name="target"><value>J-703</value></Data>
    </ExtendedData>
    <LineString>
      <coordinates>
        88.2789309,24.2529876
        88.2783988,24.2533874
      </coordinates>
    </LineString>
  </Placemark>
  <Placemark>
    <name>P-704</name>
    <ExtendedData>
      <Data name="id"><value>P-704</value></Data>
      <Data name="source"><value>J-702</value></Data>
      <Data name="target"><value>J-704</value></Data>
    </ExtendedData>
    <LineString>
      <coordinates>
        88.2789309,24.2529876
        88.2789702,24.2530293
        88.2791117,24.2533272
      </coordinates>
    </LineString>
  </Placemark>
  <Placemark>
    <name>P-705</name>
    <ExtendedData>
      <Data name="id"><value>P-705</value></Data>
      <Data name="source"><value>J-704</value></Data>
      <Data name="target"><value>J-705</value></Data>
    </ExtendedData>
    <LineString>
      <coordinates>
        88.2791117,24.2533272
        88.278507,24.2535783
      </coordinates>
    </LineString>
  </Placemark>
  <Placemark>
    <name>P-706</name>
    <ExtendedData>
      <Data name="id"><value>P-706</value></Data>
      <Data name="source"><value>J-705</value></Data>
      <Data name="target"><value>J-706</value></Data>
    </ExtendedData>
    <LineString>
      <coordinates>
        88.278507,24.2535783
        88.278355,24.2533424
        88.2778851,24.2530864
        88.2777643,24.2533035
      </coordinates>
    </LineString>
  </Placemark>
  <Placemark>
    <name>P-707</name>
    <ExtendedData>
      <Data name="id"><value>P-707</value></Data>
      <Data name="source"><value>J-705</value></Data>
      <Data name="target"><value>J-707</value></Data>
    </ExtendedData>
    <LineString>
      <coordinates>
        88.278507,24.2535783
        88.278745,24.25394
        88.2787982,24.2539992
      </coordinates>
    </LineString>
  </Placemark>
  <Placemark>
    <name>P-708</name>
    <ExtendedData>
      <Data name="id"><value>P-708</value></Data>
      <Data name="source"><value>J-705</value></Data>
      <Data name="target"><value>J-708</value></Data>
    </ExtendedData>
    <LineString>
      <coordinates>
        88.278507,24.2535783
        88.2780748,24.2537543
      </coordinates>
    </LineString>
  </Placemark>
  <Placemark>
    <name>P-709</name>
    <ExtendedData>
      <Data name="id"><value>P-709</value></Data>
      <Data name="source"><value>J-704</value></Data>
      <Data name="target"><value>J-709</value></Data>
    </ExtendedData>
    <LineString>
      <coordinates>
        88.2791117,24.2533272
        88.2791713,24.2534584
      </coordinates>
    </LineString>
  </Placemark>
  <Placemark>
    <name>P-710</name>
    <ExtendedData>
      <Data name="id"><value>P-710</value></Data>
      <Data name="source"><value>J-709</value></Data>
      <Data name="target"><value>J-710</value></Data>
    </ExtendedData>
    <LineString>
      <coordinates>
        88.2791713,24.2534584
        88.2795817,24.2532265
        88.2798031,24.2530362
      </coordinates>
    </LineString>
  </Placemark>
  <Placemark>
    <name>P-711</name>
    <ExtendedData>
      <Data name="id"><value>P-711</value></Data>
      <Data name="source"><value>J-710</value></Data>
      <Data name="target"><value>J-711</value></Data>
    </ExtendedData>
    <LineString>
      <coordinates>
        88.2798031,24.2530362
        88.2801988,24.2532866
      </coordinates>
    </LineString>
  </Placemark>
  <Placemark>
    <name>P-712</name>
    <ExtendedData>
      <Data name="id"><value>P-712</value></Data>
      <Data name="source"><value>J-710</value></Data>
      <Data name="target"><value>J-712</value></Data>
    </ExtendedData>
    <LineString>
      <coordinates>
        88.2798031,24.2530362
        88.2800004,24.2528723
      </coordinates>
    </LineString>
  </Placemark>
  <Placemark>
    <name>P-713</name>
    <ExtendedData>
      <Data name="id"><value>P-713</value></Data>
      <Data name="source"><value>J-712</value></Data>
      <Data name="target"><value>J-713</value></Data>
    </ExtendedData>
    <LineString>
      <coordinates>
        88.2800004,24.2528723
        88.2803522,24.2530526
      </coordinates>
    </LineString>
  </Placemark>
  <Placemark>
    <name>P-714</name>
    <ExtendedData>
      <Data name="id"><value>P-714</value></Data>
      <Data name="source"><value>J-712</value></Data>
      <Data name="target"><value>J-714</value></Data>
    </ExtendedData>
    <LineString>
      <coordinates>
        88.2800004,24.2528723
        88.2800609,24.2528278
        88.2801773,24.252668
        88.2805153,24.2522868
        88.2806255,24.252182
        88.280682,24.2521704
      </coordinates>
    </LineString>
  </Placemark>
  <Placemark>
    <name>P-715</name>
    <ExtendedData>
      <Data name="id"><value>P-715</value></Data>
      <Data name="source"><value>J-714</value></Data>
      <Data name="target"><value>J-715</value></Data>
    </ExtendedData>
    <LineString>
      <coordinates>
        88.280682,24.2521704
        88.2807715,24.2520176
      </coordinates>
    </LineString>
  </Placemark>
  <Placemark>
    <name>P-716</name>
    <ExtendedData>
      <Data name="id"><value>P-716</value></Data>
      <Data name="source"><value>J-714</value></Data>
      <Data name="target"><value>J-716</value></Data>
    </ExtendedData>
    <LineString>
      <coordinates>
        88.280682,24.2521704
        88.2807272,24.2521623
        88.2809286,24.2522377
        88.2812324,24.2524152
      </coordinates>
    </LineString>
  </Placemark>
  <Placemark>
    <name>P-717</name>
    <ExtendedData>
      <Data name="id"><value>P-717</value></Data>
      <Data name="source"><value>J-716</value></Data>
      <Data name="target"><value>J-717</value></Data>
    </ExtendedData>
    <LineString>
      <coordinates>
        88.2812324,24.2524152
        88.2810419,24.2527558
      </coordinates>
    </LineString>
  </Placemark>
  <Placemark>
    <name>P-718</name>
    <ExtendedData>
      <Data name="id"><value>P-718</value></Data>
      <Data name="source"><value>J-716</value></Data>
      <Data name="target"><value>J-718</value></Data>
    </ExtendedData>
    <LineString>
      <coordinates>
        88.2812324,24.2524152
        88.2815506,24.2525967
        88.2816349,24.2526173
        88.2816777,24.252617
        88.2817366,24.2525789
        88.2820124,24.2523012
        88.2820734,24.2522874
      </coordinates>
    </LineString>
  </Placemark>
  <Placemark>
    <name>P-719</name>
    <ExtendedData>
      <Data name="id"><value>P-719</value></Data>
      <Data name="source"><value>J-718</value></Data>
      <Data name="target"><value>J-719</value></Data>
    </ExtendedData>
    <LineString>
      <coordinates>
        88.2820734,24.2522874
        88.2822446,24.2522916
        88.2823969,24.2523126
      </coordinates>
    </LineString>
  </Placemark>
  <Placemark>
    <name>P-720</name>
    <ExtendedData>
      <Data name="id"><value>P-720</value></Data>
      <Data name="source"><value>J-719</value></Data>
      <Data name="target"><value>J-720</value></Data>
    </ExtendedData>
    <LineString>
      <coordinates>
        88.2823969,24.2523126
        88.2825956,24.2522857
      </coordinates>
    </LineString>
  </Placemark>
  <Placemark>
    <name>P-721</name>
    <ExtendedData>
      <Data name="id"><value>P-721</value></Data>
      <Data name="source"><value>J-719</value></Data>
      <Data name="target"><value>J-721</value></Data>
    </ExtendedData>
    <LineString>
      <coordinates>
        88.2823969,24.2523126
        88.2824869,24.2525803
        88.2825492,24.2526573
        88.2825717,24.2526708
      </coordinates>
    </LineString>
  </Placemark>
  <Placemark>
    <name>P-722</name>
    <ExtendedData>
      <Data name="id"><value>P-722</value></Data>
      <Data name="source"><value>J-721</value></Data>
      <Data name="target"><value>J-722</value></Data>
    </ExtendedData>
    <LineString>
      <coordinates>
        88.2825717,24.2526708
        88.2824398,24.2527373
        88.2824272,24.2528042
        88.2824596,24.2529554
        88.282361,24.2529382
        88.2823017,24.2530631
      </coordinates>
    </LineString>
  </Placemark>
  <Placemark>
    <name>P-723</name>
    <ExtendedData>
      <Data name="id"><value>P-723</value></Data>
      <Data name="source"><value>J-722</value></Data>
      <Data name="target"><value>J-723</value></Data>
    </ExtendedData>
    <LineString>
      <coordinates>
        88.2823017,24.2530631
        88.2822372,24.2531406
      </coordinates>
    </LineString>
  </Placemark>
  <Placemark>
    <name>P-724</name>
    <ExtendedData>
      <Data name="id"><value>P-724</value></Data>
      <Data name="source"><value>J-721</value></Data>
      <Data name="target"><value>J-724</value></Data>
    </ExtendedData>
    <LineString>
      <coordinates>
        88.2825717,24.2526708
        88.2826276,24.2527224
        88.2826698,24.2527999
        88.282734,24.2530054
        88.2831215,24.253895
      </coordinates>
    </LineString>
  </Placemark>
  <Placemark>
    <name>P-725</name>
    <ExtendedData>
      <Data name="id"><value>P-725</value></Data>
      <Data name="source"><value>J-724</value></Data>
      <Data name="target"><value>J-725</value></Data>
    </ExtendedData>
    <LineString>
      <coordinates>
        88.2831215,24.253895
        88.2839689,24.2555398
        88.2843326,24.2563444
      </coordinates>
    </LineString>
  </Placemark>
  <Placemark>
    <name>P-726</name>
    <ExtendedData>
      <Data name="id"><value>P-726</value></Data>
      <Data name="source"><value>J-725</value></Data>
      <Data name="target"><value>J-726</value></Data>
    </ExtendedData>
    <LineString>
      <coordinates>
        88.2843326,24.2563444
        88.282007,24.2572941
        88.2820726,24.2574384
        88.2815582,24.2576312
      </coordinates>
    </LineString>
  </Placemark>
  <Placemark>
    <name>P-727</name>
    <ExtendedData>
      <Data name="id"><value>P-727</value></Data>
      <Data name="source"><value>J-709</value></Data>
      <Data name="target"><value>J-727</value></Data>
    </ExtendedData>
    <LineString>
      <coordinates>
        88.2791713,24.2534584
        88.2792862,24.2537132
        88.2793323,24.2537661
        88.2793466,24.2537986
      </coordinates>
    </LineString>
  </Placemark>
  <Placemark>
    <name>P-728</name>
    <ExtendedData>
      <Data name="id"><value>P-728</value></Data>
      <Data name="source"><value>J-727</value></Data>
      <Data name="target"><value>J-728</value></Data>
    </ExtendedData>
    <LineString>
      <coordinates>
        88.2793466,24.2537986
        88.2789991,24.2539376
        88.2788202,24.2539993
      </coordinates>
    </LineString>
  </Placemark>
  <Placemark>
    <name>P-729</name>
    <ExtendedData>
      <Data name="id"><value>P-729</value></Data>
      <Data name="source"><value>J-727</value></Data>
      <Data name="target"><value>J-729</value></Data>
    </ExtendedData>
    <LineString>
      <coordinates>
        88.2793466,24.2537986
        88.2795148,24.2540789
      </coordinates>
    </LineString>
  </Placemark>
  <Placemark>
    <name>P-730</name>
    <ExtendedData>
      <Data name="id"><value>P-730</value></Data>
      <Data name="source"><value>J-729</value></Data>
      <Data name="target"><value>J-730</value></Data>
    </ExtendedData>
    <LineString>
      <coordinates>
        88.2795148,24.2540789
        88.2800282,24.2538483
      </coordinates>
    </LineString>
  </Placemark>
  <Placemark>
    <name>P-731</name>
    <ExtendedData>
      <Data name="id"><value>P-731</value></Data>
      <Data name="source"><value>J-729</value></Data>
      <Data name="target"><value>J-731</value></Data>
    </ExtendedData>
    <LineString>
      <coordinates>
        88.2795148,24.2540789
        88.2796701,24.2543398
      </coordinates>
    </LineString>
  </Placemark>
  <Placemark>
    <name>P-732</name>
    <ExtendedData>
      <Data name="id"><value>P-732</value></Data>
      <Data name="source"><value>J-731</value></Data>
      <Data name="target"><value>J-732</value></Data>
    </ExtendedData>
    <LineString>
      <coordinates>
        88.2796701,24.2543398
        88.2792179,24.2545647
      </coordinates>
    </LineString>
  </Placemark>
  <Placemark>
    <name>P-733</name>
    <ExtendedData>
      <Data name="id"><value>P-733</value></Data>
      <Data name="source"><value>J-732</value></Data>
      <Data name="target"><value>J-733</value></Data>
    </ExtendedData>
    <LineString>
      <coordinates>
        88.2792179,24.2545647
        88.2791352,24.2544053
      </coordinates>
    </LineString>
  </Placemark>
  <Placemark>
    <name>P-734</name>
    <ExtendedData>
      <Data name="id"><value>P-734</value></Data>
      <Data name="source"><value>J-733</value></Data>
      <Data name="target"><value>J-734</value></Data>
    </ExtendedData>
    <LineString>
      <coordinates>
        88.2791352,24.2544053
        88.2785754,24.2546529
      </coordinates>
    </LineString>
  </Placemark>
  <Placemark>
    <name>P-735</name>
    <ExtendedData>
      <Data name="id"><value>P-735</value></Data>
      <Data name="source"><value>J-733</value></Data>
      <Data name="target"><value>J-735</value></Data>
    </ExtendedData>
    <LineString>
      <coordinates>
        88.2791352,24.2544053
        88.2791285,24.2543881
        88.2788171,24.2540216
      </coordinates>
    </LineString>
  </Placemark>
  <Placemark>
    <name>P-736</name>
    <ExtendedData>
      <Data name="id"><value>P-736</value></Data>
      <Data name="source"><value>J-731</value></Data>
      <Data name="target"><value>J-736</value></Data>
    </ExtendedData>
    <LineString>
      <coordinates>
        88.2796701,24.2543398
        88.2797688,24.2545128
      </coordinates>
    </LineString>
  </Placemark>
  <Placemark>
    <name>P-737</name>
    <ExtendedData>
      <Data name="id"><value>P-737</value></Data>
      <Data name="source"><value>J-736</value></Data>
      <Data name="target"><value>J-737</value></Data>
    </ExtendedData>
    <LineString>
      <coordinates>
        88.2797688,24.2545128
        88.2793167,24.2547165
      </coordinates>
    </LineString>
  </Placemark>
  <Placemark>
    <name>P-738</name>
    <ExtendedData>
      <Data name="id"><value>P-738</value></Data>
      <Data name="source"><value>J-736</value></Data>
      <Data name="target"><value>J-738</value></Data>
    </ExtendedData>
    <LineString>
      <coordinates>
        88.2797688,24.2545128
        88.2801402,24.2551221
      </coordinates>
    </LineString>
  </Placemark>
  <Placemark>
    <name>P-739</name>
    <ExtendedData>
      <Data name="id"><value>P-739</value></Data>
      <Data name="source"><value>J-738</value></Data>
      <Data name="target"><value>J-739</value></Data>
    </ExtendedData>
    <LineString>
      <coordinates>
        88.2801402,24.2551221
        88.2803414,24.2549797
      </coordinates>
    </LineString>
  </Placemark>
  <Placemark>
    <name>P-740</name>
    <ExtendedData>
      <Data name="id"><value>P-740</value></Data>
      <Data name="source"><value>J-738</value></Data>
      <Data name="target"><value>J-740</value></Data>
    </ExtendedData>
    <LineString>
      <coordinates>
        88.2801402,24.2551221
        88.2799016,24.2552529
        88.280424,24.2562105
      </coordinates>
    </LineString>
  </Placemark>
  <Placemark>
    <name>P-741</name>
    <ExtendedData>
      <Data name="id"><value>P-741</value></Data>
      <Data name="source"><value>J-738</value></Data>
      <Data name="target"><value>J-741</value></Data>
    </ExtendedData>
    <LineString>
      <coordinates>
        88.2801402,24.2551221
        88.2804592,24.2556567
        88.2807093,24.2561085
      </coordinates>
    </LineString>
  </Placemark>
  <Placemark>
    <name>P-742</name>
    <ExtendedData>
      <Data name="id"><value>P-742</value></Data>
      <Data name="source"><value>J-741</value></Data>
      <Data name="target"><value>J-742</value></Data>
    </ExtendedData>
    <LineString>
      <coordinates>
        88.2807093,24.2561085
        88.2804555,24.2562141
      </coordinates>
    </LineString>
  </Placemark>
  <Placemark>
    <name>P-743</name>
    <ExtendedData>
      <Data name="id"><value>P-743</value></Data>
      <Data name="source"><value>J-741</value></Data>
      <Data name="target"><value>J-743</value></Data>
    </ExtendedData>
    <LineString>
      <coordinates>
        88.2807093,24.2561085
        88.2809069,24.2564672
      </coordinates>
    </LineString>
  </Placemark>
  <Placemark>
    <name>P-744</name>
    <ExtendedData>
      <Data name="id"><value>P-744</value></Data>
      <Data name="source"><value>J-743</value></Data>
      <Data name="target"><value>J-744</value></Data>
    </ExtendedData>
    <LineString>
      <coordinates>
        88.2809069,24.2564672
        88.2822611,24.2558066
      </coordinates>
    </LineString>
  </Placemark>
  <Placemark>
    <name>P-745</name>
    <ExtendedData>
      <Data name="id"><value>P-745</value></Data>
      <Data name="source"><value>J-744</value></Data>
      <Data name="target"><value>J-745</value></Data>
    </ExtendedData>
    <LineString>
      <coordinates>
        88.2822611,24.2558066
        88.282851,24.2555291
        88.2827076,24.2551464
      </coordinates>
    </LineString>
  </Placemark>
  <Placemark>
    <name>P-746</name>
    <ExtendedData>
      <Data name="id"><value>P-746</value></Data>
      <Data name="source"><value>J-744</value></Data>
      <Data name="target"><value>J-746</value></Data>
    </ExtendedData>
    <LineString>
      <coordinates>
        88.2822611,24.2558066
        88.2820551,24.2554282
        88.2826733,24.2551523
      </coordinates>
    </LineString>
  </Placemark>
  <Placemark>
    <name>P-753</name>
    <ExtendedData>
      <Data name="id"><value>P-753</value></Data>
      <Data name="source"><value>J-732</value></Data>
      <Data name="target"><value>J-753</value></Data>
    </ExtendedData>
    <LineString>
      <coordinates>
        88.2792179,24.2545647
        88.279425,24.25498
        88.2795885,24.2553959
      </coordinates>
    </LineString>
  </Placemark>
  <Placemark>
    <name>P-754</name>
    <ExtendedData>
      <Data name="id"><value>P-754</value></Data>
      <Data name="source"><value>J-753</value></Data>
      <Data name="target"><value>J-754</value></Data>
    </ExtendedData>
    <LineString>
      <coordinates>
        88.2795885,24.2553959
        88.2798829,24.2552566
      </coordinates>
    </LineString>
  </Placemark>
  <Placemark>
    <name>P-755</name>
    <ExtendedData>
      <Data name="id"><value>P-755</value></Data>
      <Data name="source"><value>J-753</value></Data>
      <Data name="target"><value>J-755</value></Data>
    </ExtendedData>
    <LineString>
      <coordinates>
        88.2795885,24.2553959
        88.279986,24.2563377
        88.2794661,24.2564979
        88.2795196,24.2567075
      </coordinates>
    </LineString>
  </Placemark>
  <Placemark>
    <name>P-819</name>
    <ExtendedData>
      <Data name="id"><value>P-819</value></Data>
      <Data name="source"><value>J-753</value></Data>
      <Data name="target"><value>J-819</value></Data>
    </ExtendedData>
    <LineString>
      <coordinates>
        88.2795885,24.2553959
        88.2790834,24.255588
      </coordinates>
    </LineString>
  </Placemark>
  <Placemark>
    <name>P-820</name>
    <ExtendedData>
      <Data name="id"><value>P-820</value></Data>
      <Data name="source"><value>J-819</value></Data>
      <Data name="target"><value>J-820</value></Data>
    </ExtendedData>
    <LineString>
      <coordinates>
        88.2790834,24.255588
        88.2791669,24.2558414
      </coordinates>
    </LineString>
  </Placemark>
  <Placemark>
    <name>P-821</name>
    <ExtendedData>
      <Data name="id"><value>P-821</value></Data>
      <Data name="source"><value>J-819</value></Data>
      <Data name="target"><value>J-821</value></Data>
    </ExtendedData>
    <LineString>
      <coordinates>
        88.2790834,24.255588
        88.2788556,24.255666
      </coordinates>
    </LineString>
  </Placemark>
  <Placemark>
    <name>P-822</name>
    <ExtendedData>
      <Data name="id"><value>P-822</value></Data>
      <Data name="source"><value>J-678</value></Data>
      <Data name="target"><value>J-822</value></Data>
    </ExtendedData>
    <LineString>
      <coordinates>
        88.2782946,24.2519789
        88.2780356,24.2524308
      </coordinates>
    </LineString>
  </Placemark>
  <Placemark>
    <name>P-823</name>
    <ExtendedData>
      <Data name="id"><value>P-823</value></Data>
      <Data name="source"><value>J-822</value></Data>
      <Data name="target"><value>J-823</value></Data>
    </ExtendedData>
    <LineString>
      <coordinates>
        88.2780356,24.2524308
        88.2781221,24.2524788
        88.2781961,24.2525523
        88.2782475,24.2526377
        88.2782661,24.2527233
      </coordinates>
    </LineString>
  </Placemark>
  <Placemark>
    <name>P-824</name>
    <ExtendedData>
      <Data name="id"><value>P-824</value></Data>
      <Data name="source"><value>J-822</value></Data>
      <Data name="target"><value>J-824</value></Data>
    </ExtendedData>
    <LineString>
      <coordinates>
        88.2780356,24.2524308
        88.2779834,24.2525124
        88.2779436,24.2525869
        88.2776025,24.253109
      </coordinates>
    </LineString>
  </Placemark>
  <Placemark>
    <name>P-825</name>
    <ExtendedData>
      <Data name="id"><value>P-825</value></Data>
      <Data name="source"><value>J-824</value></Data>
      <Data name="target"><value>J-825</value></Data>
    </ExtendedData>
    <LineString>
      <coordinates>
        88.2776025,24.253109
        88.2778025,24.2533855
        88.2781645,24.2539434
      </coordinates>
    </LineString>
  </Placemark>
  <Placemark>
    <name>P-826</name>
    <ExtendedData>
      <Data name="id"><value>P-826</value></Data>
      <Data name="source"><value>J-825</value></Data>
      <Data name="target"><value>J-826</value></Data>
    </ExtendedData>
    <LineString>
      <coordinates>
        88.2781645,24.2539434
        88.2780003,24.2540348
        88.2779566,24.254019
      </coordinates>
    </LineString>
  </Placemark>
  <Placemark>
    <name>P-827</name>
    <ExtendedData>
      <Data name="id"><value>P-827</value></Data>
      <Data name="source"><value>J-826</value></Data>
      <Data name="target"><value>J-827</value></Data>
    </ExtendedData>
    <LineString>
      <coordinates>
        88.2779566,24.254019
        88.2778256,24.2539707
        88.2776474,24.2538592
        88.2773217,24.2535664
      </coordinates>
    </LineString>
  </Placemark>
  <Placemark>
    <name>P-828</name>
    <ExtendedData>
      <Data name="id"><value>P-828</value></Data>
      <Data name="source"><value>J-826</value></Data>
      <Data name="target"><value>J-828</value></Data>
    </ExtendedData>
    <LineString>
      <coordinates>
        88.2779566,24.254019
        88.2778402,24.2543748
      </coordinates>
    </LineString>
  </Placemark>
  <Placemark>
    <name>P-829</name>
    <ExtendedData>
      <Data name="id"><value>P-829</value></Data>
      <Data name="source"><value>J-828</value></Data>
      <Data name="target"><value>J-829</value></Data>
    </ExtendedData>
    <LineString>
      <coordinates>
        88.2778402,24.2543748
        88.2782724,24.2545507
        88.2784433,24.2544914
      </coordinates>
    </LineString>
  </Placemark>
  <Placemark>
    <name>P-830</name>
    <ExtendedData>
      <Data name="id"><value>P-830</value></Data>
      <Data name="source"><value>J-828</value></Data>
      <Data name="target"><value>J-830</value></Data>
    </ExtendedData>
    <LineString>
      <coordinates>
        88.2778402,24.2543748
        88.2777725,24.2545549
        88.2774482,24.2544924
      </coordinates>
    </LineString>
  </Placemark>
  <Placemark>
    <name>P-831</name>
    <ExtendedData>
      <Data name="id"><value>P-831</value></Data>
      <Data name="source"><value>J-825</value></Data>
      <Data name="target"><value>J-831</value></Data>
    </ExtendedData>
    <LineString>
      <coordinates>
        88.2781645,24.2539434
        88.2784985,24.2545448
        88.2786685,24.2548586
        88.2786916,24.2549414
      </coordinates>
    </LineString>
  </Placemark>
  <Placemark>
    <name>P-832</name>
    <ExtendedData>
      <Data name="id"><value>P-832</value></Data>
      <Data name="source"><value>J-831</value></Data>
      <Data name="target"><value>J-832</value></Data>
    </ExtendedData>
    <LineString>
      <coordinates>
        88.2786916,24.2549414
        88.2790574,24.2548136
      </coordinates>
    </LineString>
  </Placemark>
  <Placemark>
    <name>P-833</name>
    <ExtendedData>
      <Data name="id"><value>P-833</value></Data>
      <Data name="source"><value>J-831</value></Data>
      <Data name="target"><value>J-833</value></Data>
    </ExtendedData>
    <LineString>
      <coordinates>
        88.2786916,24.2549414
        88.2787537,24.2552891
        88.2788807,24.2558559
      </coordinates>
    </LineString>
  </Placemark>
  <Placemark>
    <name>P-834</name>
    <ExtendedData>
      <Data name="id"><value>P-834</value></Data>
      <Data name="source"><value>J-833</value></Data>
      <Data name="target"><value>J-834</value></Data>
    </ExtendedData>
    <LineString>
      <coordinates>
        88.2788807,24.2558559
        88.278447,24.2559708
      </coordinates>
    </LineString>
  </Placemark>
  <Placemark>
    <name>P-835</name>
    <ExtendedData>
      <Data name="id"><value>P-835</value></Data>
      <Data name="source"><value>J-824</value></Data>
      <Data name="target"><value>J-835</value></Data>
    </ExtendedData>
    <LineString>
      <coordinates>
        88.2776025,24.253109
        88.2766244,24.2545831
      </coordinates>
    </LineString>
  </Placemark>
  <Placemark>
    <name>P-836</name>
    <ExtendedData>
      <Data name="id"><value>P-836</value></Data>
      <Data name="source"><value>J-835</value></Data>
      <Data name="target"><value>J-836</value></Data>
    </ExtendedData>
    <LineString>
      <coordinates>
        88.2766244,24.2545831
        88.2764707,24.2545256
        88.2763965,24.2545171
        88.2760661,24.2545606
      </coordinates>
    </LineString>
  </Placemark>
  <Placemark>
    <name>P-837</name>
    <ExtendedData>
      <Data name="id"><value>P-837</value></Data>
      <Data name="source"><value>J-835</value></Data>
      <Data name="target"><value>J-837</value></Data>
    </ExtendedData>
    <LineString>
      <coordinates>
        88.2766244,24.2545831
        88.2765115,24.2547843
      </coordinates>
    </LineString>
  </Placemark>
  <Placemark>
    <name>P-838</name>
    <ExtendedData>
      <Data name="id"><value>P-838</value></Data>
      <Data name="source"><value>J-837</value></Data>
      <Data name="target"><value>J-838</value></Data>
    </ExtendedData>
    <LineString>
      <coordinates>
        88.2765115,24.2547843
        88.2765884,24.2548949
        88.2766657,24.2550403
        88.276694,24.2550841
        88.2767578,24.2551415
        88.2768261,24.2551479
        88.2769647,24.255105
        88.2770351,24.2550674
      </coordinates>
    </LineString>
  </Placemark>
  <Placemark>
    <name>P-839</name>
    <ExtendedData>
      <Data name="id"><value>P-839</value></Data>
      <Data name="source"><value>J-837</value></Data>
      <Data name="target"><value>J-839</value></Data>
    </ExtendedData>
    <LineString>
      <coordinates>
        88.2765115,24.2547843
        88.2761892,24.2553569
        88.2761017,24.2556167
      </coordinates>
    </LineString>
  </Placemark>
  <Placemark>
    <name>P-840</name>
    <ExtendedData>
      <Data name="id"><value>P-840</value></Data>
      <Data name="source"><value>J-839</value></Data>
      <Data name="target"><value>J-840</value></Data>
    </ExtendedData>
    <LineString>
      <coordinates>
        88.2761017,24.2556167
        88.2763353,24.2557098
        88.2762976,24.2559906
        88.2763015,24.2561319
      </coordinates>
    </LineString>
  </Placemark>
  <Placemark>
    <name>P-841</name>
    <ExtendedData>
      <Data name="id"><value>P-841</value></Data>
      <Data name="source"><value>J-839</value></Data>
      <Data name="target"><value>J-841</value></Data>
    </ExtendedData>
    <LineString>
      <coordinates>
        88.2761017,24.2556167
        88.2760795,24.2556409
        88.276075,24.2556897
      </coordinates>
    </LineString>
  </Placemark>
  <Placemark>
    <name>P-842</name>
    <ExtendedData>
      <Data name="id"><value>P-842</value></Data>
      <Data name="source"><value>J-841</value></Data>
      <Data name="target"><value>J-842</value></Data>
    </ExtendedData>
    <LineString>
      <coordinates>
        88.276075,24.2556897
        88.2759401,24.256493
      </coordinates>
    </LineString>
  </Placemark>
  <Placemark>
    <name>P-843</name>
    <ExtendedData>
      <Data name="id"><value>P-843</value></Data>
      <Data name="source"><value>J-842</value></Data>
      <Data name="target"><value>J-843</value></Data>
    </ExtendedData>
    <LineString>
      <coordinates>
        88.2759401,24.256493
        88.2764879,24.2564522
      </coordinates>
    </LineString>
  </Placemark>
  <Placemark>
    <name>P-844</name>
    <ExtendedData>
      <Data name="id"><value>P-844</value></Data>
      <Data name="source"><value>J-842</value></Data>
      <Data name="target"><value>J-844</value></Data>
    </ExtendedData>
    <LineString>
      <coordinates>
        88.2759401,24.256493
        88.2757362,24.2577836
        88.2756928,24.2580611
      </coordinates>
    </LineString>
  </Placemark>
  <Placemark>
    <name>P-877</name>
    <ExtendedData>
      <Data name="id"><value>P-877</value></Data>
      <Data name="source"><value>J-841</value></Data>
      <Data name="target"><value>J-877</value></Data>
    </ExtendedData>
    <LineString>
      <coordinates>
        88.276075,24.2556897
        88.2752777,24.2557258
        88.2752019,24.2557299
      </coordinates>
    </LineString>
  </Placemark>
  <Placemark>
    <name>P-878</name>
    <ExtendedData>
      <Data name="id"><value>P-878</value></Data>
      <Data name="source"><value>J-678</value></Data>
      <Data name="target"><value>J-878</value></Data>
    </ExtendedData>
    <LineString>
      <coordinates>
        88.2782946,24.2519789
        88.2777605,24.2513245
        88.2776888,24.2511977
      </coordinates>
    </LineString>
  </Placemark>
  <Placemark>
    <name>P-879</name>
    <ExtendedData>
      <Data name="id"><value>P-879</value></Data>
      <Data name="source"><value>J-878</value></Data>
      <Data name="target"><value>J-879</value></Data>
    </ExtendedData>
    <LineString>
      <coordinates>
        88.2776888,24.2511977
        88.2775995,24.2512198
      </coordinates>
    </LineString>
  </Placemark>
  <Placemark>
    <name>P-880</name>
    <ExtendedData>
      <Data name="id"><value>P-880</value></Data>
      <Data name="source"><value>J-879</value></Data>
      <Data name="target"><value>J-880</value></Data>
    </ExtendedData>
    <LineString>
      <coordinates>
        88.2775995,24.2512198
        88.2774191,24.2515153
        88.2775155,24.2515786
        88.2775207,24.2515797
        88.2772862,24.2519961
      </coordinates>
    </LineString>
  </Placemark>
  <Placemark>
    <name>P-881</name>
    <ExtendedData>
      <Data name="id"><value>P-881</value></Data>
      <Data name="source"><value>J-880</value></Data>
      <Data name="target"><value>J-881</value></Data>
    </ExtendedData>
    <LineString>
      <coordinates>
        88.2772862,24.2519961
        88.277567,24.2521167
      </coordinates>
    </LineString>
  </Placemark>
  <Placemark>
    <name>P-882</name>
    <ExtendedData>
      <Data name="id"><value>P-882</value></Data>
      <Data name="source"><value>J-880</value></Data>
      <Data name="target"><value>J-882</value></Data>
    </ExtendedData>
    <LineString>
      <coordinates>
        88.2772862,24.2519961
        88.277011,24.2518699
        88.2766199,24.2519117
      </coordinates>
    </LineString>
  </Placemark>
  <Placemark>
    <name>P-883</name>
    <ExtendedData>
      <Data name="id"><value>P-883</value></Data>
      <Data name="source"><value>J-880</value></Data>
      <Data name="target"><value>J-883</value></Data>
    </ExtendedData>
    <LineString>
      <coordinates>
        88.2772862,24.2519961
        88.27724,24.2520844
      </coordinates>
    </LineString>
  </Placemark>
  <Placemark>
    <name>P-884</name>
    <ExtendedData>
      <Data name="id"><value>P-884</value></Data>
      <Data name="source"><value>J-883</value></Data>
      <Data name="target"><value>J-884</value></Data>
    </ExtendedData>
    <LineString>
      <coordinates>
        88.27724,24.2520844
        88.2779779,24.2524779
      </coordinates>
    </LineString>
  </Placemark>
  <Placemark>
    <name>P-885</name>
    <ExtendedData>
      <Data name="id"><value>P-885</value></Data>
      <Data name="source"><value>J-883</value></Data>
      <Data name="target"><value>J-885</value></Data>
    </ExtendedData>
    <LineString>
      <coordinates>
        88.27724,24.2520844
        88.2771358,24.2523368
        88.2771208,24.2523618
      </coordinates>
    </LineString>
  </Placemark>
  <Placemark>
    <name>P-886</name>
    <ExtendedData>
      <Data name="id"><value>P-886</value></Data>
      <Data name="source"><value>J-885</value></Data>
      <Data name="target"><value>J-886</value></Data>
    </ExtendedData>
    <LineString>
      <coordinates>
        88.2771208,24.2523618
        88.277348,24.2524672
      </coordinates>
    </LineString>
  </Placemark>
  <Placemark>
    <name>P-887</name>
    <ExtendedData>
      <Data name="id"><value>P-887</value></Data>
      <Data name="source"><value>J-885</value></Data>
      <Data name="target"><value>J-887</value></Data>
    </ExtendedData>
    <LineString>
      <coordinates>
        88.2771208,24.2523618
        88.2767827,24.2522804
      </coordinates>
    </LineString>
  </Placemark>
  <Placemark>
    <name>P-888</name>
    <ExtendedData>
      <Data name="id"><value>P-888</value></Data>
      <Data name="source"><value>J-885</value></Data>
      <Data name="target"><value>J-888</value></Data>
    </ExtendedData>
    <LineString>
      <coordinates>
        88.2771208,24.2523618
        88.2769313,24.2527613
      </coordinates>
    </LineString>
  </Placemark>
  <Placemark>
    <name>P-889</name>
    <ExtendedData>
      <Data name="id"><value>P-889</value></Data>
      <Data name="source"><value>J-888</value></Data>
      <Data name="target"><value>J-889</value></Data>
    </ExtendedData>
    <LineString>
      <coordinates>
        88.2769313,24.2527613
        88.2763897,24.2526815
      </coordinates>
    </LineString>
  </Placemark>
  <Placemark>
    <name>P-890</name>
    <ExtendedData>
      <Data name="id"><value>P-890</value></Data>
      <Data name="source"><value>J-888</value></Data>
      <Data name="target"><value>J-890</value></Data>
    </ExtendedData>
    <LineString>
      <coordinates>
        88.2769313,24.2527613
        88.2772916,24.2528847
        88.2776629,24.252992
      </coordinates>
    </LineString>
  </Placemark>
  <Placemark>
    <name>P-891</name>
    <ExtendedData>
      <Data name="id"><value>P-891</value></Data>
      <Data name="source"><value>J-888</value></Data>
      <Data name="target"><value>J-891</value></Data>
    </ExtendedData>
    <LineString>
      <coordinates>
        88.2769313,24.2527613
        88.2767633,24.2531155
      </coordinates>
    </LineString>
  </Placemark>
  <Placemark>
    <name>P-892</name>
    <ExtendedData>
      <Data name="id"><value>P-892</value></Data>
      <Data name="source"><value>J-891</value></Data>
      <Data name="target"><value>J-892</value></Data>
    </ExtendedData>
    <LineString>
      <coordinates>
        88.2767633,24.2531155
        88.2769155,24.2531766
      </coordinates>
    </LineString>
  </Placemark>
  <Placemark>
    <name>P-893</name>
    <ExtendedData>
      <Data name="id"><value>P-893</value></Data>
      <Data name="source"><value>J-891</value></Data>
      <Data name="target"><value>J-893</value></Data>
    </ExtendedData>
    <LineString>
      <coordinates>
        88.2767633,24.2531155
        88.2766128,24.2530644
        88.2764335,24.2530547
      </coordinates>
    </LineString>
  </Placemark>
  <Placemark>
    <name>P-894</name>
    <ExtendedData>
      <Data name="id"><value>P-894</value></Data>
      <Data name="source"><value>J-891</value></Data>
      <Data name="target"><value>J-894</value></Data>
    </ExtendedData>
    <LineString>
      <coordinates>
        88.2767633,24.2531155
        88.2767401,24.253161
        88.2766505,24.2534808
      </coordinates>
    </LineString>
  </Placemark>
  <Placemark>
    <name>P-895</name>
    <ExtendedData>
      <Data name="id"><value>P-895</value></Data>
      <Data name="source"><value>J-894</value></Data>
      <Data name="target"><value>J-895</value></Data>
    </ExtendedData>
    <LineString>
      <coordinates>
        88.2766505,24.2534808
        88.2771625,24.2537233
      </coordinates>
    </LineString>
  </Placemark>
  <Placemark>
    <name>P-896</name>
    <ExtendedData>
      <Data name="id"><value>P-896</value></Data>
      <Data name="source"><value>J-894</value></Data>
      <Data name="target"><value>J-896</value></Data>
    </ExtendedData>
    <LineString>
      <coordinates>
        88.2766505,24.2534808
        88.2764792,24.2534224
      </coordinates>
    </LineString>
  </Placemark>
  <Placemark>
    <name>P-897</name>
    <ExtendedData>
      <Data name="id"><value>P-897</value></Data>
      <Data name="source"><value>J-879</value></Data>
      <Data name="target"><value>J-897</value></Data>
    </ExtendedData>
    <LineString>
      <coordinates>
        88.2775995,24.2512198
        88.2774854,24.2512278
      </coordinates>
    </LineString>
  </Placemark>
  <Placemark>
    <name>P-898</name>
    <ExtendedData>
      <Data name="id"><value>P-898</value></Data>
      <Data name="source"><value>J-897</value></Data>
      <Data name="target"><value>J-898</value></Data>
    </ExtendedData>
    <LineString>
      <coordinates>
        88.2774854,24.2512278
        88.2772893,24.2515217
        88.2774636,24.2516374
      </coordinates>
    </LineString>
  </Placemark>
  <Placemark>
    <name>P-899</name>
    <ExtendedData>
      <Data name="id"><value>P-899</value></Data>
      <Data name="source"><value>J-897</value></Data>
      <Data name="target"><value>J-899</value></Data>
    </ExtendedData>
    <LineString>
      <coordinates>
        88.2774854,24.2512278
        88.2773882,24.2512468
        88.2770537,24.2512573
      </coordinates>
    </LineString>
  </Placemark>
  <Placemark>
    <name>P-900</name>
    <ExtendedData>
      <Data name="id"><value>P-900</value></Data>
      <Data name="source"><value>J-899</value></Data>
      <Data name="target"><value>J-900</value></Data>
    </ExtendedData>
    <LineString>
      <coordinates>
        88.2770537,24.2512573
        88.2771412,24.2515373
      </coordinates>
    </LineString>
  </Placemark>
  <Placemark>
    <name>P-901</name>
    <ExtendedData>
      <Data name="id"><value>P-901</value></Data>
      <Data name="source"><value>J-899</value></Data>
      <Data name="target"><value>J-901</value></Data>
    </ExtendedData>
    <LineString>
      <coordinates>
        88.2770537,24.2512573
        88.276797,24.2512576
      </coordinates>
    </LineString>
  </Placemark>
  <Placemark>
    <name>P-902</name>
    <ExtendedData>
      <Data name="id"><value>P-902</value></Data>
      <Data name="source"><value>J-901</value></Data>
      <Data name="target"><value>J-902</value></Data>
    </ExtendedData>
    <LineString>
      <coordinates>
        88.276797,24.2512576
        88.2768566,24.2515296
      </coordinates>
    </LineString>
  </Placemark>
  <Placemark>
    <name>P-903</name>
    <ExtendedData>
      <Data name="id"><value>P-903</value></Data>
      <Data name="source"><value>J-901</value></Data>
      <Data name="target"><value>J-903</value></Data>
    </ExtendedData>
    <LineString>
      <coordinates>
        88.276797,24.2512576
        88.2762287,24.2512532
      </coordinates>
    </LineString>
  </Placemark>
  <Placemark>
    <name>P-904</name>
    <ExtendedData>
      <Data name="id"><value>P-904</value></Data>
      <Data name="source"><value>J-903</value></Data>
      <Data name="target"><value>J-904</value></Data>
    </ExtendedData>
    <LineString>
      <coordinates>
        88.2762287,24.2512532
        88.2763002,24.2509536
      </coordinates>
    </LineString>
  </Placemark>
  <Placemark>
    <name>P-905</name>
    <ExtendedData>
      <Data name="id"><value>P-905</value></Data>
      <Data name="source"><value>J-903</value></Data>
      <Data name="target"><value>J-905</value></Data>
    </ExtendedData>
    <LineString>
      <coordinates>
        88.2762287,24.2512532
        88.2761351,24.2512528
      </coordinates>
    </LineString>
  </Placemark>
  <Placemark>
    <name>P-906</name>
    <ExtendedData>
      <Data name="id"><value>P-906</value></Data>
      <Data name="source"><value>J-905</value></Data>
      <Data name="target"><value>J-906</value></Data>
    </ExtendedData>
    <LineString>
      <coordinates>
        88.2761351,24.2512528
        88.2761986,24.2516236
      </coordinates>
    </LineString>
  </Placemark>
  <Placemark>
    <name>P-907</name>
    <ExtendedData>
      <Data name="id"><value>P-907</value></Data>
      <Data name="source"><value>J-906</value></Data>
      <Data name="target"><value>J-907</value></Data>
    </ExtendedData>
    <LineString>
      <coordinates>
        88.2761986,24.2516236
        88.2757804,24.2516716
        88.2757115,24.2512549
      </coordinates>
    </LineString>
  </Placemark>
  <Placemark>
    <name>P-908</name>
    <ExtendedData>
      <Data name="id"><value>P-908</value></Data>
      <Data name="source"><value>J-906</value></Data>
      <Data name="target"><value>J-908</value></Data>
    </ExtendedData>
    <LineString>
      <coordinates>
        88.2761986,24.2516236
        88.2762632,24.2520294
      </coordinates>
    </LineString>
  </Placemark>
  <Placemark>
    <name>P-909</name>
    <ExtendedData>
      <Data name="id"><value>P-909</value></Data>
      <Data name="source"><value>J-908</value></Data>
      <Data name="target"><value>J-909</value></Data>
    </ExtendedData>
    <LineString>
      <coordinates>
        88.2762632,24.2520294
        88.2766322,24.2519636
        88.2766247,24.2519333
      </coordinates>
    </LineString>
  </Placemark>
  <Placemark>
    <name>P-910</name>
    <ExtendedData>
      <Data name="id"><value>P-910</value></Data>
      <Data name="source"><value>J-908</value></Data>
      <Data name="target"><value>J-910</value></Data>
    </ExtendedData>
    <LineString>
      <coordinates>
        88.2762632,24.2520294
        88.2762791,24.2520663
      </coordinates>
    </LineString>
  </Placemark>
  <Placemark>
    <name>P-911</name>
    <ExtendedData>
      <Data name="id"><value>P-911</value></Data>
      <Data name="source"><value>J-910</value></Data>
      <Data name="target"><value>J-911</value></Data>
    </ExtendedData>
    <LineString>
      <coordinates>
        88.2762791,24.2520663
        88.2757971,24.2522049
      </coordinates>
    </LineString>
  </Placemark>
  <Placemark>
    <name>P-912</name>
    <ExtendedData>
      <Data name="id"><value>P-912</value></Data>
      <Data name="source"><value>J-910</value></Data>
      <Data name="target"><value>J-912</value></Data>
    </ExtendedData>
    <LineString>
      <coordinates>
        88.2762791,24.2520663
        88.2762995,24.2522261
        88.2763145,24.2523118
      </coordinates>
    </LineString>
  </Placemark>
  <Placemark>
    <name>P-913</name>
    <ExtendedData>
      <Data name="id"><value>P-913</value></Data>
      <Data name="source"><value>J-912</value></Data>
      <Data name="target"><value>J-913</value></Data>
    </ExtendedData>
    <LineString>
      <coordinates>
        88.2763145,24.2523118
        88.2767599,24.2522807
      </coordinates>
    </LineString>
  </Placemark>
  <Placemark>
    <name>P-914</name>
    <ExtendedData>
      <Data name="id"><value>P-914</value></Data>
      <Data name="source"><value>J-912</value></Data>
      <Data name="target"><value>J-914</value></Data>
    </ExtendedData>
    <LineString>
      <coordinates>
        88.2763145,24.2523118
        88.2763979,24.2528274
        88.2764401,24.2533211
        88.2764566,24.2534095
        88.276355,24.253446
        88.2760542,24.253727
      </coordinates>
    </LineString>
  </Placemark>
  <Placemark>
    <name>P-915</name>
    <ExtendedData>
      <Data name="id"><value>P-915</value></Data>
      <Data name="source"><value>J-914</value></Data>
      <Data name="target"><value>J-915</value></Data>
    </ExtendedData>
    <LineString>
      <coordinates>
        88.2760542,24.253727
        88.2761577,24.253937
        88.2762618,24.2539871
        88.2768502,24.254184
      </coordinates>
    </LineString>
  </Placemark>
  <Placemark>
    <name>P-916</name>
    <ExtendedData>
      <Data name="id"><value>P-916</value></Data>
      <Data name="source"><value>J-914</value></Data>
      <Data name="target"><value>J-916</value></Data>
    </ExtendedData>
    <LineString>
      <coordinates>
        88.2760542,24.253727
        88.2760024,24.2535737
        88.2759395,24.2534983
      </coordinates>
    </LineString>
  </Placemark>
  <Placemark>
    <name>P-917</name>
    <ExtendedData>
      <Data name="id"><value>P-917</value></Data>
      <Data name="source"><value>J-914</value></Data>
      <Data name="target"><value>J-917</value></Data>
    </ExtendedData>
    <LineString>
      <coordinates>
        88.2760542,24.253727
        88.2757516,24.2539838
      </coordinates>
    </LineString>
  </Placemark>
  <Placemark>
    <name>P-918</name>
    <ExtendedData>
      <Data name="id"><value>P-918</value></Data>
      <Data name="source"><value>J-917</value></Data>
      <Data name="target"><value>J-918</value></Data>
    </ExtendedData>
    <LineString>
      <coordinates>
        88.2757516,24.2539838
        88.2755769,24.253831
        88.2754662,24.2537637
        88.2753723,24.2536013
      </coordinates>
    </LineString>
  </Placemark>
  <Placemark>
    <name>P-919</name>
    <ExtendedData>
      <Data name="id"><value>P-919</value></Data>
      <Data name="source"><value>J-917</value></Data>
      <Data name="target"><value>J-919</value></Data>
    </ExtendedData>
    <LineString>
      <coordinates>
        88.2757516,24.2539838
        88.2753394,24.2543689
      </coordinates>
    </LineString>
  </Placemark>
  <Placemark>
    <name>P-920</name>
    <ExtendedData>
      <Data name="id"><value>P-920</value></Data>
      <Data name="source"><value>J-919</value></Data>
      <Data name="target"><value>J-920</value></Data>
    </ExtendedData>
    <LineString>
      <coordinates>
        88.2753394,24.2543689
        88.275165,24.2539179
        88.2750325,24.2536204
        88.2749877,24.2535855
        88.2748782,24.2535549
        88.2748514,24.2535051
        88.274797,24.2533275
      </coordinates>
    </LineString>
  </Placemark>
  <Placemark>
    <name>P-921</name>
    <ExtendedData>
      <Data name="id"><value>P-921</value></Data>
      <Data name="source"><value>J-919</value></Data>
      <Data name="target"><value>J-921</value></Data>
    </ExtendedData>
    <LineString>
      <coordinates>
        88.2753394,24.2543689
        88.2750866,24.2546116
        88.275035,24.2546721
      </coordinates>
    </LineString>
  </Placemark>
  <Placemark>
    <name>P-922</name>
    <ExtendedData>
      <Data name="id"><value>P-922</value></Data>
      <Data name="source"><value>J-921</value></Data>
      <Data name="target"><value>J-922</value></Data>
    </ExtendedData>
    <LineString>
      <coordinates>
        88.275035,24.2546721
        88.2750147,24.2546304
        88.2749887,24.2545942
        88.2748374,24.2546289
        88.2747556,24.2543934
      </coordinates>
    </LineString>
  </Placemark>
  <Placemark>
    <name>P-923</name>
    <ExtendedData>
      <Data name="id"><value>P-923</value></Data>
      <Data name="source"><value>J-921</value></Data>
      <Data name="target"><value>J-923</value></Data>
    </ExtendedData>
    <LineString>
      <coordinates>
        88.275035,24.2546721
        88.2750754,24.2550698
      </coordinates>
    </LineString>
  </Placemark>
  <Placemark>
    <name>P-924</name>
    <ExtendedData>
      <Data name="id"><value>P-924</value></Data>
      <Data name="source"><value>J-923</value></Data>
      <Data name="target"><value>J-924</value></Data>
    </ExtendedData>
    <LineString>
      <coordinates>
        88.2750754,24.2550698
        88.275179,24.2557155
      </coordinates>
    </LineString>
  </Placemark>
  <Placemark>
    <name>P-925</name>
    <ExtendedData>
      <Data name="id"><value>P-925</value></Data>
      <Data name="source"><value>J-923</value></Data>
      <Data name="target"><value>J-925</value></Data>
    </ExtendedData>
    <LineString>
      <coordinates>
        88.2750754,24.2550698
        88.2743663,24.2552446
      </coordinates>
    </LineString>
  </Placemark>
  <Placemark>
    <name>P-926</name>
    <ExtendedData>
      <Data name="id"><value>P-926</value></Data>
      <Data name="source"><value>J-925</value></Data>
      <Data name="target"><value>J-926</value></Data>
    </ExtendedData>
    <LineString>
      <coordinates>
        88.2743663,24.2552446
        88.2744321,24.2553494
        88.2745889,24.2558228
      </coordinates>
    </LineString>
  </Placemark>
  <Placemark>
    <name>P-927</name>
    <ExtendedData>
      <Data name="id"><value>P-927</value></Data>
      <Data name="source"><value>J-926</value></Data>
      <Data name="target"><value>J-927</value></Data>
    </ExtendedData>
    <LineString>
      <coordinates>
        88.2745889,24.2558228
        88.2751642,24.2557423
      </coordinates>
    </LineString>
  </Placemark>
  <Placemark>
    <name>P-928</name>
    <ExtendedData>
      <Data name="id"><value>P-928</value></Data>
      <Data name="source"><value>J-926</value></Data>
      <Data name="target"><value>J-928</value></Data>
    </ExtendedData>
    <LineString>
      <coordinates>
        88.2745889,24.2558228
        88.274783,24.2564047
      </coordinates>
    </LineString>
  </Placemark>
  <Placemark>
    <name>P-929</name>
    <ExtendedData>
      <Data name="id"><value>P-929</value></Data>
      <Data name="source"><value>J-926</value></Data>
      <Data name="target"><value>J-929</value></Data>
    </ExtendedData>
    <LineString>
      <coordinates>
        88.2745889,24.2558228
        88.2744215,24.2558538
        88.2742459,24.2558961
        88.2737149,24.2559969
      </coordinates>
    </LineString>
  </Placemark>
  <Placemark>
    <name>P-930</name>
    <ExtendedData>
      <Data name="id"><value>P-930</value></Data>
      <Data name="source"><value>J-925</value></Data>
      <Data name="target"><value>J-930</value></Data>
    </ExtendedData>
    <LineString>
      <coordinates>
        88.2743663,24.2552446
        88.2740529,24.2553251
        88.2737021,24.2554514
        88.2732823,24.2555392
      </coordinates>
    </LineString>
  </Placemark>
  <Placemark>
    <name>P-931</name>
    <ExtendedData>
      <Data name="id"><value>P-931</value></Data>
      <Data name="source"><value>J-930</value></Data>
      <Data name="target"><value>J-931</value></Data>
    </ExtendedData>
    <LineString>
      <coordinates>
        88.2732823,24.2555392
        88.2731501,24.2552096
      </coordinates>
    </LineString>
  </Placemark>
  <Placemark>
    <name>P-932</name>
    <ExtendedData>
      <Data name="id"><value>P-932</value></Data>
      <Data name="source"><value>J-930</value></Data>
      <Data name="target"><value>J-932</value></Data>
    </ExtendedData>
    <LineString>
      <coordinates>
        88.2732823,24.2555392
        88.2730026,24.2555995
        88.2729513,24.2556414
        88.272939,24.2557092
        88.272935,24.2558799
        88.2729148,24.2560664
      </coordinates>
    </LineString>
  </Placemark>
  <Placemark>
    <name>P-933</name>
    <ExtendedData>
      <Data name="id"><value>P-933</value></Data>
      <Data name="source"><value>J-932</value></Data>
      <Data name="target"><value>J-933</value></Data>
    </ExtendedData>
    <LineString>
      <coordinates>
        88.2729148,24.2560664
        88.2731273,24.2560801
        88.2734276,24.2560752
        88.273672,24.2560037
      </coordinates>
    </LineString>
  </Placemark>
  <Placemark>
    <name>P-934</name>
    <ExtendedData>
      <Data name="id"><value>P-934</value></Data>
      <Data name="source"><value>J-932</value></Data>
      <Data name="target"><value>J-934</value></Data>
    </ExtendedData>
    <LineString>
      <coordinates>
        88.2729148,24.2560664
        88.2728086,24.2560543
        88.2725218,24.2561136
        88.2724508,24.2561344
        88.272321,24.2561409
      </coordinates>
    </LineString>
  </Placemark>
  <Placemark>
    <name>P-935</name>
    <ExtendedData>
      <Data name="id"><value>P-935</value></Data>
      <Data name="source"><value>J-934</value></Data>
      <Data name="target"><value>J-935</value></Data>
    </ExtendedData>
    <LineString>
      <coordinates>
        88.272321,24.2561409
        88.2722829,24.2557911
      </coordinates>
    </LineString>
  </Placemark>
  <Placemark>
    <name>P-936</name>
    <ExtendedData>
      <Data name="id"><value>P-936</value></Data>
      <Data name="source"><value>J-934</value></Data>
      <Data name="target"><value>J-936</value></Data>
    </ExtendedData>
    <LineString>
      <coordinates>
        88.272321,24.2561409
        88.2722617,24.2561405
        88.2721833,24.2561946
      </coordinates>
    </LineString>
  </Placemark>
  <Placemark>
    <name>P-937</name>
    <ExtendedData>
      <Data name="id"><value>P-937</value></Data>
      <Data name="source"><value>J-936</value></Data>
      <Data name="target"><value>J-937</value></Data>
    </ExtendedData>
    <LineString>
      <coordinates>
        88.2721833,24.2561946
        88.272063,24.2561625
        88.271866,24.2561708
      </coordinates>
    </LineString>
  </Placemark>
  <Placemark>
    <name>P-938</name>
    <ExtendedData>
      <Data name="id"><value>P-938</value></Data>
      <Data name="source"><value>J-937</value></Data>
      <Data name="target"><value>J-938</value></Data>
    </ExtendedData>
    <LineString>
      <coordinates>
        88.271866,24.2561708
        88.271762,24.2556776
      </coordinates>
    </LineString>
  </Placemark>
  <Placemark>
    <name>P-939</name>
    <ExtendedData>
      <Data name="id"><value>P-939</value></Data>
      <Data name="source"><value>J-937</value></Data>
      <Data name="target"><value>J-939</value></Data>
    </ExtendedData>
    <LineString>
      <coordinates>
        88.271866,24.2561708
        88.271506,24.2562269
      </coordinates>
    </LineString>
  </Placemark>
  <Placemark>
    <name>P-940</name>
    <ExtendedData>
      <Data name="id"><value>P-940</value></Data>
      <Data name="source"><value>J-936</value></Data>
      <Data name="target"><value>J-940</value></Data>
    </ExtendedData>
    <LineString>
      <coordinates>
        88.2721833,24.2561946
        88.2721923,24.2564106
        88.2721828,24.256433
      </coordinates>
    </LineString>
  </Placemark>
  <Placemark>
    <name>P-941</name>
    <ExtendedData>
      <Data name="id"><value>P-941</value></Data>
      <Data name="source"><value>J-940</value></Data>
      <Data name="target"><value>J-941</value></Data>
    </ExtendedData>
    <LineString>
      <coordinates>
        88.2721828,24.256433
        88.272304,24.2564706
        88.2724018,24.256538
        88.2724673,24.256622
        88.2725722,24.2569163
      </coordinates>
    </LineString>
  </Placemark>
  <Placemark>
    <name>P-942</name>
    <ExtendedData>
      <Data name="id"><value>P-942</value></Data>
      <Data name="source"><value>J-940</value></Data>
      <Data name="target"><value>J-942</value></Data>
    </ExtendedData>
    <LineString>
      <coordinates>
        88.2721828,24.256433
        88.2721645,24.256465
        88.2720894,24.256515
        88.2715707,24.256589
        88.2715178,24.2565597
        88.2714352,24.256388
      </coordinates>
    </LineString>
  </Placemark>
  <Placemark>
    <name>P-943</name>
    <ExtendedData>
      <Data name="id"><value>P-943</value></Data>
      <Data name="source"><value>J-942</value></Data>
      <Data name="target"><value>J-943</value></Data>
    </ExtendedData>
    <LineString>
      <coordinates>
        88.2714352,24.256388
        88.2713965,24.2563642
        88.2712792,24.2563614
        88.2710009,24.2564454
        88.2708756,24.2564575
        88.2708145,24.2564154
        88.2706266,24.256035
      </coordinates>
    </LineString>
  </Placemark>
  <Placemark>
    <name>P-944</name>
    <ExtendedData>
      <Data name="id"><value>P-944</value></Data>
      <Data name="source"><value>J-943</value></Data>
      <Data name="target"><value>J-944</value></Data>
    </ExtendedData>
    <LineString>
      <coordinates>
        88.2706266,24.256035
        88.2704784,24.255691
        88.2704304,24.2556298
        88.2703273,24.2555944
        88.2701375,24.2555779
        88.2699835,24.2555828
        88.269826,24.2556348
        88.2697569,24.255617
      </coordinates>
    </LineString>
  </Placemark>
  <Placemark>
    <name>P-945</name>
    <ExtendedData>
      <Data name="id"><value>P-945</value></Data>
      <Data name="source"><value>J-905</value></Data>
      <Data name="target"><value>J-945</value></Data>
    </ExtendedData>
    <LineString>
      <coordinates>
        88.2761351,24.2512528
        88.2757512,24.2512275
        88.2756751,24.2512281
      </coordinates>
    </LineString>
  </Placemark>
  <Placemark>
    <name>P-946</name>
    <ExtendedData>
      <Data name="id"><value>P-946</value></Data>
      <Data name="source"><value>J-945</value></Data>
      <Data name="target"><value>J-946</value></Data>
    </ExtendedData>
    <LineString>
      <coordinates>
        88.2756751,24.2512281
        88.2752635,24.251253
        88.2745242,24.2513541
      </coordinates>
    </LineString>
  </Placemark>
  <Placemark>
    <name>P-947</name>
    <ExtendedData>
      <Data name="id"><value>P-947</value></Data>
      <Data name="source"><value>J-946</value></Data>
      <Data name="target"><value>J-947</value></Data>
    </ExtendedData>
    <LineString>
      <coordinates>
        88.2745242,24.2513541
        88.2745202,24.2510767
        88.2745815,24.2507368
        88.2745742,24.2506108
        88.2745431,24.2505406
        88.2745065,24.2505186
      </coordinates>
    </LineString>
  </Placemark>
  <Placemark>
    <name>P-948</name>
    <ExtendedData>
      <Data name="id"><value>P-948</value></Data>
      <Data name="source"><value>J-947</value></Data>
      <Data name="target"><value>J-948</value></Data>
    </ExtendedData>
    <LineString>
      <coordinates>
        88.2745065,24.2505186
        88.2743888,24.2502898
        88.2741815,24.2501704
        88.2739869,24.2500816
      </coordinates>
    </LineString>
  </Placemark>
  <Placemark>
    <name>P-949</name>
    <ExtendedData>
      <Data name="id"><value>P-949</value></Data>
      <Data name="source"><value>J-948</value></Data>
      <Data name="target"><value>J-949</value></Data>
    </ExtendedData>
    <LineString>
      <coordinates>
        88.2739869,24.2500816
        88.2735238,24.2499849
      </coordinates>
    </LineString>
  </Placemark>
  <Placemark>
    <name>P-950</name>
    <ExtendedData>
      <Data name="id"><value>P-950</value></Data>
      <Data name="source"><value>J-947</value></Data>
      <Data name="target"><value>J-950</value></Data>
    </ExtendedData>
    <LineString>
      <coordinates>
        88.2745065,24.2505186
        88.2744525,24.2505014
        88.2743077,24.2505157
        88.2742338,24.2505068
        88.2741666,24.2505133
      </coordinates>
    </LineString>
  </Placemark>
  <Placemark>
    <name>P-951</name>
    <ExtendedData>
      <Data name="id"><value>P-951</value></Data>
      <Data name="source"><value>J-950</value></Data>
      <Data name="target"><value>J-951</value></Data>
    </ExtendedData>
    <LineString>
      <coordinates>
        88.2741666,24.2505133
        88.2741765,24.2503411
        88.2741279,24.2502703
        88.2741133,24.2502277
        88.2741091,24.250204
      </coordinates>
    </LineString>
  </Placemark>
  <Placemark>
    <name>P-952</name>
    <ExtendedData>
      <Data name="id"><value>P-952</value></Data>
      <Data name="source"><value>J-951</value></Data>
      <Data name="target"><value>J-952</value></Data>
    </ExtendedData>
    <LineString>
      <coordinates>
        88.2741091,24.250204
        88.2741141,24.2501577
      </coordinates>
    </LineString>
  </Placemark>
  <Placemark>
    <name>P-953</name>
    <ExtendedData>
      <Data name="id"><value>P-953</value></Data>
      <Data name="source"><value>J-951</value></Data>
      <Data name="target"><value>J-953</value></Data>
    </ExtendedData>
    <LineString>
      <coordinates>
        88.2741091,24.250204
        88.2739255,24.2502006
        88.2738793,24.2502245
        88.2738539,24.2502513
        88.2738169,24.250279
        88.273259,24.250171
      </coordinates>
    </LineString>
  </Placemark>
  <Placemark>
    <name>P-954</name>
    <ExtendedData>
      <Data name="id"><value>P-954</value></Data>
      <Data name="source"><value>J-950</value></Data>
      <Data name="target"><value>J-954</value></Data>
    </ExtendedData>
    <LineString>
      <coordinates>
        88.2741666,24.2505133
        88.2740915,24.2506111
        88.2740739,24.250917
        88.2740576,24.2510492
      </coordinates>
    </LineString>
  </Placemark>
  <Placemark>
    <name>P-955</name>
    <ExtendedData>
      <Data name="id"><value>P-955</value></Data>
      <Data name="source"><value>J-946</value></Data>
      <Data name="target"><value>J-955</value></Data>
    </ExtendedData>
    <LineString>
      <coordinates>
        88.2745242,24.2513541
        88.2742006,24.251382
        88.2740094,24.251354
        88.2736497,24.2513006
      </coordinates>
    </LineString>
  </Placemark>
  <Placemark>
    <name>P-956</name>
    <ExtendedData>
      <Data name="id"><value>P-956</value></Data>
      <Data name="source"><value>J-955</value></Data>
      <Data name="target"><value>J-956</value></Data>
    </ExtendedData>
    <LineString>
      <coordinates>
        88.2736497,24.2513006
        88.2737036,24.2510302
        88.2739272,24.2510565
      </coordinates>
    </LineString>
  </Placemark>
  <Placemark>
    <name>P-957</name>
    <ExtendedData>
      <Data name="id"><value>P-957</value></Data>
      <Data name="source"><value>J-956</value></Data>
      <Data name="target"><value>J-957</value></Data>
    </ExtendedData>
    <LineString>
      <coordinates>
        88.2739272,24.2510565
        88.2740617,24.2510761
        88.2740611,24.2511815
        88.274019,24.2513391
      </coordinates>
    </LineString>
  </Placemark>
  <Placemark>
    <name>P-958</name>
    <ExtendedData>
      <Data name="id"><value>P-958</value></Data>
      <Data name="source"><value>J-956</value></Data>
      <Data name="target"><value>J-958</value></Data>
    </ExtendedData>
    <LineString>
      <coordinates>
        88.2739272,24.2510565
        88.2739329,24.2510116
        88.2739345,24.2509679
        88.2739165,24.250932
        88.2738717,24.250902
        88.2738569,24.2508707
        88.2738576,24.2508413
        88.2738666,24.2508061
        88.2738971,24.250746
        88.2740761,24.2506268
      </coordinates>
    </LineString>
  </Placemark>
  <Placemark>
    <name>P-959</name>
    <ExtendedData>
      <Data name="id"><value>P-959</value></Data>
      <Data name="source"><value>J-955</value></Data>
      <Data name="target"><value>J-959</value></Data>
    </ExtendedData>
    <LineString>
      <coordinates>
        88.2736497,24.2513006
        88.2730153,24.2511919
      </coordinates>
    </LineString>
  </Placemark>
  <Placemark>
    <name>P-960</name>
    <ExtendedData>
      <Data name="id"><value>P-960</value></Data>
      <Data name="source"><value>J-959</value></Data>
      <Data name="target"><value>J-960</value></Data>
    </ExtendedData>
    <LineString>
      <coordinates>
        88.2730153,24.2511919
        88.2730977,24.2509372
      </coordinates>
    </LineString>
  </Placemark>
  <Placemark>
    <name>P-961</name>
    <ExtendedData>
      <Data name="id"><value>P-961</value></Data>
      <Data name="source"><value>J-959</value></Data>
      <Data name="target"><value>J-961</value></Data>
    </ExtendedData>
    <LineString>
      <coordinates>
        88.2730153,24.2511919
        88.2727783,24.2511605
        88.2719997,24.250859
      </coordinates>
    </LineString>
  </Placemark>
  <Placemark>
    <name>P-962</name>
    <ExtendedData>
      <Data name="id"><value>P-962</value></Data>
      <Data name="source"><value>J-878</value></Data>
      <Data name="target"><value>J-962</value></Data>
    </ExtendedData>
    <LineString>
      <coordinates>
        88.2776888,24.2511977
        88.2774395,24.2508419
      </coordinates>
    </LineString>
  </Placemark>
  <Placemark>
    <name>P-963</name>
    <ExtendedData>
      <Data name="id"><value>P-963</value></Data>
      <Data name="source"><value>J-962</value></Data>
      <Data name="target"><value>J-963</value></Data>
    </ExtendedData>
    <LineString>
      <coordinates>
        88.2774395,24.2508419
        88.2771317,24.2510114
      </coordinates>
    </LineString>
  </Placemark>
  <Placemark>
    <name>P-964</name>
    <ExtendedData>
      <Data name="id"><value>P-964</value></Data>
      <Data name="source"><value>J-963</value></Data>
      <Data name="target"><value>J-964</value></Data>
    </ExtendedData>
    <LineString>
      <coordinates>
        88.2771317,24.2510114
        88.2771873,24.2511129
        88.2770663,24.2511473
        88.2770794,24.2512399
      </coordinates>
    </LineString>
  </Placemark>
  <Placemark>
    <name>P-965</name>
    <ExtendedData>
      <Data name="id"><value>P-965</value></Data>
      <Data name="source"><value>J-963</value></Data>
      <Data name="target"><value>J-965</value></Data>
    </ExtendedData>
    <LineString>
      <coordinates>
        88.2771317,24.2510114
        88.2770391,24.2508564
      </coordinates>
    </LineString>
  </Placemark>
  <Placemark>
    <name>P-966</name>
    <ExtendedData>
      <Data name="id"><value>P-966</value></Data>
      <Data name="source"><value>J-965</value></Data>
      <Data name="target"><value>J-966</value></Data>
    </ExtendedData>
    <LineString>
      <coordinates>
        88.2770391,24.2508564
        88.2773004,24.2506891
      </coordinates>
    </LineString>
  </Placemark>
  <Placemark>
    <name>P-967</name>
    <ExtendedData>
      <Data name="id"><value>P-967</value></Data>
      <Data name="source"><value>J-965</value></Data>
      <Data name="target"><value>J-967</value></Data>
    </ExtendedData>
    <LineString>
      <coordinates>
        88.2770391,24.2508564
        88.276818,24.2509936
      </coordinates>
    </LineString>
  </Placemark>
  <Placemark>
    <name>P-968</name>
    <ExtendedData>
      <Data name="id"><value>P-968</value></Data>
      <Data name="source"><value>J-967</value></Data>
      <Data name="target"><value>J-968</value></Data>
    </ExtendedData>
    <LineString>
      <coordinates>
        88.276818,24.2509936
        88.2769101,24.2510967
        88.2769802,24.251237
      </coordinates>
    </LineString>
  </Placemark>
  <Placemark>
    <name>P-969</name>
    <ExtendedData>
      <Data name="id"><value>P-969</value></Data>
      <Data name="source"><value>J-962</value></Data>
      <Data name="target"><value>J-969</value></Data>
    </ExtendedData>
    <LineString>
      <coordinates>
        88.2774395,24.2508419
        88.2768336,24.2500228
        88.2761584,24.2494982
      </coordinates>
    </LineString>
  </Placemark>
  <Placemark>
    <name>P-970</name>
    <ExtendedData>
      <Data name="id"><value>P-970</value></Data>
      <Data name="source"><value>J-969</value></Data>
      <Data name="target"><value>J-970</value></Data>
    </ExtendedData>
    <LineString>
      <coordinates>
        88.2761584,24.2494982
        88.2758674,24.2497933
      </coordinates>
    </LineString>
  </Placemark>
  <Placemark>
    <name>P-971</name>
    <ExtendedData>
      <Data name="id"><value>P-971</value></Data>
      <Data name="source"><value>J-970</value></Data>
      <Data name="target"><value>J-971</value></Data>
    </ExtendedData>
    <LineString>
      <coordinates>
        88.2758674,24.2497933
        88.2757924,24.2498751
      </coordinates>
    </LineString>
  </Placemark>
  <Placemark>
    <name>P-972</name>
    <ExtendedData>
      <Data name="id"><value>P-972</value></Data>
      <Data name="source"><value>J-970</value></Data>
      <Data name="target"><value>J-972</value></Data>
    </ExtendedData>
    <LineString>
      <coordinates>
        88.2758674,24.2497933
        88.2757657,24.2494117
      </coordinates>
    </LineString>
  </Placemark>
  <Placemark>
    <name>P-973</name>
    <ExtendedData>
      <Data name="id"><value>P-973</value></Data>
      <Data name="source"><value>J-967</value></Data>
      <Data name="target"><value>J-973</value></Data>
    </ExtendedData>
    <LineString>
      <coordinates>
        88.276818,24.2509936
        88.2765792,24.2507374
        88.2765302,24.250697
      </coordinates>
    </LineString>
  </Placemark>
  <Placemark>
    <name>P-974</name>
    <ExtendedData>
      <Data name="id"><value>P-974</value></Data>
      <Data name="source"><value>J-973</value></Data>
      <Data name="target"><value>J-974</value></Data>
    </ExtendedData>
    <LineString>
      <coordinates>
        88.2765302,24.250697
        88.2766347,24.2506201
        88.276619,24.2505964
      </coordinates>
    </LineString>
  </Placemark>
  <Placemark>
    <name>P-975</name>
    <ExtendedData>
      <Data name="id"><value>P-975</value></Data>
      <Data name="source"><value>J-974</value></Data>
      <Data name="target"><value>J-975</value></Data>
    </ExtendedData>
    <LineString>
      <coordinates>
        88.276619,24.2505964
        88.2767991,24.2504541
        88.276973,24.250239
      </coordinates>
    </LineString>
  </Placemark>
  <Placemark>
    <name>P-976</name>
    <ExtendedData>
      <Data name="id"><value>P-976</value></Data>
      <Data name="source"><value>J-974</value></Data>
      <Data name="target"><value>J-976</value></Data>
    </ExtendedData>
    <LineString>
      <coordinates>
        88.276619,24.2505964
        88.2765484,24.2504983
        88.2763755,24.2503089
      </coordinates>
    </LineString>
  </Placemark>
  <Placemark>
    <name>P-977</name>
    <ExtendedData>
      <Data name="id"><value>P-977</value></Data>
      <Data name="source"><value>J-976</value></Data>
      <Data name="target"><value>J-977</value></Data>
    </ExtendedData>
    <LineString>
      <coordinates>
        88.2763755,24.2503089
        88.2764698,24.2501924
      </coordinates>
    </LineString>
  </Placemark>
  <Placemark>
    <name>P-978</name>
    <ExtendedData>
      <Data name="id"><value>P-978</value></Data>
      <Data name="source"><value>J-977</value></Data>
      <Data name="target"><value>J-978</value></Data>
    </ExtendedData>
    <LineString>
      <coordinates>
        88.2764698,24.2501924
        88.2765469,24.2501413
        88.2768276,24.2503793
      </coordinates>
    </LineString>
  </Placemark>
  <Placemark>
    <name>P-979</name>
    <ExtendedData>
      <Data name="id"><value>P-979</value></Data>
      <Data name="source"><value>J-977</value></Data>
      <Data name="target"><value>J-979</value></Data>
    </ExtendedData>
    <LineString>
      <coordinates>
        88.2764698,24.2501924
        88.276178,24.2499355
      </coordinates>
    </LineString>
  </Placemark>
  <Placemark>
    <name>P-980</name>
    <ExtendedData>
      <Data name="id"><value>P-980</value></Data>
      <Data name="source"><value>J-976</value></Data>
      <Data name="target"><value>J-980</value></Data>
    </ExtendedData>
    <LineString>
      <coordinates>
        88.2763755,24.2503089
        88.2762732,24.250466
      </coordinates>
    </LineString>
  </Placemark>
  <Placemark>
    <name>P-981</name>
    <ExtendedData>
      <Data name="id"><value>P-981</value></Data>
      <Data name="source"><value>J-973</value></Data>
      <Data name="target"><value>J-981</value></Data>
    </ExtendedData>
    <LineString>
      <coordinates>
        88.2765302,24.250697
        88.2762415,24.250461
      </coordinates>
    </LineString>
  </Placemark>
  <Placemark>
    <name>P-982</name>
    <ExtendedData>
      <Data name="id"><value>P-982</value></Data>
      <Data name="source"><value>J-981</value></Data>
      <Data name="target"><value>J-982</value></Data>
    </ExtendedData>
    <LineString>
      <coordinates>
        88.2762415,24.250461
        88.2761378,24.2506021
        88.2760682,24.25063
      </coordinates>
    </LineString>
  </Placemark>
  <Placemark>
    <name>P-983</name>
    <ExtendedData>
      <Data name="id"><value>P-983</value></Data>
      <Data name="source"><value>J-982</value></Data>
      <Data name="target"><value>J-983</value></Data>
    </ExtendedData>
    <LineString>
      <coordinates>
        88.2760682,24.25063
        88.2758171,24.2507579
      </coordinates>
    </LineString>
  </Placemark>
  <Placemark>
    <name>P-984</name>
    <ExtendedData>
      <Data name="id"><value>P-984</value></Data>
      <Data name="source"><value>J-945</value></Data>
      <Data name="target"><value>J-984</value></Data>
    </ExtendedData>
    <LineString>
      <coordinates>
        88.2756751,24.2512281
        88.2757169,24.2507614
        88.2757849,24.2507593
      </coordinates>
    </LineString>
  </Placemark>
  <Placemark>
    <name>P-985</name>
    <ExtendedData>
      <Data name="id"><value>P-985</value></Data>
      <Data name="source"><value>J-982</value></Data>
      <Data name="target"><value>J-985</value></Data>
    </ExtendedData>
    <LineString>
      <coordinates>
        88.2760682,24.25063
        88.2757177,24.250464
        88.2755138,24.2503945
      </coordinates>
    </LineString>
  </Placemark>
  <Placemark>
    <name>P-986</name>
    <ExtendedData>
      <Data name="id"><value>P-986</value></Data>
      <Data name="source"><value>J-981</value></Data>
      <Data name="target"><value>J-986</value></Data>
    </ExtendedData>
    <LineString>
      <coordinates>
        88.2762415,24.250461
        88.2761779,24.250417
        88.2760643,24.2503898
        88.2759682,24.2503253
        88.2759094,24.2502679
        88.2759054,24.2501908
        88.2759562,24.2500925
      </coordinates>
    </LineString>
  </Placemark>
  <Placemark>
    <name>P-987</name>
    <ExtendedData>
      <Data name="id"><value>P-987</value></Data>
      <Data name="source"><value>J-986</value></Data>
      <Data name="target"><value>J-987</value></Data>
    </ExtendedData>
    <LineString>
      <coordinates>
        88.2759562,24.2500925
        88.2761745,24.2499171
        88.2764022,24.249709
      </coordinates>
    </LineString>
  </Placemark>
  <Placemark>
    <name>P-988</name>
    <ExtendedData>
      <Data name="id"><value>P-988</value></Data>
      <Data name="source"><value>J-969</value></Data>
      <Data name="target"><value>J-988</value></Data>
    </ExtendedData>
    <LineString>
      <coordinates>
        88.2761584,24.2494982
        88.275414,24.2489021
        88.2749464,24.2485901
      </coordinates>
    </LineString>
  </Placemark>
  <Placemark>
    <name>P-989</name>
    <ExtendedData>
      <Data name="id"><value>P-989</value></Data>
      <Data name="source"><value>J-988</value></Data>
      <Data name="target"><value>J-989</value></Data>
    </ExtendedData>
    <LineString>
      <coordinates>
        88.2749464,24.2485901
        88.2748059,24.2487652
      </coordinates>
    </LineString>
  </Placemark>
  <Placemark>
    <name>P-990</name>
    <ExtendedData>
      <Data name="id"><value>P-990</value></Data>
      <Data name="source"><value>J-988</value></Data>
      <Data name="target"><value>J-990</value></Data>
    </ExtendedData>
    <LineString>
      <coordinates>
        88.2749464,24.2485901
        88.2746609,24.2483916
      </coordinates>
    </LineString>
  </Placemark>
  <Placemark>
    <name>P-991</name>
    <ExtendedData>
      <Data name="id"><value>P-991</value></Data>
      <Data name="source"><value>J-990</value></Data>
      <Data name="target"><value>J-991</value></Data>
    </ExtendedData>
    <LineString>
      <coordinates>
        88.2746609,24.2483916
        88.2744937,24.2486532
      </coordinates>
    </LineString>
  </Placemark>
  <Placemark>
    <name>P-992</name>
    <ExtendedData>
      <Data name="id"><value>P-992</value></Data>
      <Data name="source"><value>J-990</value></Data>
      <Data name="target"><value>J-992</value></Data>
    </ExtendedData>
    <LineString>
      <coordinates>
        88.2746609,24.2483916
        88.274356,24.2482241
      </coordinates>
    </LineString>
  </Placemark>
  <Placemark>
    <name>P-993</name>
    <ExtendedData>
      <Data name="id"><value>P-993</value></Data>
      <Data name="source"><value>J-992</value></Data>
      <Data name="target"><value>J-993</value></Data>
    </ExtendedData>
    <LineString>
      <coordinates>
        88.274356,24.2482241
        88.2742357,24.2484981
      </coordinates>
    </LineString>
  </Placemark>
  <Placemark>
    <name>P-994</name>
    <ExtendedData>
      <Data name="id"><value>P-994</value></Data>
      <Data name="source"><value>J-992</value></Data>
      <Data name="target"><value>J-994</value></Data>
    </ExtendedData>
    <LineString>
      <coordinates>
        88.274356,24.2482241
        88.2740305,24.2480547
        88.2738073,24.2479422
      </coordinates>
    </LineString>
  </Placemark>
  <Placemark>
    <name>P-995</name>
    <ExtendedData>
      <Data name="id"><value>P-995</value></Data>
      <Data name="source"><value>J-994</value></Data>
      <Data name="target"><value>J-995</value></Data>
    </ExtendedData>
    <LineString>
      <coordinates>
        88.2738073,24.2479422
        88.2737036,24.248213
      </coordinates>
    </LineString>
  </Placemark>
  <Placemark>
    <name>P-996</name>
    <ExtendedData>
      <Data name="id"><value>P-996</value></Data>
      <Data name="source"><value>J-995</value></Data>
      <Data name="target"><value>J-996</value></Data>
    </ExtendedData>
    <LineString>
      <coordinates>
        88.2737036,24.248213
        88.2735958,24.2481771
      </coordinates>
    </LineString>
  </Placemark>
  <Placemark>
    <name>P-997</name>
    <ExtendedData>
      <Data name="id"><value>P-997</value></Data>
      <Data name="source"><value>J-996</value></Data>
      <Data name="target"><value>J-997</value></Data>
    </ExtendedData>
    <LineString>
      <coordinates>
        88.2735958,24.2481771
        88.2737071,24.2478981
      </coordinates>
    </LineString>
  </Placemark>
  <Placemark>
    <name>P-998</name>
    <ExtendedData>
      <Data name="id"><value>P-998</value></Data>
      <Data name="source"><value>J-996</value></Data>
      <Data name="target"><value>J-998</value></Data>
    </ExtendedData>
    <LineString>
      <coordinates>
        88.2735958,24.2481771
        88.2731102,24.2480323
      </coordinates>
    </LineString>
  </Placemark>
  <Placemark>
    <name>P-999</name>
    <ExtendedData>
      <Data name="id"><value>P-999</value></Data>
      <Data name="source"><value>J-995</value></Data>
      <Data name="target"><value>J-999</value></Data>
    </ExtendedData>
    <LineString>
      <coordinates>
        88.2737036,24.248213
        88.2736298,24.2484258
        88.2730441,24.2482626
      </coordinates>
    </LineString>
  </Placemark>
  <Placemark>
    <name>P-1000</name>
    <ExtendedData>
      <Data name="id"><value>P-1000</value></Data>
      <Data name="source"><value>J-994</value></Data>
      <Data name="target"><value>J-1000</value></Data>
    </ExtendedData>
    <LineString>
      <coordinates>
        88.2738073,24.2479422
        88.2736013,24.2478299
        88.2731642,24.2476649
      </coordinates>
    </LineString>
  </Placemark>
  <Placemark>
    <name>P-1001</name>
    <ExtendedData>
      <Data name="id"><value>P-1001</value></Data>
      <Data name="source"><value>J-1000</value></Data>
      <Data name="target"><value>J-1001</value></Data>
    </ExtendedData>
    <LineString>
      <coordinates>
        88.2731642,24.2476649
        88.273022,24.2476241
        88.2719901,24.2471849
      </coordinates>
    </LineString>
  </Placemark>
  <Placemark>
    <name>P-1002</name>
    <ExtendedData>
      <Data name="id"><value>P-1002</value></Data>
      <Data name="source"><value>J-1000</value></Data>
      <Data name="target"><value>J-1002</value></Data>
    </ExtendedData>
    <LineString>
      <coordinates>
        88.2731642,24.2476649
        88.2730759,24.2481098
        88.2729279,24.2484773
      </coordinates>
    </LineString>
  </Placemark>
  <Placemark>
    <name>P-1003</name>
    <ExtendedData>
      <Data name="id"><value>P-1003</value></Data>
      <Data name="source"><value>J-1002</value></Data>
      <Data name="target"><value>J-1003</value></Data>
    </ExtendedData>
    <LineString>
      <coordinates>
        88.2729279,24.2484773
        88.2727627,24.2483952
      </coordinates>
    </LineString>
  </Placemark>
  <Placemark>
    <name>P-1004</name>
    <ExtendedData>
      <Data name="id"><value>P-1004</value></Data>
      <Data name="source"><value>J-1002</value></Data>
      <Data name="target"><value>J-1004</value></Data>
    </ExtendedData>
    <LineString>
      <coordinates>
        88.2729279,24.2484773
        88.2728949,24.2485484
      </coordinates>
    </LineString>
  </Placemark>
  <Placemark>
    <name>P-1005</name>
    <ExtendedData>
      <Data name="id"><value>P-1005</value></Data>
      <Data name="source"><value>J-1004</value></Data>
      <Data name="target"><value>J-1005</value></Data>
    </ExtendedData>
    <LineString>
      <coordinates>
        88.2728949,24.2485484
        88.2731549,24.2486303
      </coordinates>
    </LineString>
  </Placemark>
  <Placemark>
    <name>P-1006</name>
    <ExtendedData>
      <Data name="id"><value>P-1006</value></Data>
      <Data name="source"><value>J-1004</value></Data>
      <Data name="target"><value>J-1006</value></Data>
    </ExtendedData>
    <LineString>
      <coordinates>
        88.2728949,24.2485484
        88.2725297,24.2493222
        88.2723072,24.2498254
      </coordinates>
    </LineString>
  </Placemark>
  <Placemark>
    <name>P-1007</name>
    <ExtendedData>
      <Data name="id"><value>P-1007</value></Data>
      <Data name="source"><value>J-1006</value></Data>
      <Data name="target"><value>J-1007</value></Data>
    </ExtendedData>
    <LineString>
      <coordinates>
        88.2723072,24.2498254
        88.2726555,24.2498978
      </coordinates>
    </LineString>
  </Placemark>
  <Placemark>
    <name>P-1009</name>
    <ExtendedData>
      <Data name="id"><value>P-1009</value></Data>
      <Data name="source"><value>J-1008</value></Data>
      <Data name="target"><value>J-1009</value></Data>
    </ExtendedData>
    <LineString>
      <coordinates>
        88.2714965,24.2506526
        88.2714073,24.2508341
      </coordinates>
    </LineString>
  </Placemark>
  <Placemark>
    <name>P-1010</name>
    <ExtendedData>
      <Data name="id"><value>P-1010</value></Data>
      <Data name="source"><value>J-1009</value></Data>
      <Data name="target"><value>J-1010</value></Data>
    </ExtendedData>
    <LineString>
      <coordinates>
        88.2714073,24.2508341
        88.2715876,24.2509161
      </coordinates>
    </LineString>
  </Placemark>
  <Placemark>
    <name>P-1011</name>
    <ExtendedData>
      <Data name="id"><value>P-1011</value></Data>
      <Data name="source"><value>J-1009</value></Data>
      <Data name="target"><value>J-1011</value></Data>
    </ExtendedData>
    <LineString>
      <coordinates>
        88.2714073,24.2508341
        88.2712397,24.250759
      </coordinates>
    </LineString>
  </Placemark>
  <Placemark>
    <name>P-1012</name>
    <ExtendedData>
      <Data name="id"><value>P-1012</value></Data>
      <Data name="source"><value>J-1009</value></Data>
      <Data name="target"><value>J-1012</value></Data>
    </ExtendedData>
    <LineString>
      <coordinates>
        88.2714073,24.2508341
        88.2712538,24.2511623
      </coordinates>
    </LineString>
  </Placemark>
  <Placemark>
    <name>P-1013</name>
    <ExtendedData>
      <Data name="id"><value>P-1013</value></Data>
      <Data name="source"><value>J-1008</value></Data>
      <Data name="target"><value>J-1013</value></Data>
    </ExtendedData>
    <LineString>
      <coordinates>
        88.2714965,24.2506526
        88.2704441,24.2501894
        88.2698639,24.250003
        88.2698069,24.2499729
      </coordinates>
    </LineString>
  </Placemark>
  <Placemark>
    <name>P-1014</name>
    <ExtendedData>
      <Data name="id"><value>P-1014</value></Data>
      <Data name="source"><value>J-1013</value></Data>
      <Data name="target"><value>J-1014</value></Data>
    </ExtendedData>
    <LineString>
      <coordinates>
        88.2698069,24.2499729
        88.2700159,24.2493954
        88.2701605,24.249031
      </coordinates>
    </LineString>
  </Placemark>
  <Placemark>
    <name>P-1015</name>
    <ExtendedData>
      <Data name="id"><value>P-1015</value></Data>
      <Data name="source"><value>J-1014</value></Data>
      <Data name="target"><value>J-1015</value></Data>
    </ExtendedData>
    <LineString>
      <coordinates>
        88.2701605,24.249031
        88.270178,24.2487519
        88.2702025,24.2486822
      </coordinates>
    </LineString>
  </Placemark>
  <Placemark>
    <name>P-1016</name>
    <ExtendedData>
      <Data name="id"><value>P-1016</value></Data>
      <Data name="source"><value>J-1015</value></Data>
      <Data name="target"><value>J-1016</value></Data>
    </ExtendedData>
    <LineString>
      <coordinates>
        88.2702025,24.2486822
        88.269949,24.2486055
      </coordinates>
    </LineString>
  </Placemark>
  <Placemark>
    <name>P-1017</name>
    <ExtendedData>
      <Data name="id"><value>P-1017</value></Data>
      <Data name="source"><value>J-1015</value></Data>
      <Data name="target"><value>J-1017</value></Data>
    </ExtendedData>
    <LineString>
      <coordinates>
        88.2702025,24.2486822
        88.2703087,24.2484263
        88.2703951,24.2482146
      </coordinates>
    </LineString>
  </Placemark>
  <Placemark>
    <name>P-1018</name>
    <ExtendedData>
      <Data name="id"><value>P-1018</value></Data>
      <Data name="source"><value>J-1014</value></Data>
      <Data name="target"><value>J-1018</value></Data>
    </ExtendedData>
    <LineString>
      <coordinates>
        88.2701605,24.249031
        88.2700404,24.2489979
        88.2700289,24.2488876
        88.2698903,24.2488733
      </coordinates>
    </LineString>
  </Placemark>
  <Placemark>
    <name>P-1019</name>
    <ExtendedData>
      <Data name="id"><value>P-1019</value></Data>
      <Data name="source"><value>J-1013</value></Data>
      <Data name="target"><value>J-1019</value></Data>
    </ExtendedData>
    <LineString>
      <coordinates>
        88.2698069,24.2499729
        88.2695278,24.2498551
      </coordinates>
    </LineString>
  </Placemark>
  <Placemark>
    <name>P-1020</name>
    <ExtendedData>
      <Data name="id"><value>P-1020</value></Data>
      <Data name="source"><value>J-1019</value></Data>
      <Data name="target"><value>J-1020</value></Data>
    </ExtendedData>
    <LineString>
      <coordinates>
        88.2695278,24.2498551
        88.2698837,24.2489008
      </coordinates>
    </LineString>
  </Placemark>
  <Placemark>
    <name>P-1021</name>
    <ExtendedData>
      <Data name="id"><value>P-1021</value></Data>
      <Data name="source"><value>J-1019</value></Data>
      <Data name="target"><value>J-1021</value></Data>
    </ExtendedData>
    <LineString>
      <coordinates>
        88.2695278,24.2498551
        88.2694541,24.2498228
        88.2691163,24.2496179
        88.2690513,24.2495869
      </coordinates>
    </LineString>
  </Placemark>
  <Placemark>
    <name>P-1022</name>
    <ExtendedData>
      <Data name="id"><value>P-1022</value></Data>
      <Data name="source"><value>J-1021</value></Data>
      <Data name="target"><value>J-1022</value></Data>
    </ExtendedData>
    <LineString>
      <coordinates>
        88.2690513,24.2495869
        88.2691484,24.2491893
      </coordinates>
    </LineString>
  </Placemark>
  <Placemark>
    <name>P-1023</name>
    <ExtendedData>
      <Data name="id"><value>P-1023</value></Data>
      <Data name="source"><value>J-1021</value></Data>
      <Data name="target"><value>J-1023</value></Data>
    </ExtendedData>
    <LineString>
      <coordinates>
        88.2690513,24.2495869
        88.2689557,24.2495395
        88.2688889,24.2495345
      </coordinates>
    </LineString>
  </Placemark>
  <Placemark>
    <name>P-1024</name>
    <ExtendedData>
      <Data name="id"><value>P-1024</value></Data>
      <Data name="source"><value>J-1023</value></Data>
      <Data name="target"><value>J-1024</value></Data>
    </ExtendedData>
    <LineString>
      <coordinates>
        88.2688889,24.2495345
        88.2690473,24.2488462
        88.2691048,24.2484684
        88.269417,24.2483337
        88.2696312,24.2482623
      </coordinates>
    </LineString>
  </Placemark>
  <Placemark>
    <name>P-1025</name>
    <ExtendedData>
      <Data name="id"><value>P-1025</value></Data>
      <Data name="source"><value>J-1024</value></Data>
      <Data name="target"><value>J-1025</value></Data>
    </ExtendedData>
    <LineString>
      <coordinates>
        88.2696312,24.2482623
        88.2695636,24.2480947
      </coordinates>
    </LineString>
  </Placemark>
  <Placemark>
    <name>P-1026</name>
    <ExtendedData>
      <Data name="id"><value>P-1026</value></Data>
      <Data name="source"><value>J-1024</value></Data>
      <Data name="target"><value>J-1026</value></Data>
    </ExtendedData>
    <LineString>
      <coordinates>
        88.2696312,24.2482623
        88.2698394,24.2481755
        88.2698669,24.2478459
      </coordinates>
    </LineString>
  </Placemark>
  <Placemark>
    <name>P-1027</name>
    <ExtendedData>
      <Data name="id"><value>P-1027</value></Data>
      <Data name="source"><value>J-1021</value></Data>
      <Data name="target"><value>J-1027</value></Data>
    </ExtendedData>
    <LineString>
      <coordinates>
        88.2690513,24.2495869
        88.2690313,24.249659
        88.26879,24.250208
      </coordinates>
    </LineString>
  </Placemark>
  <Placemark>
    <name>P-1028</name>
    <ExtendedData>
      <Data name="id"><value>P-1028</value></Data>
      <Data name="source"><value>J-1023</value></Data>
      <Data name="target"><value>J-1028</value></Data>
    </ExtendedData>
    <LineString>
      <coordinates>
        88.2688889,24.2495345
        88.2684736,24.2495097
        88.2682893,24.2494816
      </coordinates>
    </LineString>
  </Placemark>
  <Placemark>
    <name>P-1029</name>
    <ExtendedData>
      <Data name="id"><value>P-1029</value></Data>
      <Data name="source"><value>J-1028</value></Data>
      <Data name="target"><value>J-1029</value></Data>
    </ExtendedData>
    <LineString>
      <coordinates>
        88.2682893,24.2494816
        88.268283,24.2496559
        88.2682237,24.2500051
      </coordinates>
    </LineString>
  </Placemark>
  <Placemark>
    <name>P-1030</name>
    <ExtendedData>
      <Data name="id"><value>P-1030</value></Data>
      <Data name="source"><value>J-1029</value></Data>
      <Data name="target"><value>J-1030</value></Data>
    </ExtendedData>
    <LineString>
      <coordinates>
        88.2682237,24.2500051
        88.2681993,24.2501907
      </coordinates>
    </LineString>
  </Placemark>
  <Placemark>
    <name>P-1031</name>
    <ExtendedData>
      <Data name="id"><value>P-1031</value></Data>
      <Data name="source"><value>J-1029</value></Data>
      <Data name="target"><value>J-1031</value></Data>
    </ExtendedData>
    <LineString>
      <coordinates>
        88.2682237,24.2500051
        88.268469,24.2500605
      </coordinates>
    </LineString>
  </Placemark>
  <Placemark>
    <name>P-1032</name>
    <ExtendedData>
      <Data name="id"><value>P-1032</value></Data>
      <Data name="source"><value>J-1029</value></Data>
      <Data name="target"><value>J-1032</value></Data>
    </ExtendedData>
    <LineString>
      <coordinates>
        88.2682237,24.2500051
        88.2671415,24.2497853
      </coordinates>
    </LineString>
  </Placemark>
  <Placemark>
    <name>P-1033</name>
    <ExtendedData>
      <Data name="id"><value>P-1033</value></Data>
      <Data name="source"><value>J-1028</value></Data>
      <Data name="target"><value>J-1033</value></Data>
    </ExtendedData>
    <LineString>
      <coordinates>
        88.2682893,24.2494816
        88.2681668,24.2494613
      </coordinates>
    </LineString>
  </Placemark>
  <Placemark>
    <name>P-1034</name>
    <ExtendedData>
      <Data name="id"><value>P-1034</value></Data>
      <Data name="source"><value>J-1033</value></Data>
      <Data name="target"><value>J-1034</value></Data>
    </ExtendedData>
    <LineString>
      <coordinates>
        88.2681668,24.2494613
        88.2681862,24.2490742
        88.2679642,24.2490084
        88.2680392,24.2486988
        88.2684296,24.2487774
        88.2684927,24.2486084
      </coordinates>
    </LineString>
  </Placemark>
  <Placemark>
    <name>P-1035</name>
    <ExtendedData>
      <Data name="id"><value>P-1035</value></Data>
      <Data name="source"><value>J-1034</value></Data>
      <Data name="target"><value>J-1035</value></Data>
    </ExtendedData>
    <LineString>
      <coordinates>
        88.2684927,24.2486084
        88.2686145,24.2486216
        88.2687357,24.2485719
        88.2688042,24.2485642
      </coordinates>
    </LineString>
  </Placemark>
  <Placemark>
    <name>P-1036</name>
    <ExtendedData>
      <Data name="id"><value>P-1036</value></Data>
      <Data name="source"><value>J-1035</value></Data>
      <Data name="target"><value>J-1036</value></Data>
    </ExtendedData>
    <LineString>
      <coordinates>
        88.2688042,24.2485642
        88.2687702,24.2489206
      </coordinates>
    </LineString>
  </Placemark>
  <Placemark>
    <name>P-1037</name>
    <ExtendedData>
      <Data name="id"><value>P-1037</value></Data>
      <Data name="source"><value>J-1035</value></Data>
      <Data name="target"><value>J-1037</value></Data>
    </ExtendedData>
    <LineString>
      <coordinates>
        88.2688042,24.2485642
        88.2688844,24.24856
        88.2690724,24.2485881
      </coordinates>
    </LineString>
  </Placemark>
  <Placemark>
    <name>P-1038</name>
    <ExtendedData>
      <Data name="id"><value>P-1038</value></Data>
      <Data name="source"><value>J-1034</value></Data>
      <Data name="target"><value>J-1038</value></Data>
    </ExtendedData>
    <LineString>
      <coordinates>
        88.2684927,24.2486084
        88.2685134,24.2485466
        88.2685561,24.2482778
        88.2685845,24.2482078
        88.2689849,24.2482816
        88.2692472,24.2483032
        88.2693753,24.2483303
      </coordinates>
    </LineString>
  </Placemark>
  <Placemark>
    <name>P-1039</name>
    <ExtendedData>
      <Data name="id"><value>P-1039</value></Data>
      <Data name="source"><value>J-1033</value></Data>
      <Data name="target"><value>J-1039</value></Data>
    </ExtendedData>
    <LineString>
      <coordinates>
        88.2681668,24.2494613
        88.2676314,24.2493763
        88.2673653,24.2492635
        88.2671544,24.2491085
      </coordinates>
    </LineString>
  </Placemark>
  <Placemark>
    <name>P-1008(1)</name>
    <ExtendedData>
      <Data name="id"><value>P-1008(1)</value></Data>
      <Data name="source"><value>J-1006</value></Data>
      <Data name="target"><value>J-1040</value></Data>
    </ExtendedData>
    <LineString>
      <coordinates>
        88.2723072,24.2498254
        88.2720999,24.2503161
        88.2719397,24.2508271
      </coordinates>
    </LineString>
  </Placemark>
  <Placemark>
    <name>P-1008(2)</name>
    <ExtendedData>
      <Data name="id"><value>P-1008(2)</value></Data>
      <Data name="source"><value>J-1040</value></Data>
      <Data name="target"><value>J-1008</value></Data>
    </ExtendedData>
    <LineString>
      <coordinates>
        88.2719397,24.2508271
        88.2719178,24.2508183
        88.2714965,24.2506526
      </coordinates>
    </LineString>
  </Placemark>
  <Placemark>
    <name>P-1040</name>
    <ExtendedData>
      <Data name="id"><value>P-1040</value></Data>
      <Data name="source"><value>J-1040</value></Data>
      <Data name="target"><value>J-1041</value></Data>
    </ExtendedData>
    <LineString>
      <coordinates>
        88.2719397,24.2508271
        88.2718351,24.2508369
        88.2702945,24.2501992
        88.2695015,24.2499074
        88.2690881,24.2496472
        88.268901,24.2495792
        88.2686446,24.2495437
        88.2682524,24.2495122
        88.267629,24.2494275
        88.2671043,24.2491393
      </coordinates>
    </LineString>
  </Placemark>
  <Placemark>
    <name>P-1042</name>
    <ExtendedData>
      <Data name="id"><value>P-1042</value></Data>
      <Data name="source"><value>J-1042</value></Data>
      <Data name="target"><value>J-1043</value></Data>
    </ExtendedData>
    <LineString>
      <coordinates>
        88.267117,24.2498851
        88.2668684,24.2499161
        88.266796,24.2499101
        88.2667098,24.2498876
      </coordinates>
    </LineString>
  </Placemark>
  <Placemark>
    <name>P-1043</name>
    <ExtendedData>
      <Data name="id"><value>P-1043</value></Data>
      <Data name="source"><value>J-1043</value></Data>
      <Data name="target"><value>J-1044</value></Data>
    </ExtendedData>
    <LineString>
      <coordinates>
        88.2667098,24.2498876
        88.2662537,24.249331
        88.2661329,24.2491256
      </coordinates>
    </LineString>
  </Placemark>
  <Placemark>
    <name>P-1044</name>
    <ExtendedData>
      <Data name="id"><value>P-1044</value></Data>
      <Data name="source"><value>J-1043</value></Data>
      <Data name="target"><value>J-1045</value></Data>
    </ExtendedData>
    <LineString>
      <coordinates>
        88.2667098,24.2498876
        88.2662987,24.2497872
        88.2660728,24.2496964
        88.2660217,24.2496481
        88.2659585,24.2493844
        88.2657115,24.2489576
      </coordinates>
    </LineString>
  </Placemark>
  <Placemark>
    <name>P-1041(1)</name>
    <ExtendedData>
      <Data name="id"><value>P-1041(1)</value></Data>
      <Data name="source"><value>J-1041</value></Data>
      <Data name="target"><value>J-1046</value></Data>
    </ExtendedData>
    <LineString>
      <coordinates>
        88.2671043,24.2491393
        88.2671101,24.2492373
      </coordinates>
    </LineString>
  </Placemark>
  <Placemark>
    <name>P-1041(2)</name>
    <ExtendedData>
      <Data name="id"><value>P-1041(2)</value></Data>
      <Data name="source"><value>J-1046</value></Data>
      <Data name="target"><value>J-1042</value></Data>
    </ExtendedData>
    <LineString>
      <coordinates>
        88.2671101,24.2492373
        88.267117,24.2498851
      </coordinates>
    </LineString>
  </Placemark>
  <Placemark>
    <name>P-1045</name>
    <ExtendedData>
      <Data name="id"><value>P-1045</value></Data>
      <Data name="source"><value>J-1046</value></Data>
      <Data name="target"><value>J-1047</value></Data>
    </ExtendedData>
    <LineString>
      <coordinates>
        88.2671101,24.2492373
        88.2667144,24.2492292
        88.2667241,24.2491627
        88.2666589,24.2491604
      </coordinates>
    </LineString>
  </Placemark>
  <Placemark>
    <name>P-1046</name>
    <ExtendedData>
      <Data name="id"><value>P-1046</value></Data>
      <Data name="source"><value>J-1042</value></Data>
      <Data name="target"><value>J-1048</value></Data>
    </ExtendedData>
    <LineString>
      <coordinates>
        88.267117,24.2498851
        88.2671093,24.2514943
      </coordinates>
    </LineString>
  </Placemark>
  <Placemark>
    <name>P-1047</name>
    <ExtendedData>
      <Data name="id"><value>P-1047</value></Data>
      <Data name="source"><value>J-1048</value></Data>
      <Data name="target"><value>J-1049</value></Data>
    </ExtendedData>
    <LineString>
      <coordinates>
        88.2671093,24.2514943
        88.2671925,24.2515059
        88.2677365,24.2518693
        88.2678996,24.2520592
        88.2680267,24.2521364
      </coordinates>
    </LineString>
  </Placemark>
  <Placemark>
    <name>P-1048</name>
    <ExtendedData>
      <Data name="id"><value>P-1048</value></Data>
      <Data name="source"><value>J-1049</value></Data>
      <Data name="target"><value>J-1050</value></Data>
    </ExtendedData>
    <LineString>
      <coordinates>
        88.2680267,24.2521364
        88.268255,24.2522069
        88.2684383,24.2522054
        88.268656,24.2521775
        88.2687893,24.2522257
      </coordinates>
    </LineString>
  </Placemark>
  <Placemark>
    <name>P-1049</name>
    <ExtendedData>
      <Data name="id"><value>P-1049</value></Data>
      <Data name="source"><value>J-1048</value></Data>
      <Data name="target"><value>J-1051</value></Data>
    </ExtendedData>
    <LineString>
      <coordinates>
        88.2671093,24.2514943
        88.2671103,24.252122
      </coordinates>
    </LineString>
  </Placemark>
  <Placemark>
    <name>P-1050</name>
    <ExtendedData>
      <Data name="id"><value>P-1050</value></Data>
      <Data name="source"><value>J-1051</value></Data>
      <Data name="target"><value>J-1052</value></Data>
    </ExtendedData>
    <LineString>
      <coordinates>
        88.2671103,24.252122
        88.2674405,24.2521848
      </coordinates>
    </LineString>
  </Placemark>
  <Placemark>
    <name>P-1051</name>
    <ExtendedData>
      <Data name="id"><value>P-1051</value></Data>
      <Data name="source"><value>J-1052</value></Data>
      <Data name="target"><value>J-1053</value></Data>
    </ExtendedData>
    <LineString>
      <coordinates>
        88.2674405,24.2521848
        88.2673768,24.2524553
      </coordinates>
    </LineString>
  </Placemark>
  <Placemark>
    <name>P-1052</name>
    <ExtendedData>
      <Data name="id"><value>P-1052</value></Data>
      <Data name="source"><value>J-1052</value></Data>
      <Data name="target"><value>J-1054</value></Data>
    </ExtendedData>
    <LineString>
      <coordinates>
        88.2674405,24.2521848
        88.2675864,24.2522132
      </coordinates>
    </LineString>
  </Placemark>
  <Placemark>
    <name>P-1053</name>
    <ExtendedData>
      <Data name="id"><value>P-1053</value></Data>
      <Data name="source"><value>J-1054</value></Data>
      <Data name="target"><value>J-1055</value></Data>
    </ExtendedData>
    <LineString>
      <coordinates>
        88.2675864,24.2522132
        88.2676422,24.2519709
      </coordinates>
    </LineString>
  </Placemark>
  <Placemark>
    <name>P-1054</name>
    <ExtendedData>
      <Data name="id"><value>P-1054</value></Data>
      <Data name="source"><value>J-1054</value></Data>
      <Data name="target"><value>J-1056</value></Data>
    </ExtendedData>
    <LineString>
      <coordinates>
        88.2675864,24.2522132
        88.2677048,24.2522404
      </coordinates>
    </LineString>
  </Placemark>
  <Placemark>
    <name>P-1055</name>
    <ExtendedData>
      <Data name="id"><value>P-1055</value></Data>
      <Data name="source"><value>J-1052</value></Data>
      <Data name="target"><value>J-1057</value></Data>
    </ExtendedData>
    <LineString>
      <coordinates>
        88.2674405,24.2521848
        88.2674994,24.2519276
      </coordinates>
    </LineString>
  </Placemark>
  <Placemark>
    <name>P-1056</name>
    <ExtendedData>
      <Data name="id"><value>P-1056</value></Data>
      <Data name="source"><value>J-1051</value></Data>
      <Data name="target"><value>J-1058</value></Data>
    </ExtendedData>
    <LineString>
      <coordinates>
        88.2671103,24.252122
        88.2671059,24.2522232
      </coordinates>
    </LineString>
  </Placemark>
  <Placemark>
    <name>P-1057</name>
    <ExtendedData>
      <Data name="id"><value>P-1057</value></Data>
      <Data name="source"><value>J-1058</value></Data>
      <Data name="target"><value>J-1059</value></Data>
    </ExtendedData>
    <LineString>
      <coordinates>
        88.2671059,24.2522232
        88.2667565,24.252235
      </coordinates>
    </LineString>
  </Placemark>
  <Placemark>
    <name>P-1058</name>
    <ExtendedData>
      <Data name="id"><value>P-1058</value></Data>
      <Data name="source"><value>J-1058</value></Data>
      <Data name="target"><value>J-1060</value></Data>
    </ExtendedData>
    <LineString>
      <coordinates>
        88.2671059,24.2522232
        88.2671076,24.2523938
      </coordinates>
    </LineString>
  </Placemark>
  <Placemark>
    <name>P-1059</name>
    <ExtendedData>
      <Data name="id"><value>P-1059</value></Data>
      <Data name="source"><value>J-1060</value></Data>
      <Data name="target"><value>J-1061</value></Data>
    </ExtendedData>
    <LineString>
      <coordinates>
        88.2671076,24.2523938
        88.2675036,24.2525106
        88.2678121,24.2526223
        88.2681322,24.2527531
        88.2683307,24.2528672
      </coordinates>
    </LineString>
  </Placemark>
  <Placemark>
    <name>P-1060</name>
    <ExtendedData>
      <Data name="id"><value>P-1060</value></Data>
      <Data name="source"><value>J-1061</value></Data>
      <Data name="target"><value>J-1062</value></Data>
    </ExtendedData>
    <LineString>
      <coordinates>
        88.2683307,24.2528672
        88.2685718,24.2533503
        88.2687356,24.2535507
        88.2689371,24.2539281
        88.2689479,24.2540003
      </coordinates>
    </LineString>
  </Placemark>
  <Placemark>
    <name>P-1062</name>
    <ExtendedData>
      <Data name="id"><value>P-1062</value></Data>
      <Data name="source"><value>J-1062</value></Data>
      <Data name="target"><value>J-1064</value></Data>
    </ExtendedData>
    <LineString>
      <coordinates>
        88.2689479,24.2540003
        88.2690135,24.2541478
        88.2695601,24.2552422
        88.2697313,24.2555867
      </coordinates>
    </LineString>
  </Placemark>
  <Placemark>
    <name>P-1088</name>
    <ExtendedData>
      <Data name="id"><value>P-1088</value></Data>
      <Data name="source"><value>J-1041</value></Data>
      <Data name="target"><value>J-1090</value></Data>
    </ExtendedData>
    <LineString>
      <coordinates>
        88.2671043,24.2491393
        88.2670996,24.2488764
      </coordinates>
    </LineString>
  </Placemark>
  <Placemark>
    <name>P-1089</name>
    <ExtendedData>
      <Data name="id"><value>P-1089</value></Data>
      <Data name="source"><value>J-1090</value></Data>
      <Data name="target"><value>J-1091</value></Data>
    </ExtendedData>
    <LineString>
      <coordinates>
        88.2670996,24.2488764
        88.2670929,24.2483994
      </coordinates>
    </LineString>
  </Placemark>
  <Placemark>
    <name>P-1090</name>
    <ExtendedData>
      <Data name="id"><value>P-1090</value></Data>
      <Data name="source"><value>J-1091</value></Data>
      <Data name="target"><value>J-1092</value></Data>
    </ExtendedData>
    <LineString>
      <coordinates>
        88.2670929,24.2483994
        88.2677196,24.2484579
      </coordinates>
    </LineString>
  </Placemark>
  <Placemark>
    <name>P-1091</name>
    <ExtendedData>
      <Data name="id"><value>P-1091</value></Data>
      <Data name="source"><value>J-1091</value></Data>
      <Data name="target"><value>J-1093</value></Data>
    </ExtendedData>
    <LineString>
      <coordinates>
        88.2670929,24.2483994
        88.2670878,24.2480342
      </coordinates>
    </LineString>
  </Placemark>
  <Placemark>
    <name>P-1092</name>
    <ExtendedData>
      <Data name="id"><value>P-1092</value></Data>
      <Data name="source"><value>J-1093</value></Data>
      <Data name="target"><value>J-1094</value></Data>
    </ExtendedData>
    <LineString>
      <coordinates>
        88.2670878,24.2480342
        88.2666767,24.2480122
      </coordinates>
    </LineString>
  </Placemark>
  <Placemark>
    <name>P-1093</name>
    <ExtendedData>
      <Data name="id"><value>P-1093</value></Data>
      <Data name="source"><value>J-1094</value></Data>
      <Data name="target"><value>J-1095</value></Data>
    </ExtendedData>
    <LineString>
      <coordinates>
        88.2666767,24.2480122
        88.2661708,24.2479802
      </coordinates>
    </LineString>
  </Placemark>
  <Placemark>
    <name>P-1094</name>
    <ExtendedData>
      <Data name="id"><value>P-1094</value></Data>
      <Data name="source"><value>J-1095</value></Data>
      <Data name="target"><value>J-1096</value></Data>
    </ExtendedData>
    <LineString>
      <coordinates>
        88.2661708,24.2479802
        88.2660483,24.247974
        88.2658267,24.247936
      </coordinates>
    </LineString>
  </Placemark>
  <Placemark>
    <name>P-1095</name>
    <ExtendedData>
      <Data name="id"><value>P-1095</value></Data>
      <Data name="source"><value>J-1093</value></Data>
      <Data name="target"><value>J-1097</value></Data>
    </ExtendedData>
    <LineString>
      <coordinates>
        88.2670878,24.2480342
        88.2670446,24.2474124
      </coordinates>
    </LineString>
  </Placemark>
  <Placemark>
    <name>P-1096</name>
    <ExtendedData>
      <Data name="id"><value>P-1096</value></Data>
      <Data name="source"><value>J-1097</value></Data>
      <Data name="target"><value>J-1098</value></Data>
    </ExtendedData>
    <LineString>
      <coordinates>
        88.2670446,24.2474124
        88.2675231,24.2474151
      </coordinates>
    </LineString>
  </Placemark>
  <Placemark>
    <name>P-1097</name>
    <ExtendedData>
      <Data name="id"><value>P-1097</value></Data>
      <Data name="source"><value>J-1097</value></Data>
      <Data name="target"><value>J-1099</value></Data>
    </ExtendedData>
    <LineString>
      <coordinates>
        88.2670446,24.2474124
        88.2670336,24.2470534
      </coordinates>
    </LineString>
  </Placemark>
  <Placemark>
    <name>P-1098</name>
    <ExtendedData>
      <Data name="id"><value>P-1098</value></Data>
      <Data name="source"><value>J-1094</value></Data>
      <Data name="target"><value>J-1100</value></Data>
    </ExtendedData>
    <LineString>
      <coordinates>
        88.2666767,24.2480122
        88.2666757,24.2471925
        88.2666601,24.2466176
        88.2666579,24.2463913
        88.2666069,24.2462287
        88.2666254,24.2461063
      </coordinates>
    </LineString>
  </Placemark>
  <Placemark>
    <name>P-1099</name>
    <ExtendedData>
      <Data name="id"><value>P-1099</value></Data>
      <Data name="source"><value>J-1095</value></Data>
      <Data name="target"><value>J-1101</value></Data>
    </ExtendedData>
    <LineString>
      <coordinates>
        88.2661708,24.2479802
        88.2661991,24.246852
      </coordinates>
    </LineString>
  </Placemark>
  <Placemark>
    <name>P-1100</name>
    <ExtendedData>
      <Data name="id"><value>P-1100</value></Data>
      <Data name="source"><value>J-1101</value></Data>
      <Data name="target"><value>J-1102</value></Data>
    </ExtendedData>
    <LineString>
      <coordinates>
        88.2661991,24.246852
        88.2661769,24.2465277
        88.266137,24.2463252
      </coordinates>
    </LineString>
  </Placemark>
  <Placemark>
    <name>P-1101</name>
    <ExtendedData>
      <Data name="id"><value>P-1101</value></Data>
      <Data name="source"><value>J-1090</value></Data>
      <Data name="target"><value>J-1103</value></Data>
    </ExtendedData>
    <LineString>
      <coordinates>
        88.2670996,24.2488764
        88.2667923,24.2488336
        88.2660285,24.2485024
        88.2654712,24.2483891
        88.2649876,24.2483164
      </coordinates>
    </LineString>
  </Placemark>
  <Placemark>
    <name>P-1102</name>
    <ExtendedData>
      <Data name="id"><value>P-1102</value></Data>
      <Data name="source"><value>J-1103</value></Data>
      <Data name="target"><value>J-1104</value></Data>
    </ExtendedData>
    <LineString>
      <coordinates>
        88.2649876,24.2483164
        88.265016,24.248254
        88.2652154,24.2477053
      </coordinates>
    </LineString>
  </Placemark>
  <Placemark>
    <name>P-1103</name>
    <ExtendedData>
      <Data name="id"><value>P-1103</value></Data>
      <Data name="source"><value>J-1104</value></Data>
      <Data name="target"><value>J-1105</value></Data>
    </ExtendedData>
    <LineString>
      <coordinates>
        88.2652154,24.2477053
        88.2657171,24.247817
        88.2658042,24.2479299
      </coordinates>
    </LineString>
  </Placemark>
  <Placemark>
    <name>P-1104</name>
    <ExtendedData>
      <Data name="id"><value>P-1104</value></Data>
      <Data name="source"><value>J-1104</value></Data>
      <Data name="target"><value>J-1106</value></Data>
    </ExtendedData>
    <LineString>
      <coordinates>
        88.2652154,24.2477053
        88.2653219,24.2474398
      </coordinates>
    </LineString>
  </Placemark>
  <Placemark>
    <name>P-1105</name>
    <ExtendedData>
      <Data name="id"><value>P-1105</value></Data>
      <Data name="source"><value>J-1106</value></Data>
      <Data name="target"><value>J-1107</value></Data>
    </ExtendedData>
    <LineString>
      <coordinates>
        88.2653219,24.2474398
        88.2653627,24.2473044
        88.2653583,24.2471321
      </coordinates>
    </LineString>
  </Placemark>
  <Placemark>
    <name>P-1106</name>
    <ExtendedData>
      <Data name="id"><value>P-1106</value></Data>
      <Data name="source"><value>J-1107</value></Data>
      <Data name="target"><value>J-1108</value></Data>
    </ExtendedData>
    <LineString>
      <coordinates>
        88.2653583,24.2471321
        88.265771,24.2471587
      </coordinates>
    </LineString>
  </Placemark>
  <Placemark>
    <name>P-1107</name>
    <ExtendedData>
      <Data name="id"><value>P-1107</value></Data>
      <Data name="source"><value>J-1107</value></Data>
      <Data name="target"><value>J-1109</value></Data>
    </ExtendedData>
    <LineString>
      <coordinates>
        88.2653583,24.2471321
        88.2651935,24.2471717
      </coordinates>
    </LineString>
  </Placemark>
  <Placemark>
    <name>P-1108</name>
    <ExtendedData>
      <Data name="id"><value>P-1108</value></Data>
      <Data name="source"><value>J-1106</value></Data>
      <Data name="target"><value>J-1110</value></Data>
    </ExtendedData>
    <LineString>
      <coordinates>
        88.2653219,24.2474398
        88.2645761,24.247443
        88.2643515,24.2474301
      </coordinates>
    </LineString>
  </Placemark>
  <Placemark>
    <name>P-1109</name>
    <ExtendedData>
      <Data name="id"><value>P-1109</value></Data>
      <Data name="source"><value>J-1107</value></Data>
      <Data name="target"><value>J-1111</value></Data>
    </ExtendedData>
    <LineString>
      <coordinates>
        88.2653583,24.2471321
        88.2653626,24.2470524
        88.2653083,24.2468006
      </coordinates>
    </LineString>
  </Placemark>
  <Placemark>
    <name>P-1110</name>
    <ExtendedData>
      <Data name="id"><value>P-1110</value></Data>
      <Data name="source"><value>J-1111</value></Data>
      <Data name="target"><value>J-1112</value></Data>
    </ExtendedData>
    <LineString>
      <coordinates>
        88.2653083,24.2468006
        88.2657494,24.2467376
      </coordinates>
    </LineString>
  </Placemark>
  <Placemark>
    <name>P-1111</name>
    <ExtendedData>
      <Data name="id"><value>P-1111</value></Data>
      <Data name="source"><value>J-1111</value></Data>
      <Data name="target"><value>J-1113</value></Data>
    </ExtendedData>
    <LineString>
      <coordinates>
        88.2653083,24.2468006
        88.2652788,24.2466641
        88.265271,24.2465106
      </coordinates>
    </LineString>
  </Placemark>
  <Placemark>
    <name>P-1112</name>
    <ExtendedData>
      <Data name="id"><value>P-1112</value></Data>
      <Data name="source"><value>J-1001</value></Data>
      <Data name="target"><value>J-1114</value></Data>
    </ExtendedData>
    <LineString>
      <coordinates>
        88.2719901,24.2471849
        88.2718896,24.247477
        88.2715484,24.2474778
      </coordinates>
    </LineString>
  </Placemark>
  <Placemark>
    <name>P-1113</name>
    <ExtendedData>
      <Data name="id"><value>P-1113</value></Data>
      <Data name="source"><value>J-1114</value></Data>
      <Data name="target"><value>J-1115</value></Data>
    </ExtendedData>
    <LineString>
      <coordinates>
        88.2715484,24.2474778
        88.2714084,24.2482917
        88.271149,24.2482649
      </coordinates>
    </LineString>
  </Placemark>
  <Placemark>
    <name>P-1114</name>
    <ExtendedData>
      <Data name="id"><value>P-1114</value></Data>
      <Data name="source"><value>J-1114</value></Data>
      <Data name="target"><value>J-1116</value></Data>
    </ExtendedData>
    <LineString>
      <coordinates>
        88.2715484,24.2474778
        88.2712257,24.2474934
      </coordinates>
    </LineString>
  </Placemark>
  <Placemark>
    <name>P-1115</name>
    <ExtendedData>
      <Data name="id"><value>P-1115</value></Data>
      <Data name="source"><value>J-1116</value></Data>
      <Data name="target"><value>J-1117</value></Data>
    </ExtendedData>
    <LineString>
      <coordinates>
        88.2712257,24.2474934
        88.2711299,24.2482359
      </coordinates>
    </LineString>
  </Placemark>
  <Placemark>
    <name>P-1116</name>
    <ExtendedData>
      <Data name="id"><value>P-1116</value></Data>
      <Data name="source"><value>J-1116</value></Data>
      <Data name="target"><value>J-1118</value></Data>
    </ExtendedData>
    <LineString>
      <coordinates>
        88.2712257,24.2474934
        88.2708977,24.247446
      </coordinates>
    </LineString>
  </Placemark>
  <Placemark>
    <name>P-1117</name>
    <ExtendedData>
      <Data name="id"><value>P-1117</value></Data>
      <Data name="source"><value>J-1118</value></Data>
      <Data name="target"><value>J-1119</value></Data>
    </ExtendedData>
    <LineString>
      <coordinates>
        88.2708977,24.247446
        88.2708196,24.2479821
      </coordinates>
    </LineString>
  </Placemark>
  <Placemark>
    <name>P-1118</name>
    <ExtendedData>
      <Data name="id"><value>P-1118</value></Data>
      <Data name="source"><value>J-1119</value></Data>
      <Data name="target"><value>J-1120</value></Data>
    </ExtendedData>
    <LineString>
      <coordinates>
        88.2708196,24.2479821
        88.270525,24.2479727
      </coordinates>
    </LineString>
  </Placemark>
  <Placemark>
    <name>P-1119</name>
    <ExtendedData>
      <Data name="id"><value>P-1119</value></Data>
      <Data name="source"><value>J-1119</value></Data>
      <Data name="target"><value>J-1121</value></Data>
    </ExtendedData>
    <LineString>
      <coordinates>
        88.2708196,24.2479821
        88.2707847,24.2482168
      </coordinates>
    </LineString>
  </Placemark>
  <Placemark>
    <name>P-1120</name>
    <ExtendedData>
      <Data name="id"><value>P-1120</value></Data>
      <Data name="source"><value>J-1118</value></Data>
      <Data name="target"><value>J-1122</value></Data>
    </ExtendedData>
    <LineString>
      <coordinates>
        88.2708977,24.247446
        88.2705716,24.2473943
        88.2704852,24.2481427
        88.2704097,24.2481938
      </coordinates>
    </LineString>
  </Placemark>
  <Placemark>
    <name>P-1121</name>
    <ExtendedData>
      <Data name="id"><value>P-1121</value></Data>
      <Data name="source"><value>J-1115</value></Data>
      <Data name="target"><value>J-1123</value></Data>
    </ExtendedData>
    <LineString>
      <coordinates>
        88.271149,24.2482649
        88.2708626,24.2482498
      </coordinates>
    </LineString>
  </Placemark>
  <Placemark>
    <name>P-1122</name>
    <ExtendedData>
      <Data name="id"><value>P-1122</value></Data>
      <Data name="source"><value>J-1123</value></Data>
      <Data name="target"><value>J-1124</value></Data>
    </ExtendedData>
    <LineString>
      <coordinates>
        88.2708626,24.2482498
        88.2707825,24.2484001
        88.2707186,24.2485814
        88.2705833,24.248747
      </coordinates>
    </LineString>
  </Placemark>
  <Placemark>
    <name>P-1123</name>
    <ExtendedData>
      <Data name="id"><value>P-1123</value></Data>
      <Data name="source"><value>J-1124</value></Data>
      <Data name="target"><value>J-1125</value></Data>
    </ExtendedData>
    <LineString>
      <coordinates>
        88.2705833,24.248747
        88.2704928,24.2489198
        88.2704933,24.2491061
      </coordinates>
    </LineString>
  </Placemark>
  <Placemark>
    <name>P-1124</name>
    <ExtendedData>
      <Data name="id"><value>P-1124</value></Data>
      <Data name="source"><value>J-1123</value></Data>
      <Data name="target"><value>J-1126</value></Data>
    </ExtendedData>
    <LineString>
      <coordinates>
        88.2708626,24.2482498
        88.2707789,24.2482423
      </coordinates>
    </LineString>
  </Placemark>
  <Placemark>
    <name>P-1125</name>
    <ExtendedData>
      <Data name="id"><value>P-1125</value></Data>
      <Data name="source"><value>J-1126</value></Data>
      <Data name="target"><value>J-1127</value></Data>
    </ExtendedData>
    <LineString>
      <coordinates>
        88.2707789,24.2482423
        88.2706411,24.2484178
        88.2703732,24.2489374
        88.2703327,24.2491399
      </coordinates>
    </LineString>
  </Placemark>
  <Placemark>
    <name>P-1126</name>
    <ExtendedData>
      <Data name="id"><value>P-1126</value></Data>
      <Data name="source"><value>J-1126</value></Data>
      <Data name="target"><value>J-1128</value></Data>
    </ExtendedData>
    <LineString>
      <coordinates>
        88.2707789,24.2482423
        88.2704341,24.2482043
      </coordinates>
    </LineString>
  </Placemark>
  <Placemark>
    <name>P-1127</name>
    <ExtendedData>
      <Data name="id"><value>P-1127</value></Data>
      <Data name="source"><value>J-1001</value></Data>
      <Data name="target"><value>J-1129</value></Data>
    </ExtendedData>
    <LineString>
      <coordinates>
        88.2719901,24.2471849
        88.2716789,24.2470328
        88.2702257,24.2464108
      </coordinates>
    </LineString>
  </Placemark>
  <Placemark>
    <name>P-1128</name>
    <ExtendedData>
      <Data name="id"><value>P-1128</value></Data>
      <Data name="source"><value>J-1129</value></Data>
      <Data name="target"><value>J-1130</value></Data>
    </ExtendedData>
    <LineString>
      <coordinates>
        88.2702257,24.2464108
        88.2701063,24.2466751
        88.2699271,24.2472213
      </coordinates>
    </LineString>
  </Placemark>
  <Placemark>
    <name>P-1129</name>
    <ExtendedData>
      <Data name="id"><value>P-1129</value></Data>
      <Data name="source"><value>J-1130</value></Data>
      <Data name="target"><value>J-1131</value></Data>
    </ExtendedData>
    <LineString>
      <coordinates>
        88.2699271,24.2472213
        88.2699134,24.2472816
        88.2699061,24.2473694
      </coordinates>
    </LineString>
  </Placemark>
  <Placemark>
    <name>P-1130</name>
    <ExtendedData>
      <Data name="id"><value>P-1130</value></Data>
      <Data name="source"><value>J-1131</value></Data>
      <Data name="target"><value>J-1132</value></Data>
    </ExtendedData>
    <LineString>
      <coordinates>
        88.2699061,24.2473694
        88.2698669,24.2478192
      </coordinates>
    </LineString>
  </Placemark>
  <Placemark>
    <name>P-1131</name>
    <ExtendedData>
      <Data name="id"><value>P-1131</value></Data>
      <Data name="source"><value>J-1131</value></Data>
      <Data name="target"><value>J-1133</value></Data>
    </ExtendedData>
    <LineString>
      <coordinates>
        88.2699061,24.2473694
        88.2696216,24.2473295
      </coordinates>
    </LineString>
  </Placemark>
  <Placemark>
    <name>P-1132</name>
    <ExtendedData>
      <Data name="id"><value>P-1132</value></Data>
      <Data name="source"><value>J-1130</value></Data>
      <Data name="target"><value>J-1134</value></Data>
    </ExtendedData>
    <LineString>
      <coordinates>
        88.2699271,24.2472213
        88.2696588,24.2471572
        88.2695973,24.2473283
        88.2695618,24.2480667
      </coordinates>
    </LineString>
  </Placemark>
  <Placemark>
    <name>P-1133</name>
    <ExtendedData>
      <Data name="id"><value>P-1133</value></Data>
      <Data name="source"><value>J-1129</value></Data>
      <Data name="target"><value>J-1135</value></Data>
    </ExtendedData>
    <LineString>
      <coordinates>
        88.2702257,24.2464108
        88.2697348,24.2462031
        88.2696276,24.2461609
      </coordinates>
    </LineString>
  </Placemark>
  <Placemark>
    <name>P-1134</name>
    <ExtendedData>
      <Data name="id"><value>P-1134</value></Data>
      <Data name="source"><value>J-1135</value></Data>
      <Data name="target"><value>J-1136</value></Data>
    </ExtendedData>
    <LineString>
      <coordinates>
        88.2696276,24.2461609
        88.2695025,24.2465981
        88.2694458,24.2469102
      </coordinates>
    </LineString>
  </Placemark>
  <Placemark>
    <name>P-1135</name>
    <ExtendedData>
      <Data name="id"><value>P-1135</value></Data>
      <Data name="source"><value>J-1136</value></Data>
      <Data name="target"><value>J-1137</value></Data>
    </ExtendedData>
    <LineString>
      <coordinates>
        88.2694458,24.2469102
        88.2694576,24.2470631
        88.2694849,24.2472068
        88.269473,24.2473048
      </coordinates>
    </LineString>
  </Placemark>
  <Placemark>
    <name>P-1136</name>
    <ExtendedData>
      <Data name="id"><value>P-1136</value></Data>
      <Data name="source"><value>J-1137</value></Data>
      <Data name="target"><value>J-1138</value></Data>
    </ExtendedData>
    <LineString>
      <coordinates>
        88.269473,24.2473048
        88.2695799,24.2473232
      </coordinates>
    </LineString>
  </Placemark>
  <Placemark>
    <name>P-1137</name>
    <ExtendedData>
      <Data name="id"><value>P-1137</value></Data>
      <Data name="source"><value>J-1137</value></Data>
      <Data name="target"><value>J-1139</value></Data>
    </ExtendedData>
    <LineString>
      <coordinates>
        88.269473,24.2473048
        88.2692915,24.2472766
        88.2692434,24.247326
        88.2692499,24.2475711
        88.2692936,24.2480992
      </coordinates>
    </LineString>
  </Placemark>
  <Placemark>
    <name>P-1138</name>
    <ExtendedData>
      <Data name="id"><value>P-1138</value></Data>
      <Data name="source"><value>J-1135</value></Data>
      <Data name="target"><value>J-1140</value></Data>
    </ExtendedData>
    <LineString>
      <coordinates>
        88.2696276,24.2461609
        88.2693444,24.2460298
      </coordinates>
    </LineString>
  </Placemark>
  <Placemark>
    <name>P-1139</name>
    <ExtendedData>
      <Data name="id"><value>P-1139</value></Data>
      <Data name="source"><value>J-1140</value></Data>
      <Data name="target"><value>J-1141</value></Data>
    </ExtendedData>
    <LineString>
      <coordinates>
        88.2693444,24.2460298
        88.2690431,24.2468501
      </coordinates>
    </LineString>
  </Placemark>
  <Placemark>
    <name>P-1140</name>
    <ExtendedData>
      <Data name="id"><value>P-1140</value></Data>
      <Data name="source"><value>J-1140</value></Data>
      <Data name="target"><value>J-1142</value></Data>
    </ExtendedData>
    <LineString>
      <coordinates>
        88.2693444,24.2460298
        88.2688836,24.2458185
        88.2684142,24.2456532
        88.2679334,24.2455993
        88.2678752,24.2456021
      </coordinates>
    </LineString>
  </Placemark>
  <Placemark>
    <name>P-1141</name>
    <ExtendedData>
      <Data name="id"><value>P-1141</value></Data>
      <Data name="source"><value>J-1142</value></Data>
      <Data name="target"><value>J-1143</value></Data>
    </ExtendedData>
    <LineString>
      <coordinates>
        88.2678752,24.2456021
        88.2678432,24.2459431
        88.2678378,24.2461633
      </coordinates>
    </LineString>
  </Placemark>
  <Placemark>
    <name>P-1142</name>
    <ExtendedData>
      <Data name="id"><value>P-1142</value></Data>
      <Data name="source"><value>J-1143</value></Data>
      <Data name="target"><value>J-1144</value></Data>
    </ExtendedData>
    <LineString>
      <coordinates>
        88.2678378,24.2461633
        88.2678533,24.2464507
      </coordinates>
    </LineString>
  </Placemark>
  <Placemark>
    <name>P-1143</name>
    <ExtendedData>
      <Data name="id"><value>P-1143</value></Data>
      <Data name="source"><value>J-1143</value></Data>
      <Data name="target"><value>J-1145</value></Data>
    </ExtendedData>
    <LineString>
      <coordinates>
        88.2678378,24.2461633
        88.2675596,24.2461431
      </coordinates>
    </LineString>
  </Placemark>
  <Placemark>
    <name>P-1144</name>
    <ExtendedData>
      <Data name="id"><value>P-1144</value></Data>
      <Data name="source"><value>J-1145</value></Data>
      <Data name="target"><value>J-1146</value></Data>
    </ExtendedData>
    <LineString>
      <coordinates>
        88.2675596,24.2461431
        88.267569,24.2459472
      </coordinates>
    </LineString>
  </Placemark>
  <Placemark>
    <name>P-1145</name>
    <ExtendedData>
      <Data name="id"><value>P-1145</value></Data>
      <Data name="source"><value>J-1145</value></Data>
      <Data name="target"><value>J-1147</value></Data>
    </ExtendedData>
    <LineString>
      <coordinates>
        88.2675596,24.2461431
        88.2673152,24.2461274
        88.267295,24.2460504
        88.2670618,24.2460316
      </coordinates>
    </LineString>
  </Placemark>
  <Placemark>
    <name>P-1146</name>
    <ExtendedData>
      <Data name="id"><value>P-1146</value></Data>
      <Data name="source"><value>J-1142</value></Data>
      <Data name="target"><value>J-1148</value></Data>
    </ExtendedData>
    <LineString>
      <coordinates>
        88.2678752,24.2456021
        88.2670821,24.2454866
      </coordinates>
    </LineString>
  </Placemark>
  <Placemark>
    <name>P-1147</name>
    <ExtendedData>
      <Data name="id"><value>P-1147</value></Data>
      <Data name="source"><value>J-1148</value></Data>
      <Data name="target"><value>J-1149</value></Data>
    </ExtendedData>
    <LineString>
      <coordinates>
        88.2670821,24.2454866
        88.2670197,24.2461404
      </coordinates>
    </LineString>
  </Placemark>
  <Placemark>
    <name>P-1148</name>
    <ExtendedData>
      <Data name="id"><value>P-1148</value></Data>
      <Data name="source"><value>J-1149</value></Data>
      <Data name="target"><value>J-1150</value></Data>
    </ExtendedData>
    <LineString>
      <coordinates>
        88.2670197,24.2461404
        88.2670058,24.246523
        88.2670234,24.2470189
        88.2674581,24.2470037
      </coordinates>
    </LineString>
  </Placemark>
  <Placemark>
    <name>P-1149</name>
    <ExtendedData>
      <Data name="id"><value>P-1149</value></Data>
      <Data name="source"><value>J-1149</value></Data>
      <Data name="target"><value>J-1151</value></Data>
    </ExtendedData>
    <LineString>
      <coordinates>
        88.2670197,24.2461404
        88.2662723,24.2460023
      </coordinates>
    </LineString>
  </Placemark>
  <Placemark>
    <name>P-1150</name>
    <ExtendedData>
      <Data name="id"><value>P-1150</value></Data>
      <Data name="source"><value>J-1148</value></Data>
      <Data name="target"><value>J-1152</value></Data>
    </ExtendedData>
    <LineString>
      <coordinates>
        88.2670821,24.2454866
        88.2666632,24.2455023
        88.266329,24.2454587
      </coordinates>
    </LineString>
  </Placemark>
  <Placemark>
    <name>P-1151</name>
    <ExtendedData>
      <Data name="id"><value>P-1151</value></Data>
      <Data name="source"><value>J-1152</value></Data>
      <Data name="target"><value>J-1153</value></Data>
    </ExtendedData>
    <LineString>
      <coordinates>
        88.266329,24.2454587
        88.2662415,24.2460668
        88.2661627,24.2462761
        88.2661251,24.2463065
        88.266058,24.2463523
      </coordinates>
    </LineString>
  </Placemark>
  <Placemark>
    <name>P-1152</name>
    <ExtendedData>
      <Data name="id"><value>P-1152</value></Data>
      <Data name="source"><value>J-1153</value></Data>
      <Data name="target"><value>J-1154</value></Data>
    </ExtendedData>
    <LineString>
      <coordinates>
        88.266058,24.2463523
        88.2660453,24.2459899
        88.2660709,24.245776
        88.2660678,24.2454645
      </coordinates>
    </LineString>
  </Placemark>
  <Placemark>
    <name>P-1153</name>
    <ExtendedData>
      <Data name="id"><value>P-1153</value></Data>
      <Data name="source"><value>J-1153</value></Data>
      <Data name="target"><value>J-1155</value></Data>
    </ExtendedData>
    <LineString>
      <coordinates>
        88.266058,24.2463523
        88.2656976,24.2464239
      </coordinates>
    </LineString>
  </Placemark>
  <Placemark>
    <name>P-1154</name>
    <ExtendedData>
      <Data name="id"><value>P-1154</value></Data>
      <Data name="source"><value>J-1155</value></Data>
      <Data name="target"><value>J-1156</value></Data>
    </ExtendedData>
    <LineString>
      <coordinates>
        88.2656976,24.2464239
        88.2656152,24.245953
      </coordinates>
    </LineString>
  </Placemark>
  <Placemark>
    <name>P-1155</name>
    <ExtendedData>
      <Data name="id"><value>P-1155</value></Data>
      <Data name="source"><value>J-1155</value></Data>
      <Data name="target"><value>J-1157</value></Data>
    </ExtendedData>
    <LineString>
      <coordinates>
        88.2656976,24.2464239
        88.2655318,24.2464593
        88.2652785,24.2464756
      </coordinates>
    </LineString>
  </Placemark>
  <Placemark>
    <name>P-1156</name>
    <ExtendedData>
      <Data name="id"><value>P-1156</value></Data>
      <Data name="source"><value>J-1155</value></Data>
      <Data name="target"><value>J-1158</value></Data>
    </ExtendedData>
    <LineString>
      <coordinates>
        88.2656976,24.2464239
        88.2657992,24.2468713
        88.2658012,24.2471641
      </coordinates>
    </LineString>
  </Placemark>
  <Placemark>
    <name>P-1157</name>
    <ExtendedData>
      <Data name="id"><value>P-1157</value></Data>
      <Data name="source"><value>J-1158</value></Data>
      <Data name="target"><value>J-1159</value></Data>
    </ExtendedData>
    <LineString>
      <coordinates>
        88.2658012,24.2471641
        88.2661728,24.2471825
      </coordinates>
    </LineString>
  </Placemark>
  <Placemark>
    <name>P-1158</name>
    <ExtendedData>
      <Data name="id"><value>P-1158</value></Data>
      <Data name="source"><value>J-1158</value></Data>
      <Data name="target"><value>J-1160</value></Data>
    </ExtendedData>
    <LineString>
      <coordinates>
        88.2658012,24.2471641
        88.2657803,24.2478568
      </coordinates>
    </LineString>
  </Placemark>
  <Placemark>
    <name>P-1159</name>
    <ExtendedData>
      <Data name="id"><value>P-1159</value></Data>
      <Data name="source"><value>J-1152</value></Data>
      <Data name="target"><value>J-1161</value></Data>
    </ExtendedData>
    <LineString>
      <coordinates>
        88.266329,24.2454587
        88.2661321,24.2454338
      </coordinates>
    </LineString>
  </Placemark>
  <Placemark>
    <name>P-1160</name>
    <ExtendedData>
      <Data name="id"><value>P-1160</value></Data>
      <Data name="source"><value>J-1161</value></Data>
      <Data name="target"><value>J-1162</value></Data>
    </ExtendedData>
    <LineString>
      <coordinates>
        88.2661321,24.2454338
        88.2661456,24.2450071
      </coordinates>
    </LineString>
  </Placemark>
  <Placemark>
    <name>P-1161</name>
    <ExtendedData>
      <Data name="id"><value>P-1161</value></Data>
      <Data name="source"><value>J-1161</value></Data>
      <Data name="target"><value>J-1163</value></Data>
    </ExtendedData>
    <LineString>
      <coordinates>
        88.2661321,24.2454338
        88.2658917,24.2454056
        88.2657878,24.245381
      </coordinates>
    </LineString>
  </Placemark>
  <Placemark>
    <name>P-1162</name>
    <ExtendedData>
      <Data name="id"><value>P-1162</value></Data>
      <Data name="source"><value>J-1163</value></Data>
      <Data name="target"><value>J-1164</value></Data>
    </ExtendedData>
    <LineString>
      <coordinates>
        88.2657878,24.245381
        88.2658164,24.2449565
      </coordinates>
    </LineString>
  </Placemark>
  <Placemark>
    <name>P-1163</name>
    <ExtendedData>
      <Data name="id"><value>P-1163</value></Data>
      <Data name="source"><value>J-1163</value></Data>
      <Data name="target"><value>J-1165</value></Data>
    </ExtendedData>
    <LineString>
      <coordinates>
        88.2657878,24.245381
        88.265456,24.2453188
      </coordinates>
    </LineString>
  </Placemark>
  <Placemark>
    <name>P-1164</name>
    <ExtendedData>
      <Data name="id"><value>P-1164</value></Data>
      <Data name="source"><value>J-1165</value></Data>
      <Data name="target"><value>J-1166</value></Data>
    </ExtendedData>
    <LineString>
      <coordinates>
        88.265456,24.2453188
        88.2654927,24.2449453
        88.2654831,24.2447414
      </coordinates>
    </LineString>
  </Placemark>
  <Placemark>
    <name>P-1165</name>
    <ExtendedData>
      <Data name="id"><value>P-1165</value></Data>
      <Data name="source"><value>J-1165</value></Data>
      <Data name="target"><value>J-1167</value></Data>
    </ExtendedData>
    <LineString>
      <coordinates>
        88.265456,24.2453188
        88.2653247,24.2452971
      </coordinates>
    </LineString>
  </Placemark>
  <Placemark>
    <name>P-1166</name>
    <ExtendedData>
      <Data name="id"><value>P-1166</value></Data>
      <Data name="source"><value>J-1167</value></Data>
      <Data name="target"><value>J-1168</value></Data>
    </ExtendedData>
    <LineString>
      <coordinates>
        88.2653247,24.2452971
        88.2652567,24.2456905
        88.2652547,24.2458006
      </coordinates>
    </LineString>
  </Placemark>
  <Placemark>
    <name>P-1167</name>
    <ExtendedData>
      <Data name="id"><value>P-1167</value></Data>
      <Data name="source"><value>J-1168</value></Data>
      <Data name="target"><value>J-1169</value></Data>
    </ExtendedData>
    <LineString>
      <coordinates>
        88.2652547,24.2458006
        88.2648435,24.2457693
        88.2648698,24.2452316
      </coordinates>
    </LineString>
  </Placemark>
  <Placemark>
    <name>P-1168</name>
    <ExtendedData>
      <Data name="id"><value>P-1168</value></Data>
      <Data name="source"><value>J-1168</value></Data>
      <Data name="target"><value>J-1170</value></Data>
    </ExtendedData>
    <LineString>
      <coordinates>
        88.2652547,24.2458006
        88.2652643,24.2464525
      </coordinates>
    </LineString>
  </Placemark>
  <Placemark>
    <name>P-1169</name>
    <ExtendedData>
      <Data name="id"><value>P-1169</value></Data>
      <Data name="source"><value>J-1167</value></Data>
      <Data name="target"><value>J-1171</value></Data>
    </ExtendedData>
    <LineString>
      <coordinates>
        88.2653247,24.2452971
        88.2652073,24.2452779
      </coordinates>
    </LineString>
  </Placemark>
  <Placemark>
    <name>P-1170</name>
    <ExtendedData>
      <Data name="id"><value>P-1170</value></Data>
      <Data name="source"><value>J-1171</value></Data>
      <Data name="target"><value>J-1172</value></Data>
    </ExtendedData>
    <LineString>
      <coordinates>
        88.2652073,24.2452779
        88.2652565,24.2444647
      </coordinates>
    </LineString>
  </Placemark>
  <Placemark>
    <name>P-1171</name>
    <ExtendedData>
      <Data name="id"><value>P-1171</value></Data>
      <Data name="source"><value>J-1171</value></Data>
      <Data name="target"><value>J-1173</value></Data>
    </ExtendedData>
    <LineString>
      <coordinates>
        88.2652073,24.2452779
        88.2650621,24.2452568
        88.2649607,24.2452298
      </coordinates>
    </LineString>
  </Placemark>
  <Placemark>
    <name>P-1172</name>
    <ExtendedData>
      <Data name="id"><value>P-1172</value></Data>
      <Data name="source"><value>J-1173</value></Data>
      <Data name="target"><value>J-1174</value></Data>
    </ExtendedData>
    <LineString>
      <coordinates>
        88.2649607,24.2452298
        88.2649767,24.2448055
      </coordinates>
    </LineString>
  </Placemark>
  <Placemark>
    <name>P-1173</name>
    <ExtendedData>
      <Data name="id"><value>P-1173</value></Data>
      <Data name="source"><value>J-1173</value></Data>
      <Data name="target"><value>J-1175</value></Data>
    </ExtendedData>
    <LineString>
      <coordinates>
        88.2649607,24.2452298
        88.264687,24.2451602
        88.264601,24.245154
      </coordinates>
    </LineString>
  </Placemark>
  <Placemark>
    <name>P-1174</name>
    <ExtendedData>
      <Data name="id"><value>P-1174</value></Data>
      <Data name="source"><value>J-1175</value></Data>
      <Data name="target"><value>J-1176</value></Data>
    </ExtendedData>
    <LineString>
      <coordinates>
        88.264601,24.245154
        88.2646304,24.2448037
      </coordinates>
    </LineString>
  </Placemark>
  <Placemark>
    <name>P-1175</name>
    <ExtendedData>
      <Data name="id"><value>P-1175</value></Data>
      <Data name="source"><value>J-1175</value></Data>
      <Data name="target"><value>J-1177</value></Data>
    </ExtendedData>
    <LineString>
      <coordinates>
        88.264601,24.245154
        88.2643223,24.2451241
      </coordinates>
    </LineString>
  </Placemark>
  <Placemark>
    <name>P-1176</name>
    <ExtendedData>
      <Data name="id"><value>P-1176</value></Data>
      <Data name="source"><value>J-1177</value></Data>
      <Data name="target"><value>J-1178</value></Data>
    </ExtendedData>
    <LineString>
      <coordinates>
        88.2643223,24.2451241
        88.2643075,24.2455623
        88.2641605,24.2457258
        88.2641491,24.2458476
      </coordinates>
    </LineString>
  </Placemark>
  <Placemark>
    <name>P-1177</name>
    <ExtendedData>
      <Data name="id"><value>P-1177</value></Data>
      <Data name="source"><value>J-1178</value></Data>
      <Data name="target"><value>J-1179</value></Data>
    </ExtendedData>
    <LineString>
      <coordinates>
        88.2641491,24.2458476
        88.2637797,24.2458825
      </coordinates>
    </LineString>
  </Placemark>
  <Placemark>
    <name>P-1178</name>
    <ExtendedData>
      <Data name="id"><value>P-1178</value></Data>
      <Data name="source"><value>J-1178</value></Data>
      <Data name="target"><value>J-1180</value></Data>
    </ExtendedData>
    <LineString>
      <coordinates>
        88.2641491,24.2458476
        88.2641383,24.2462009
      </coordinates>
    </LineString>
  </Placemark>
  <Placemark>
    <name>P-1179</name>
    <ExtendedData>
      <Data name="id"><value>P-1179</value></Data>
      <Data name="source"><value>J-1180</value></Data>
      <Data name="target"><value>J-1181</value></Data>
    </ExtendedData>
    <LineString>
      <coordinates>
        88.2641383,24.2462009
        88.2638714,24.2462032
      </coordinates>
    </LineString>
  </Placemark>
  <Placemark>
    <name>P-1180</name>
    <ExtendedData>
      <Data name="id"><value>P-1180</value></Data>
      <Data name="source"><value>J-1181</value></Data>
      <Data name="target"><value>J-1182</value></Data>
    </ExtendedData>
    <LineString>
      <coordinates>
        88.2638714,24.2462032
        88.2635861,24.2461925
      </coordinates>
    </LineString>
  </Placemark>
  <Placemark>
    <name>P-1181</name>
    <ExtendedData>
      <Data name="id"><value>P-1181</value></Data>
      <Data name="source"><value>J-1182</value></Data>
      <Data name="target"><value>J-1183</value></Data>
    </ExtendedData>
    <LineString>
      <coordinates>
        88.2635861,24.2461925
        88.2632036,24.246166
      </coordinates>
    </LineString>
  </Placemark>
  <Placemark>
    <name>P-1182</name>
    <ExtendedData>
      <Data name="id"><value>P-1182</value></Data>
      <Data name="source"><value>J-1183</value></Data>
      <Data name="target"><value>J-1184</value></Data>
    </ExtendedData>
    <LineString>
      <coordinates>
        88.2632036,24.246166
        88.262882,24.2461141
        88.262619,24.2460497
      </coordinates>
    </LineString>
  </Placemark>
  <Placemark>
    <name>P-1183</name>
    <ExtendedData>
      <Data name="id"><value>P-1183</value></Data>
      <Data name="source"><value>J-1183</value></Data>
      <Data name="target"><value>J-1185</value></Data>
    </ExtendedData>
    <LineString>
      <coordinates>
        88.2632036,24.246166
        88.263135,24.246454
      </coordinates>
    </LineString>
  </Placemark>
  <Placemark>
    <name>P-1184</name>
    <ExtendedData>
      <Data name="id"><value>P-1184</value></Data>
      <Data name="source"><value>J-1182</value></Data>
      <Data name="target"><value>J-1186</value></Data>
    </ExtendedData>
    <LineString>
      <coordinates>
        88.2635861,24.2461925
        88.2635683,24.2464938
      </coordinates>
    </LineString>
  </Placemark>
  <Placemark>
    <name>P-1185</name>
    <ExtendedData>
      <Data name="id"><value>P-1185</value></Data>
      <Data name="source"><value>J-1181</value></Data>
      <Data name="target"><value>J-1187</value></Data>
    </ExtendedData>
    <LineString>
      <coordinates>
        88.2638714,24.2462032
        88.2638465,24.2465002
      </coordinates>
    </LineString>
  </Placemark>
  <Placemark>
    <name>P-1186</name>
    <ExtendedData>
      <Data name="id"><value>P-1186</value></Data>
      <Data name="source"><value>J-1180</value></Data>
      <Data name="target"><value>J-1188</value></Data>
    </ExtendedData>
    <LineString>
      <coordinates>
        88.2641383,24.2462009
        88.2641218,24.2465356
      </coordinates>
    </LineString>
  </Placemark>
  <Placemark>
    <name>P-1187</name>
    <ExtendedData>
      <Data name="id"><value>P-1187</value></Data>
      <Data name="source"><value>J-1188</value></Data>
      <Data name="target"><value>J-1189</value></Data>
    </ExtendedData>
    <LineString>
      <coordinates>
        88.2641218,24.2465356
        88.2637928,24.2465174
      </coordinates>
    </LineString>
  </Placemark>
  <Placemark>
    <name>P-1188</name>
    <ExtendedData>
      <Data name="id"><value>P-1188</value></Data>
      <Data name="source"><value>J-1189</value></Data>
      <Data name="target"><value>J-1190</value></Data>
    </ExtendedData>
    <LineString>
      <coordinates>
        88.2637928,24.2465174
        88.2631284,24.2464938
        88.2629727,24.2464951
      </coordinates>
    </LineString>
  </Placemark>
  <Placemark>
    <name>P-1189</name>
    <ExtendedData>
      <Data name="id"><value>P-1189</value></Data>
      <Data name="source"><value>J-1190</value></Data>
      <Data name="target"><value>J-1191</value></Data>
    </ExtendedData>
    <LineString>
      <coordinates>
        88.2629727,24.2464951
        88.2623836,24.2464793
      </coordinates>
    </LineString>
  </Placemark>
  <Placemark>
    <name>P-1190</name>
    <ExtendedData>
      <Data name="id"><value>P-1190</value></Data>
      <Data name="source"><value>J-1190</value></Data>
      <Data name="target"><value>J-1192</value></Data>
    </ExtendedData>
    <LineString>
      <coordinates>
        88.2629727,24.2464951
        88.2629395,24.2468918
      </coordinates>
    </LineString>
  </Placemark>
  <Placemark>
    <name>P-1191</name>
    <ExtendedData>
      <Data name="id"><value>P-1191</value></Data>
      <Data name="source"><value>J-1188</value></Data>
      <Data name="target"><value>J-1193</value></Data>
    </ExtendedData>
    <LineString>
      <coordinates>
        88.2641218,24.2465356
        88.2641144,24.2468851
      </coordinates>
    </LineString>
  </Placemark>
  <Placemark>
    <name>P-1192</name>
    <ExtendedData>
      <Data name="id"><value>P-1192</value></Data>
      <Data name="source"><value>J-1193</value></Data>
      <Data name="target"><value>J-1194</value></Data>
    </ExtendedData>
    <LineString>
      <coordinates>
        88.2641144,24.2468851
        88.2641083,24.2470428
      </coordinates>
    </LineString>
  </Placemark>
  <Placemark>
    <name>P-1193</name>
    <ExtendedData>
      <Data name="id"><value>P-1193</value></Data>
      <Data name="source"><value>J-1194</value></Data>
      <Data name="target"><value>J-1195</value></Data>
    </ExtendedData>
    <LineString>
      <coordinates>
        88.2641083,24.2470428
        88.2643236,24.2470758
      </coordinates>
    </LineString>
  </Placemark>
  <Placemark>
    <name>P-1194</name>
    <ExtendedData>
      <Data name="id"><value>P-1194</value></Data>
      <Data name="source"><value>J-1195</value></Data>
      <Data name="target"><value>J-1196</value></Data>
    </ExtendedData>
    <LineString>
      <coordinates>
        88.2643236,24.2470758
        88.2645562,24.2470761
        88.2652902,24.2469101
      </coordinates>
    </LineString>
  </Placemark>
  <Placemark>
    <name>P-1195</name>
    <ExtendedData>
      <Data name="id"><value>P-1195</value></Data>
      <Data name="source"><value>J-1195</value></Data>
      <Data name="target"><value>J-1197</value></Data>
    </ExtendedData>
    <LineString>
      <coordinates>
        88.2643236,24.2470758
        88.2643313,24.2474262
        88.2642894,24.2474358
      </coordinates>
    </LineString>
  </Placemark>
  <Placemark>
    <name>P-1196</name>
    <ExtendedData>
      <Data name="id"><value>P-1196</value></Data>
      <Data name="source"><value>J-1194</value></Data>
      <Data name="target"><value>J-1198</value></Data>
    </ExtendedData>
    <LineString>
      <coordinates>
        88.2641083,24.2470428
        88.2641163,24.2474145
      </coordinates>
    </LineString>
  </Placemark>
  <Placemark>
    <name>P-1197</name>
    <ExtendedData>
      <Data name="id"><value>P-1197</value></Data>
      <Data name="source"><value>J-1198</value></Data>
      <Data name="target"><value>J-1199</value></Data>
    </ExtendedData>
    <LineString>
      <coordinates>
        88.2641163,24.2474145
        88.2642743,24.2474429
        88.2642048,24.2478236
        88.2646658,24.2479125
      </coordinates>
    </LineString>
  </Placemark>
  <Placemark>
    <name>P-1198</name>
    <ExtendedData>
      <Data name="id"><value>P-1198</value></Data>
      <Data name="source"><value>J-1199</value></Data>
      <Data name="target"><value>J-1200</value></Data>
    </ExtendedData>
    <LineString>
      <coordinates>
        88.2646658,24.2479125
        88.2649594,24.2479471
        88.2650813,24.2480018
      </coordinates>
    </LineString>
  </Placemark>
  <Placemark>
    <name>P-1199</name>
    <ExtendedData>
      <Data name="id"><value>P-1199</value></Data>
      <Data name="source"><value>J-1199</value></Data>
      <Data name="target"><value>J-1201</value></Data>
    </ExtendedData>
    <LineString>
      <coordinates>
        88.2646658,24.2479125
        88.2645329,24.2483837
      </coordinates>
    </LineString>
  </Placemark>
  <Placemark>
    <name>P-1200</name>
    <ExtendedData>
      <Data name="id"><value>P-1200</value></Data>
      <Data name="source"><value>J-1198</value></Data>
      <Data name="target"><value>J-1202</value></Data>
    </ExtendedData>
    <LineString>
      <coordinates>
        88.2641163,24.2474145
        88.2637632,24.2473782
      </coordinates>
    </LineString>
  </Placemark>
  <Placemark>
    <name>P-1201</name>
    <ExtendedData>
      <Data name="id"><value>P-1201</value></Data>
      <Data name="source"><value>J-1193</value></Data>
      <Data name="target"><value>J-1203</value></Data>
    </ExtendedData>
    <LineString>
      <coordinates>
        88.2641144,24.2468851
        88.263831,24.2469065
      </coordinates>
    </LineString>
  </Placemark>
  <Placemark>
    <name>P-1202</name>
    <ExtendedData>
      <Data name="id"><value>P-1202</value></Data>
      <Data name="source"><value>J-1189</value></Data>
      <Data name="target"><value>J-1204</value></Data>
    </ExtendedData>
    <LineString>
      <coordinates>
        88.2637928,24.2465174
        88.2638169,24.246955
        88.2637328,24.2474008
        88.2637033,24.2474868
      </coordinates>
    </LineString>
  </Placemark>
  <Placemark>
    <name>P-1203</name>
    <ExtendedData>
      <Data name="id"><value>P-1203</value></Data>
      <Data name="source"><value>J-1204</value></Data>
      <Data name="target"><value>J-1205</value></Data>
    </ExtendedData>
    <LineString>
      <coordinates>
        88.2637033,24.2474868
        88.2634145,24.2474289
      </coordinates>
    </LineString>
  </Placemark>
  <Placemark>
    <name>P-1204</name>
    <ExtendedData>
      <Data name="id"><value>P-1204</value></Data>
      <Data name="source"><value>J-1204</value></Data>
      <Data name="target"><value>J-1206</value></Data>
    </ExtendedData>
    <LineString>
      <coordinates>
        88.2637033,24.2474868
        88.2636176,24.247768
        88.2635069,24.2480842
      </coordinates>
    </LineString>
  </Placemark>
  <Placemark>
    <name>P-1205</name>
    <ExtendedData>
      <Data name="id"><value>P-1205</value></Data>
      <Data name="source"><value>J-1177</value></Data>
      <Data name="target"><value>J-1207</value></Data>
    </ExtendedData>
    <LineString>
      <coordinates>
        88.2643223,24.2451241
        88.2640843,24.2450904
      </coordinates>
    </LineString>
  </Placemark>
  <Placemark>
    <name>P-1206</name>
    <ExtendedData>
      <Data name="id"><value>P-1206</value></Data>
      <Data name="source"><value>J-1207</value></Data>
      <Data name="target"><value>J-1208</value></Data>
    </ExtendedData>
    <LineString>
      <coordinates>
        88.2640843,24.2450904
        88.2640517,24.2453904
      </coordinates>
    </LineString>
  </Placemark>
  <Placemark>
    <name>P-1207</name>
    <ExtendedData>
      <Data name="id"><value>P-1207</value></Data>
      <Data name="source"><value>J-1207</value></Data>
      <Data name="target"><value>J-1209</value></Data>
    </ExtendedData>
    <LineString>
      <coordinates>
        88.2640843,24.2450904
        88.2638154,24.2450511
      </coordinates>
    </LineString>
  </Placemark>
  <Placemark>
    <name>P-1208</name>
    <ExtendedData>
      <Data name="id"><value>P-1208</value></Data>
      <Data name="source"><value>J-1209</value></Data>
      <Data name="target"><value>J-1210</value></Data>
    </ExtendedData>
    <LineString>
      <coordinates>
        88.2638154,24.2450511
        88.2638526,24.2446198
      </coordinates>
    </LineString>
  </Placemark>
  <Placemark>
    <name>P-1209</name>
    <ExtendedData>
      <Data name="id"><value>P-1209</value></Data>
      <Data name="source"><value>J-1209</value></Data>
      <Data name="target"><value>J-1211</value></Data>
    </ExtendedData>
    <LineString>
      <coordinates>
        88.2638154,24.2450511
        88.263541,24.2450156
      </coordinates>
    </LineString>
  </Placemark>
  <Placemark>
    <name>P-1210</name>
    <ExtendedData>
      <Data name="id"><value>P-1210</value></Data>
      <Data name="source"><value>J-1211</value></Data>
      <Data name="target"><value>J-1212</value></Data>
    </ExtendedData>
    <LineString>
      <coordinates>
        88.263541,24.2450156
        88.2635647,24.24516
        88.263535,24.2452233
      </coordinates>
    </LineString>
  </Placemark>
  <Placemark>
    <name>P-1211</name>
    <ExtendedData>
      <Data name="id"><value>P-1211</value></Data>
      <Data name="source"><value>J-1212</value></Data>
      <Data name="target"><value>J-1213</value></Data>
    </ExtendedData>
    <LineString>
      <coordinates>
        88.263535,24.2452233
        88.2634922,24.2451921
        88.2634915,24.2451272
        88.2635376,24.2450842
      </coordinates>
    </LineString>
  </Placemark>
  <Placemark>
    <name>P-1212</name>
    <ExtendedData>
      <Data name="id"><value>P-1212</value></Data>
      <Data name="source"><value>J-1212</value></Data>
      <Data name="target"><value>J-1214</value></Data>
    </ExtendedData>
    <LineString>
      <coordinates>
        88.263535,24.2452233
        88.2635274,24.2454848
      </coordinates>
    </LineString>
  </Placemark>
  <Placemark>
    <name>P-1213</name>
    <ExtendedData>
      <Data name="id"><value>P-1213</value></Data>
      <Data name="source"><value>J-1211</value></Data>
      <Data name="target"><value>J-1215</value></Data>
    </ExtendedData>
    <LineString>
      <coordinates>
        88.263541,24.2450156
        88.26349,24.2450092
        88.2630585,24.2448971
      </coordinates>
    </LineString>
  </Placemark>
  <Placemark>
    <name>P-1214</name>
    <ExtendedData>
      <Data name="id"><value>P-1214</value></Data>
      <Data name="source"><value>J-1215</value></Data>
      <Data name="target"><value>J-1216</value></Data>
    </ExtendedData>
    <LineString>
      <coordinates>
        88.2630585,24.2448971
        88.263,24.2448723
      </coordinates>
    </LineString>
  </Placemark>
  <Placemark>
    <name>P-1215</name>
    <ExtendedData>
      <Data name="id"><value>P-1215</value></Data>
      <Data name="source"><value>J-1216</value></Data>
      <Data name="target"><value>J-1217</value></Data>
    </ExtendedData>
    <LineString>
      <coordinates>
        88.263,24.2448723
        88.2629564,24.2445448
      </coordinates>
    </LineString>
  </Placemark>
  <Placemark>
    <name>P-1216</name>
    <ExtendedData>
      <Data name="id"><value>P-1216</value></Data>
      <Data name="source"><value>J-1216</value></Data>
      <Data name="target"><value>J-1218</value></Data>
    </ExtendedData>
    <LineString>
      <coordinates>
        88.263,24.2448723
        88.2627304,24.2448046
        88.2622143,24.2447285
      </coordinates>
    </LineString>
  </Placemark>
  <Placemark>
    <name>P-1217</name>
    <ExtendedData>
      <Data name="id"><value>P-1217</value></Data>
      <Data name="source"><value>J-1215</value></Data>
      <Data name="target"><value>J-1219</value></Data>
    </ExtendedData>
    <LineString>
      <coordinates>
        88.2630585,24.2448971
        88.2630025,24.245014
        88.26287,24.2453652
        88.2627737,24.2456034
      </coordinates>
    </LineString>
  </Placemark>
  <Placemark>
    <name>P-1218</name>
    <ExtendedData>
      <Data name="id"><value>P-1218</value></Data>
      <Data name="source"><value>J-1219</value></Data>
      <Data name="target"><value>J-1220</value></Data>
    </ExtendedData>
    <LineString>
      <coordinates>
        88.2627737,24.2456034
        88.2624144,24.2455482
        88.2623395,24.2455414
      </coordinates>
    </LineString>
  </Placemark>
  <Placemark>
    <name>P-1219</name>
    <ExtendedData>
      <Data name="id"><value>P-1219</value></Data>
      <Data name="source"><value>J-1220</value></Data>
      <Data name="target"><value>J-1221</value></Data>
    </ExtendedData>
    <LineString>
      <coordinates>
        88.2623395,24.2455414
        88.2620763,24.2455213
      </coordinates>
    </LineString>
  </Placemark>
  <Placemark>
    <name>P-1220</name>
    <ExtendedData>
      <Data name="id"><value>P-1220</value></Data>
      <Data name="source"><value>J-1220</value></Data>
      <Data name="target"><value>J-1222</value></Data>
    </ExtendedData>
    <LineString>
      <coordinates>
        88.2623395,24.2455414
        88.2623854,24.24507
        88.2624453,24.2447876
      </coordinates>
    </LineString>
  </Placemark>
  <Placemark>
    <name>P-1221</name>
    <ExtendedData>
      <Data name="id"><value>P-1221</value></Data>
      <Data name="source"><value>J-1219</value></Data>
      <Data name="target"><value>J-1223</value></Data>
    </ExtendedData>
    <LineString>
      <coordinates>
        88.2627737,24.2456034
        88.2626255,24.2459674
        88.2623495,24.2464815
      </coordinates>
    </LineString>
  </Placemark>
  <Placemark>
    <name>P-1222</name>
    <ExtendedData>
      <Data name="id"><value>P-1222</value></Data>
      <Data name="source"><value>J-1223</value></Data>
      <Data name="target"><value>J-1224</value></Data>
    </ExtendedData>
    <LineString>
      <coordinates>
        88.2623495,24.2464815
        88.2618839,24.2464372
      </coordinates>
    </LineString>
  </Placemark>
  <Placemark>
    <name>P-1223</name>
    <ExtendedData>
      <Data name="id"><value>P-1223</value></Data>
      <Data name="source"><value>J-1223</value></Data>
      <Data name="target"><value>J-1225</value></Data>
    </ExtendedData>
    <LineString>
      <coordinates>
        88.2623495,24.2464815
        88.2622877,24.2465692
        88.2622128,24.2467701
        88.2621927,24.246876
      </coordinates>
    </LineString>
  </Placemark>
  <Placemark>
    <name>P-1224</name>
    <ExtendedData>
      <Data name="id"><value>P-1224</value></Data>
      <Data name="source"><value>J-1225</value></Data>
      <Data name="target"><value>J-1226</value></Data>
    </ExtendedData>
    <LineString>
      <coordinates>
        88.2621927,24.246876
        88.2629048,24.2468909
      </coordinates>
    </LineString>
  </Placemark>
  <Placemark>
    <name>P-1225</name>
    <ExtendedData>
      <Data name="id"><value>P-1225</value></Data>
      <Data name="source"><value>J-1225</value></Data>
      <Data name="target"><value>J-1227</value></Data>
    </ExtendedData>
    <LineString>
      <coordinates>
        88.2621927,24.246876
        88.26172,24.2468532
        88.2616362,24.2468821
        88.2615688,24.246939
      </coordinates>
    </LineString>
  </Placemark>
  <Placemark>
    <name>P-1226</name>
    <ExtendedData>
      <Data name="id"><value>P-1226</value></Data>
      <Data name="source"><value>J-1227</value></Data>
      <Data name="target"><value>J-1228</value></Data>
    </ExtendedData>
    <LineString>
      <coordinates>
        88.2615688,24.246939
        88.2615827,24.2464482
      </coordinates>
    </LineString>
  </Placemark>
  <Placemark>
    <name>P-1227</name>
    <ExtendedData>
      <Data name="id"><value>P-1227</value></Data>
      <Data name="source"><value>J-1227</value></Data>
      <Data name="target"><value>J-1229</value></Data>
    </ExtendedData>
    <LineString>
      <coordinates>
        88.2615688,24.246939
        88.2615254,24.2473412
      </coordinates>
    </LineString>
  </Placemark>
  <Placemark>
    <name>P-1228</name>
    <ExtendedData>
      <Data name="id"><value>P-1228</value></Data>
      <Data name="source"><value>J-1225</value></Data>
      <Data name="target"><value>J-1230</value></Data>
    </ExtendedData>
    <LineString>
      <coordinates>
        88.2621927,24.246876
        88.2621309,24.2472193
      </coordinates>
    </LineString>
  </Placemark>
  <Placemark>
    <name>P-1229</name>
    <ExtendedData>
      <Data name="id"><value>P-1229</value></Data>
      <Data name="source"><value>J-1230</value></Data>
      <Data name="target"><value>J-1231</value></Data>
    </ExtendedData>
    <LineString>
      <coordinates>
        88.2621309,24.2472193
        88.2630201,24.2473706
      </coordinates>
    </LineString>
  </Placemark>
  <Placemark>
    <name>P-1230</name>
    <ExtendedData>
      <Data name="id"><value>P-1230</value></Data>
      <Data name="source"><value>J-1231</value></Data>
      <Data name="target"><value>J-1232</value></Data>
    </ExtendedData>
    <LineString>
      <coordinates>
        88.2630201,24.2473706
        88.2634151,24.2473615
      </coordinates>
    </LineString>
  </Placemark>
  <Placemark>
    <name>P-1231</name>
    <ExtendedData>
      <Data name="id"><value>P-1231</value></Data>
      <Data name="source"><value>J-1232</value></Data>
      <Data name="target"><value>J-1233</value></Data>
    </ExtendedData>
    <LineString>
      <coordinates>
        88.2634151,24.2473615
        88.2634786,24.2470712
        88.2635663,24.2469923
        88.2635598,24.2466562
        88.263565,24.2465432
      </coordinates>
    </LineString>
  </Placemark>
  <Placemark>
    <name>P-1232</name>
    <ExtendedData>
      <Data name="id"><value>P-1232</value></Data>
      <Data name="source"><value>J-1232</value></Data>
      <Data name="target"><value>J-1234</value></Data>
    </ExtendedData>
    <LineString>
      <coordinates>
        88.2634151,24.2473615
        88.2632477,24.2480149
      </coordinates>
    </LineString>
  </Placemark>
  <Placemark>
    <name>P-1233</name>
    <ExtendedData>
      <Data name="id"><value>P-1233</value></Data>
      <Data name="source"><value>J-1231</value></Data>
      <Data name="target"><value>J-1235</value></Data>
    </ExtendedData>
    <LineString>
      <coordinates>
        88.2630201,24.2473706
        88.262957,24.2476986
        88.2628894,24.2478933
      </coordinates>
    </LineString>
  </Placemark>
  <Placemark>
    <name>P-1234</name>
    <ExtendedData>
      <Data name="id"><value>P-1234</value></Data>
      <Data name="source"><value>J-1230</value></Data>
      <Data name="target"><value>J-1236</value></Data>
    </ExtendedData>
    <LineString>
      <coordinates>
        88.2621309,24.2472193
        88.2621087,24.2473011
      </coordinates>
    </LineString>
  </Placemark>
  <Placemark>
    <name>P-1235</name>
    <ExtendedData>
      <Data name="id"><value>P-1235</value></Data>
      <Data name="source"><value>J-1236</value></Data>
      <Data name="target"><value>J-1237</value></Data>
    </ExtendedData>
    <LineString>
      <coordinates>
        88.2621087,24.2473011
        88.2615568,24.2472292
      </coordinates>
    </LineString>
  </Placemark>
  <Placemark>
    <name>P-1236</name>
    <ExtendedData>
      <Data name="id"><value>P-1236</value></Data>
      <Data name="source"><value>J-1236</value></Data>
      <Data name="target"><value>J-1238</value></Data>
    </ExtendedData>
    <LineString>
      <coordinates>
        88.2621087,24.2473011
        88.262061,24.2475439
        88.2620607,24.2476169
      </coordinates>
    </LineString>
  </Placemark>
  <Placemark>
    <name>P-1237</name>
    <ExtendedData>
      <Data name="id"><value>P-1237</value></Data>
      <Data name="source"><value>J-1238</value></Data>
      <Data name="target"><value>J-1239</value></Data>
    </ExtendedData>
    <LineString>
      <coordinates>
        88.2620607,24.2476169
        88.2620576,24.2476509
      </coordinates>
    </LineString>
  </Placemark>
  <Placemark>
    <name>P-1238</name>
    <ExtendedData>
      <Data name="id"><value>P-1238</value></Data>
      <Data name="source"><value>J-1238</value></Data>
      <Data name="target"><value>J-1240</value></Data>
    </ExtendedData>
    <LineString>
      <coordinates>
        88.2620607,24.2476169
        88.261672,24.2474897
        88.2614423,24.2472994
        88.2613042,24.2470469
      </coordinates>
    </LineString>
  </Placemark>
  <Placemark>
    <name>P-1239</name>
    <ExtendedData>
      <Data name="id"><value>P-1239</value></Data>
      <Data name="source"><value>J-1240</value></Data>
      <Data name="target"><value>J-1241</value></Data>
    </ExtendedData>
    <LineString>
      <coordinates>
        88.2613042,24.2470469
        88.2612299,24.2467731
        88.2610029,24.2465098
      </coordinates>
    </LineString>
  </Placemark>
  <Placemark>
    <name>P-1240</name>
    <ExtendedData>
      <Data name="id"><value>P-1240</value></Data>
      <Data name="source"><value>J-1241</value></Data>
      <Data name="target"><value>J-1242</value></Data>
    </ExtendedData>
    <LineString>
      <coordinates>
        88.2610029,24.2465098
        88.2606482,24.2462364
      </coordinates>
    </LineString>
  </Placemark>
  <Placemark>
    <name>P-1241</name>
    <ExtendedData>
      <Data name="id"><value>P-1241</value></Data>
      <Data name="source"><value>J-1103</value></Data>
      <Data name="target"><value>J-1243</value></Data>
    </ExtendedData>
    <LineString>
      <coordinates>
        88.2649876,24.2483164
        88.2648829,24.248488
      </coordinates>
    </LineString>
  </Placemark>
  <Placemark>
    <name>P-1242</name>
    <ExtendedData>
      <Data name="id"><value>P-1242</value></Data>
      <Data name="source"><value>J-1243</value></Data>
      <Data name="target"><value>J-1244</value></Data>
    </ExtendedData>
    <LineString>
      <coordinates>
        88.2648829,24.248488
        88.2643146,24.2483551
        88.2639029,24.2482113
        88.2632333,24.2480436
        88.2631109,24.2480103
        88.2625393,24.2478059
      </coordinates>
    </LineString>
  </Placemark>
  <Placemark>
    <name>P-1243</name>
    <ExtendedData>
      <Data name="id"><value>P-1243</value></Data>
      <Data name="source"><value>J-1244</value></Data>
      <Data name="target"><value>J-1245</value></Data>
    </ExtendedData>
    <LineString>
      <coordinates>
        88.2625393,24.2478059
        88.2620547,24.2476635
        88.2620572,24.247751
        88.2621136,24.2480517
        88.2621197,24.2480779
      </coordinates>
    </LineString>
  </Placemark>
  <Placemark>
    <name>P-1244</name>
    <ExtendedData>
      <Data name="id"><value>P-1244</value></Data>
      <Data name="source"><value>J-1245</value></Data>
      <Data name="target"><value>J-1246</value></Data>
    </ExtendedData>
    <LineString>
      <coordinates>
        88.2621197,24.2480779
        88.2619275,24.2482559
      </coordinates>
    </LineString>
  </Placemark>
  <Placemark>
    <name>P-1245</name>
    <ExtendedData>
      <Data name="id"><value>P-1245</value></Data>
      <Data name="source"><value>J-1245</value></Data>
      <Data name="target"><value>J-1247</value></Data>
    </ExtendedData>
    <LineString>
      <coordinates>
        88.2621197,24.2480779
        88.2622262,24.2482884
        88.2623469,24.2486267
        88.2628979,24.2495038
      </coordinates>
    </LineString>
  </Placemark>
  <Placemark>
    <name>P-1246</name>
    <ExtendedData>
      <Data name="id"><value>P-1246</value></Data>
      <Data name="source"><value>J-1247</value></Data>
      <Data name="target"><value>J-1248</value></Data>
    </ExtendedData>
    <LineString>
      <coordinates>
        88.2628979,24.2495038
        88.2636093,24.2491746
      </coordinates>
    </LineString>
  </Placemark>
  <Placemark>
    <name>P-1250</name>
    <ExtendedData>
      <Data name="id"><value>P-1250</value></Data>
      <Data name="source"><value>J-1243</value></Data>
      <Data name="target"><value>J-1252</value></Data>
    </ExtendedData>
    <LineString>
      <coordinates>
        88.2648829,24.248488
        88.2648146,24.2485962
        88.2647989,24.2486446
      </coordinates>
    </LineString>
  </Placemark>
  <Placemark>
    <name>P-1251</name>
    <ExtendedData>
      <Data name="id"><value>P-1251</value></Data>
      <Data name="source"><value>J-1252</value></Data>
      <Data name="target"><value>J-1253</value></Data>
    </ExtendedData>
    <LineString>
      <coordinates>
        88.2647989,24.2486446
        88.2644612,24.2486474
        88.2642209,24.2486865
      </coordinates>
    </LineString>
  </Placemark>
  <Placemark>
    <name>P-1252</name>
    <ExtendedData>
      <Data name="id"><value>P-1252</value></Data>
      <Data name="source"><value>J-1252</value></Data>
      <Data name="target"><value>J-1254</value></Data>
    </ExtendedData>
    <LineString>
      <coordinates>
        88.2647989,24.2486446
        88.2645028,24.2492578
        88.264456,24.2493475
      </coordinates>
    </LineString>
  </Placemark>
  <Placemark>
    <name>P-655(1)</name>
    <ExtendedData>
      <Data name="id"><value>P-655(1)</value></Data>
      <Data name="source"><value>J-654</value></Data>
      <Data name="target"><value>J-611</value></Data>
    </ExtendedData>
    <LineString>
      <coordinates>
        88.2880932,24.2549778
        88.2883496,24.2549864
        88.2887085,24.2549846
      </coordinates>
    </LineString>
  </Placemark>
  <Placemark>
    <name>P-655(2)</name>
    <ExtendedData>
      <Data name="id"><value>P-655(2)</value></Data>
      <Data name="source"><value>J-611</value></Data>
      <Data name="target"><value>J-655</value></Data>
    </ExtendedData>
    <LineString>
      <coordinates>
        88.2887085,24.2549846
        88.2889391,24.2549774
        88.2889692,24.2549819
        88.2894786,24.2549719
      </coordinates>
    </LineString>
  </Placemark>
  <Placemark>
    <name>P-611(1)</name>
    <ExtendedData>
      <Data name="id"><value>P-611(1)</value></Data>
      <Data name="source"><value>J-610</value></Data>
      <Data name="target"><value>J-1317</value></Data>
    </ExtendedData>
    <LineString>
      <coordinates>
        88.2887173,24.2545881
        88.2887088,24.2549537
      </coordinates>
    </LineString>
  </Placemark>
</Document>
</kml>