<?xml version="1.0" encoding="UTF-8"?>
<kml xmlns="http://www.opengis.net/kml/2.2">
<Document>
  <name>Rampur Distribution Central Sector Part-I-C1 (1100M3)</name>
  <Placemark>
    <name>R-1</name>
    <ExtendedData>
      <Data name="id"><value>R-1</value></Data>
    </ExtendedData>
    <Point>
      <coordinates>88.383344,24.192707</coordinates>
    </Point>
  </Placemark>
  <Placemark>
    <name>J-1</name>
    <ExtendedData>
      <Data name="id"><value>J-1</value></Data>
    </ExtendedData>
    <Point>
      <coordinates>88.383326,24.192499</coordinates>
    </Point>
  </Placemark>
  <Placemark>
    <name>J-1A</name>
    <ExtendedData>
      <Data name="id"><value>J-1A</value></Data>
    </ExtendedData>
    <Point>
      <coordinates>88.383163,24.192422</coordinates>
    </Point>
  </Placemark>
  <Placemark>
    <name>J-1B</name>
    <ExtendedData>
      <Data name="id"><value>J-1B</value></Data>
    </ExtendedData>
    <Point>
      <coordinates>88.383441,24.192366</coordinates>
    </Point>
  </Placemark>
  <Placemark>
    <name>J-2</name>
    <ExtendedData>
      <Data name="id"><value>J-2</value></Data>
    </ExtendedData>
    <Point>
      <coordinates>88.381989,24.192825</coordinates>
    </Point>
  </Placemark>
  <Placemark>
    <name>J-3</name>
    <ExtendedData>
      <Data name="id"><value>J-3</value></Data>
    </ExtendedData>
    <Point>
      <coordinates>88.381824,24.191374</coordinates>
    </Point>
  </Placemark>
  <Placemark>
    <name>J-4</name>
    <ExtendedData>
      <Data name="id"><value>J-4</value></Data>
    </ExtendedData>
    <Point>
      <coordinates>88.373069,24.195367</coordinates>
    </Point>
  </Placemark>
  <Placemark>
    <name>J-5</name>
    <ExtendedData>
      <Data name="id"><value>J-5</value></Data>
    </ExtendedData>
    <Point>
      <coordinates>88.372277,24.195787</coordinates>
    </Point>
  </Placemark>
  <Placemark>
    <name>J-6</name>
    <ExtendedData>
      <Data name="id"><value>J-6</value></Data>
    </ExtendedData>
    <Point>
      <coordinates>88.392077,24.189926</coordinates>
    </Point>
  </Placemark>
  <Placemark>
    <name>J-7</name>
    <ExtendedData>
      <Data name="id"><value>J-7</value></Data>
    </ExtendedData>
    <Point>
      <coordinates>88.393049,24.189733</coordinates>
    </Point>
  </Placemark>
  <Placemark>
    <name>J-8</name>
    <ExtendedData>
      <Data name="id"><value>J-8</value></Data>
    </ExtendedData>
    <Point>
      <coordinates>88.3955,24.193879</coordinates>
    </Point>
  </Placemark>
  <Placemark>
    <name>J-9</name>
    <ExtendedData>
      <Data name="id"><value>J-9</value></Data>
    </ExtendedData>
    <Point>
      <coordinates>88.396162,24.19358</coordinates>
    </Point>
  </Placemark>
  <Placemark>
    <name>J-10</name>
    <ExtendedData>
      <Data name="id"><value>J-10</value></Data>
    </ExtendedData>
    <Point>
      <coordinates>88.392435,24.194538</coordinates>
    </Point>
  </Placemark>
  <Placemark>
    <name>J-11</name>
    <ExtendedData>
      <Data name="id"><value>J-11</value></Data>
    </ExtendedData>
    <Point>
      <coordinates>88.390865,24.195084</coordinates>
    </Point>
  </Placemark>
  <Placemark>
    <name>J-12</name>
    <ExtendedData>
      <Data name="id"><value>J-12</value></Data>
    </ExtendedData>
    <Point>
      <coordinates>88.390345,24.197537</coordinates>
    </Point>
  </Placemark>
  <Placemark>
    <name>J-13</name>
    <ExtendedData>
      <Data name="id"><value>J-13</value></Data>
    </ExtendedData>
    <Point>
      <coordinates>88.389725,24.198878</coordinates>
    </Point>
  </Placemark>
  <Placemark>
    <name>J-14</name>
    <ExtendedData>
      <Data name="id"><value>J-14</value></Data>
    </ExtendedData>
    <Point>
      <coordinates>88.389424,24.199302</coordinates>
    </Point>
  </Placemark>
  <Placemark>
    <name>J-15</name>
    <ExtendedData>
      <Data name="id"><value>J-15</value></Data>
    </ExtendedData>
    <Point>
      <coordinates>88.39055,24.198184</coordinates>
    </Point>
  </Placemark>
  <Placemark>
    <name>J-16</name>
    <ExtendedData>
      <Data name="id"><value>J-16</value></Data>
    </ExtendedData>
    <Point>
      <coordinates>88.388423,24.202344</coordinates>
    </Point>
  </Placemark>
  <Placemark>
    <name>J-17</name>
    <ExtendedData>
      <Data name="id"><value>J-17</value></Data>
    </ExtendedData>
    <Point>
      <coordinates>88.38767,24.202385</coordinates>
    </Point>
  </Placemark>
  <Placemark>
    <name>J-18</name>
    <ExtendedData>
      <Data name="id"><value>J-18</value></Data>
    </ExtendedData>
    <Point>
      <coordinates>88.388442,24.200706</coordinates>
    </Point>
  </Placemark>
  <Placemark>
    <name>J-19</name>
    <ExtendedData>
      <Data name="id"><value>J-19</value></Data>
    </ExtendedData>
    <Point>
      <coordinates>88.388646,24.200372</coordinates>
    </Point>
  </Placemark>
  <Placemark>
    <name>J-20</name>
    <ExtendedData>
      <Data name="id"><value>J-20</value></Data>
    </ExtendedData>
    <Point>
      <coordinates>88.385469,24.202791</coordinates>
    </Point>
  </Placemark>
  <Placemark>
    <name>J-21</name>
    <ExtendedData>
      <Data name="id"><value>J-21</value></Data>
    </ExtendedData>
    <Point>
      <coordinates>88.385813,24.204164</coordinates>
    </Point>
  </Placemark>
  <Placemark>
    <name>J-22</name>
    <ExtendedData>
      <Data name="id"><value>J-22</value></Data>
    </ExtendedData>
    <Point>
      <coordinates>88.38478,24.19979</coordinates>
    </Point>
  </Placemark>
  <Placemark>
    <name>J-23</name>
    <ExtendedData>
      <Data name="id"><value>J-23</value></Data>
    </ExtendedData>
    <Point>
      <coordinates>88.384525,24.198945</coordinates>
    </Point>
  </Placemark>
  <Placemark>
    <name>J-24</name>
    <ExtendedData>
      <Data name="id"><value>J-24</value></Data>
    </ExtendedData>
    <Point>
      <coordinates>88.382952,24.198563</coordinates>
    </Point>
  </Placemark>
  <Placemark>
    <name>J-25</name>
    <ExtendedData>
      <Data name="id"><value>J-25</value></Data>
    </ExtendedData>
    <Point>
      <coordinates>88.380476,24.19805</coordinates>
    </Point>
  </Placemark>
  <Placemark>
    <name>J-26</name>
    <ExtendedData>
      <Data name="id"><value>J-26</value></Data>
    </ExtendedData>
    <Point>
      <coordinates>88.378775,24.197646</coordinates>
    </Point>
  </Placemark>
  <Placemark>
    <name>J-27</name>
    <ExtendedData>
      <Data name="id"><value>J-27</value></Data>
    </ExtendedData>
    <Point>
      <coordinates>88.375984,24.197959</coordinates>
    </Point>
  </Placemark>
  <Placemark>
    <name>J-28</name>
    <ExtendedData>
      <Data name="id"><value>J-28</value></Data>
    </ExtendedData>
    <Point>
      <coordinates>88.37485,24.19484</coordinates>
    </Point>
  </Placemark>
  <Placemark>
    <name>J-28B</name>
    <ExtendedData>
      <Data name="id"><value>J-28B</value></Data>
    </ExtendedData>
    <Point>
      <coordinates>88.374677,24.194954</coordinates>
    </Point>
  </Placemark>
  <Placemark>
    <name>J-29</name>
    <ExtendedData>
      <Data name="id"><value>J-29</value></Data>
    </ExtendedData>
    <Point>
      <coordinates>88.374895,24.194956</coordinates>
    </Point>
  </Placemark>
  <Placemark>
    <name>J-28A</name>
    <ExtendedData>
      <Data name="id"><value>J-28A</value></Data>
    </ExtendedData>
    <Point>
      <coordinates>88.374447,24.194074</coordinates>
    </Point>
  </Placemark>
  <Placemark>
    <name>J-30</name>
    <ExtendedData>
      <Data name="id"><value>J-30</value></Data>
    </ExtendedData>
    <Point>
      <coordinates>88.373471,24.188903</coordinates>
    </Point>
  </Placemark>
  <Placemark>
    <name>J-31</name>
    <ExtendedData>
      <Data name="id"><value>J-31</value></Data>
    </ExtendedData>
    <Point>
      <coordinates>88.372721,24.186776</coordinates>
    </Point>
  </Placemark>
  <Placemark>
    <name>J-32</name>
    <ExtendedData>
      <Data name="id"><value>J-32</value></Data>
    </ExtendedData>
    <Point>
      <coordinates>88.372126,24.184655</coordinates>
    </Point>
  </Placemark>
  <Placemark>
    <name>J-33</name>
    <ExtendedData>
      <Data name="id"><value>J-33</value></Data>
    </ExtendedData>
    <Point>
      <coordinates>88.370198,24.180504</coordinates>
    </Point>
  </Placemark>
  <Placemark>
    <name>J-34</name>
    <ExtendedData>
      <Data name="id"><value>J-34</value></Data>
    </ExtendedData>
    <Point>
      <coordinates>88.3674,24.176792</coordinates>
    </Point>
  </Placemark>
  <Placemark>
    <name>J-35</name>
    <ExtendedData>
      <Data name="id"><value>J-35</value></Data>
    </ExtendedData>
    <Point>
      <coordinates>88.36656,24.177256</coordinates>
    </Point>
  </Placemark>
  <Placemark>
    <name>J-36</name>
    <ExtendedData>
      <Data name="id"><value>J-36</value></Data>
    </ExtendedData>
    <Point>
      <coordinates>88.366044,24.177548</coordinates>
    </Point>
  </Placemark>
  <Placemark>
    <name>J-37</name>
    <ExtendedData>
      <Data name="id"><value>J-37</value></Data>
    </ExtendedData>
    <Point>
      <coordinates>88.365271,24.177985</coordinates>
    </Point>
  </Placemark>
  <Placemark>
    <name>J-38</name>
    <ExtendedData>
      <Data name="id"><value>J-38</value></Data>
    </ExtendedData>
    <Point>
      <coordinates>88.366555,24.175515</coordinates>
    </Point>
  </Placemark>
  <Placemark>
    <name>J-39</name>
    <ExtendedData>
      <Data name="id"><value>J-39</value></Data>
    </ExtendedData>
    <Point>
      <coordinates>88.365622,24.173913</coordinates>
    </Point>
  </Placemark>
  <Placemark>
    <name>J-40</name>
    <ExtendedData>
      <Data name="id"><value>J-40</value></Data>
    </ExtendedData>
    <Point>
      <coordinates>88.363485,24.16926</coordinates>
    </Point>
  </Placemark>
  <Placemark>
    <name>J-41</name>
    <ExtendedData>
      <Data name="id"><value>J-41</value></Data>
    </ExtendedData>
    <Point>
      <coordinates>88.362959,24.164629</coordinates>
    </Point>
  </Placemark>
  <Placemark>
    <name>J-42</name>
    <ExtendedData>
      <Data name="id"><value>J-42</value></Data>
    </ExtendedData>
    <Point>
      <coordinates>88.363431,24.162439</coordinates>
    </Point>
  </Placemark>
  <Placemark>
    <name>J-43</name>
    <ExtendedData>
      <Data name="id"><value>J-43</value></Data>
    </ExtendedData>
    <Point>
      <coordinates>88.388224,24.203742</coordinates>
    </Point>
  </Placemark>
  <Placemark>
    <name>J-44</name>
    <ExtendedData>
      <Data name="id"><value>J-44</value></Data>
    </ExtendedData>
    <Point>
      <coordinates>88.386153,24.205444</coordinates>
    </Point>
  </Placemark>
  <Placemark>
    <name>J-29A</name>
    <ExtendedData>
      <Data name="id"><value>J-29A</value></Data>
    </ExtendedData>
    <Point>
      <coordinates>88.374924,24.195076</coordinates>
    </Point>
  </Placemark>
  <Placemark>
    <name>J-45</name>
    <ExtendedData>
      <Data name="id"><value>J-45</value></Data>
    </ExtendedData>
    <Point>
      <coordinates>88.375057,24.195397</coordinates>
    </Point>
  </Placemark>
  <Placemark>
    <name>J-46</name>
    <ExtendedData>
      <Data name="id"><value>J-46</value></Data>
    </ExtendedData>
    <Point>
      <coordinates>88.376857,24.201683</coordinates>
    </Point>
  </Placemark>
  <Placemark>
    <name>J-47</name>
    <ExtendedData>
      <Data name="id"><value>J-47</value></Data>
    </ExtendedData>
    <Point>
      <coordinates>88.377418,24.203087</coordinates>
    </Point>
  </Placemark>
  <Placemark>
    <name>J-48</name>
    <ExtendedData>
      <Data name="id"><value>J-48</value></Data>
    </ExtendedData>
    <Point>
      <coordinates>88.385832,24.204248</coordinates>
    </Point>
  </Placemark>
  <Placemark>
    <name>J-49</name>
    <ExtendedData>
      <Data name="id"><value>J-49</value></Data>
    </ExtendedData>
    <Point>
      <coordinates>88.384814,24.206109</coordinates>
    </Point>
  </Placemark>
  <Placemark>
    <name>J-50</name>
    <ExtendedData>
      <Data name="id"><value>J-50</value></Data>
    </ExtendedData>
    <Point>
      <coordinates>88.384405,24.204756</coordinates>
    </Point>
  </Placemark>
  <Placemark>
    <name>J-51</name>
    <ExtendedData>
      <Data name="id"><value>J-51</value></Data>
    </ExtendedData>
    <Point>
      <coordinates>88.38471,24.204514</coordinates>
    </Point>
  </Placemark>
  <Placemark>
    <name>J-52</name>
    <ExtendedData>
      <Data name="id"><value>J-52</value></Data>
    </ExtendedData>
    <Point>
      <coordinates>88.385758,24.204246</coordinates>
    </Point>
  </Placemark>
  <Placemark>
    <name>J-53</name>
    <ExtendedData>
      <Data name="id"><value>J-53</value></Data>
    </ExtendedData>
    <Point>
      <coordinates>88.383875,24.203356</coordinates>
    </Point>
  </Placemark>
  <Placemark>
    <name>J-54</name>
    <ExtendedData>
      <Data name="id"><value>J-54</value></Data>
    </ExtendedData>
    <Point>
      <coordinates>88.383404,24.20229</coordinates>
    </Point>
  </Placemark>
  <Placemark>
    <name>J-55</name>
    <ExtendedData>
      <Data name="id"><value>J-55</value></Data>
    </ExtendedData>
    <Point>
      <coordinates>88.382119,24.205443</coordinates>
    </Point>
  </Placemark>
  <Placemark>
    <name>J-56</name>
    <ExtendedData>
      <Data name="id"><value>J-56</value></Data>
    </ExtendedData>
    <Point>
      <coordinates>88.382212,24.206417</coordinates>
    </Point>
  </Placemark>
  <Placemark>
    <name>J-57</name>
    <ExtendedData>
      <Data name="id"><value>J-57</value></Data>
    </ExtendedData>
    <Point>
      <coordinates>88.384474,24.20634</coordinates>
    </Point>
  </Placemark>
  <Placemark>
    <name>J-58</name>
    <ExtendedData>
      <Data name="id"><value>J-58</value></Data>
    </ExtendedData>
    <Point>
      <coordinates>88.381438,24.20656</coordinates>
    </Point>
  </Placemark>
  <Placemark>
    <name>J-59</name>
    <ExtendedData>
      <Data name="id"><value>J-59</value></Data>
    </ExtendedData>
    <Point>
      <coordinates>88.381567,24.207827</coordinates>
    </Point>
  </Placemark>
  <Placemark>
    <name>J-60</name>
    <ExtendedData>
      <Data name="id"><value>J-60</value></Data>
    </ExtendedData>
    <Point>
      <coordinates>88.38186,24.208788</coordinates>
    </Point>
  </Placemark>
  <Placemark>
    <name>J-61</name>
    <ExtendedData>
      <Data name="id"><value>J-61</value></Data>
    </ExtendedData>
    <Point>
      <coordinates>88.373211,24.208385</coordinates>
    </Point>
  </Placemark>
  <Placemark>
    <name>J-62</name>
    <ExtendedData>
      <Data name="id"><value>J-62</value></Data>
    </ExtendedData>
    <Point>
      <coordinates>88.3711,24.209348</coordinates>
    </Point>
  </Placemark>
  <Placemark>
    <name>J-63</name>
    <ExtendedData>
      <Data name="id"><value>J-63</value></Data>
    </ExtendedData>
    <Point>
      <coordinates>88.370116,24.209463</coordinates>
    </Point>
  </Placemark>
  <Placemark>
    <name>J-64</name>
    <ExtendedData>
      <Data name="id"><value>J-64</value></Data>
    </ExtendedData>
    <Point>
      <coordinates>88.369638,24.209479</coordinates>
    </Point>
  </Placemark>
  <Placemark>
    <name>J-65</name>
    <ExtendedData>
      <Data name="id"><value>J-65</value></Data>
    </ExtendedData>
    <Point>
      <coordinates>88.368444,24.209569</coordinates>
    </Point>
  </Placemark>
  <Placemark>
    <name>J-66</name>
    <ExtendedData>
      <Data name="id"><value>J-66</value></Data>
    </ExtendedData>
    <Point>
      <coordinates>88.368066,24.209554</coordinates>
    </Point>
  </Placemark>
  <Placemark>
    <name>J-67</name>
    <ExtendedData>
      <Data name="id"><value>J-67</value></Data>
    </ExtendedData>
    <Point>
      <coordinates>88.377953,24.206127</coordinates>
    </Point>
  </Placemark>
  <Placemark>
    <name>J-68</name>
    <ExtendedData>
      <Data name="id"><value>J-68</value></Data>
    </ExtendedData>
    <Point>
      <coordinates>88.377438,24.203166</coordinates>
    </Point>
  </Placemark>
  <Placemark>
    <name>J-69</name>
    <ExtendedData>
      <Data name="id"><value>J-69</value></Data>
    </ExtendedData>
    <Point>
      <coordinates>88.383749,24.208537</coordinates>
    </Point>
  </Placemark>
  <Placemark>
    <name>J-70</name>
    <ExtendedData>
      <Data name="id"><value>J-70</value></Data>
    </ExtendedData>
    <Point>
      <coordinates>88.383036,24.208816</coordinates>
    </Point>
  </Placemark>
  <Placemark>
    <name>J-71</name>
    <ExtendedData>
      <Data name="id"><value>J-71</value></Data>
    </ExtendedData>
    <Point>
      <coordinates>88.381919,24.208779</coordinates>
    </Point>
  </Placemark>
  <Placemark>
    <name>J-72</name>
    <ExtendedData>
      <Data name="id"><value>J-72</value></Data>
    </ExtendedData>
    <Point>
      <coordinates>88.383123,24.210039</coordinates>
    </Point>
  </Placemark>
  <Placemark>
    <name>J-73</name>
    <ExtendedData>
      <Data name="id"><value>J-73</value></Data>
    </ExtendedData>
    <Point>
      <coordinates>88.383359,24.210255</coordinates>
    </Point>
  </Placemark>
  <Placemark>
    <name>J-74</name>
    <ExtendedData>
      <Data name="id"><value>J-74</value></Data>
    </ExtendedData>
    <Point>
      <coordinates>88.38287,24.212666</coordinates>
    </Point>
  </Placemark>
  <Placemark>
    <name>J-75</name>
    <ExtendedData>
      <Data name="id"><value>J-75</value></Data>
    </ExtendedData>
    <Point>
      <coordinates>88.38207,24.212615</coordinates>
    </Point>
  </Placemark>
  <Placemark>
    <name>J-76</name>
    <ExtendedData>
      <Data name="id"><value>J-76</value></Data>
    </ExtendedData>
    <Point>
      <coordinates>88.382876,24.213615</coordinates>
    </Point>
  </Placemark>
  <Placemark>
    <name>J-77</name>
    <ExtendedData>
      <Data name="id"><value>J-77</value></Data>
    </ExtendedData>
    <Point>
      <coordinates>88.382195,24.21366</coordinates>
    </Point>
  </Placemark>
  <Placemark>
    <name>J-78</name>
    <ExtendedData>
      <Data name="id"><value>J-78</value></Data>
    </ExtendedData>
    <Point>
      <coordinates>88.38097,24.213577</coordinates>
    </Point>
  </Placemark>
  <Placemark>
    <name>J-79</name>
    <ExtendedData>
      <Data name="id"><value>J-79</value></Data>
    </ExtendedData>
    <Point>
      <coordinates>88.382791,24.21443</coordinates>
    </Point>
  </Placemark>
  <Placemark>
    <name>J-80</name>
    <ExtendedData>
      <Data name="id"><value>J-80</value></Data>
    </ExtendedData>
    <Point>
      <coordinates>88.382068,24.216203</coordinates>
    </Point>
  </Placemark>
  <Placemark>
    <name>J-81</name>
    <ExtendedData>
      <Data name="id"><value>J-81</value></Data>
    </ExtendedData>
    <Point>
      <coordinates>88.381192,24.217875</coordinates>
    </Point>
  </Placemark>
  <Placemark>
    <name>J-82</name>
    <ExtendedData>
      <Data name="id"><value>J-82</value></Data>
    </ExtendedData>
    <Point>
      <coordinates>88.381166,24.218326</coordinates>
    </Point>
  </Placemark>
  <Placemark>
    <name>J-83</name>
    <ExtendedData>
      <Data name="id"><value>J-83</value></Data>
    </ExtendedData>
    <Point>
      <coordinates>88.379022,24.21811</coordinates>
    </Point>
  </Placemark>
  <Placemark>
    <name>J-84</name>
    <ExtendedData>
      <Data name="id"><value>J-84</value></Data>
    </ExtendedData>
    <Point>
      <coordinates>88.378776,24.218313</coordinates>
    </Point>
  </Placemark>
  <Placemark>
    <name>J-85</name>
    <ExtendedData>
      <Data name="id"><value>J-85</value></Data>
    </ExtendedData>
    <Point>
      <coordinates>88.39524,24.188608</coordinates>
    </Point>
  </Placemark>
  <Placemark>
    <name>J-86</name>
    <ExtendedData>
      <Data name="id"><value>J-86</value></Data>
    </ExtendedData>
    <Point>
      <coordinates>88.394771,24.187525</coordinates>
    </Point>
  </Placemark>
  <Placemark>
    <name>J-87</name>
    <ExtendedData>
      <Data name="id"><value>J-87</value></Data>
    </ExtendedData>
    <Point>
      <coordinates>88.394427,24.188301</coordinates>
    </Point>
  </Placemark>
  <Placemark>
    <name>J-88</name>
    <ExtendedData>
      <Data name="id"><value>J-88</value></Data>
    </ExtendedData>
    <Point>
      <coordinates>88.393824,24.186155</coordinates>
    </Point>
  </Placemark>
  <Placemark>
    <name>J-89</name>
    <ExtendedData>
      <Data name="id"><value>J-89</value></Data>
    </ExtendedData>
    <Point>
      <coordinates>88.393477,24.185748</coordinates>
    </Point>
  </Placemark>
  <Placemark>
    <name>J-90</name>
    <ExtendedData>
      <Data name="id"><value>J-90</value></Data>
    </ExtendedData>
    <Point>
      <coordinates>88.391234,24.183944</coordinates>
    </Point>
  </Placemark>
  <Placemark>
    <name>J-91</name>
    <ExtendedData>
      <Data name="id"><value>J-91</value></Data>
    </ExtendedData>
    <Point>
      <coordinates>88.388031,24.179943</coordinates>
    </Point>
  </Placemark>
  <Placemark>
    <name>J-92</name>
    <ExtendedData>
      <Data name="id"><value>J-92</value></Data>
    </ExtendedData>
    <Point>
      <coordinates>88.386627,24.180533</coordinates>
    </Point>
  </Placemark>
  <Placemark>
    <name>J-93</name>
    <ExtendedData>
      <Data name="id"><value>J-93</value></Data>
    </ExtendedData>
    <Point>
      <coordinates>88.386274,24.179158</coordinates>
    </Point>
  </Placemark>
  <Placemark>
    <name>J-94</name>
    <ExtendedData>
      <Data name="id"><value>J-94</value></Data>
    </ExtendedData>
    <Point>
      <coordinates>88.385816,24.178848</coordinates>
    </Point>
  </Placemark>
  <Placemark>
    <name>J-95</name>
    <ExtendedData>
      <Data name="id"><value>J-95</value></Data>
    </ExtendedData>
    <Point>
      <coordinates>88.386347,24.181625</coordinates>
    </Point>
  </Placemark>
  <Placemark>
    <name>J-96</name>
    <ExtendedData>
      <Data name="id"><value>J-96</value></Data>
    </ExtendedData>
    <Point>
      <coordinates>88.386668,24.182404</coordinates>
    </Point>
  </Placemark>
  <Placemark>
    <name>J-97</name>
    <ExtendedData>
      <Data name="id"><value>J-97</value></Data>
    </ExtendedData>
    <Point>
      <coordinates>88.388645,24.180958</coordinates>
    </Point>
  </Placemark>
  <Placemark>
    <name>J-98</name>
    <ExtendedData>
      <Data name="id"><value>J-98</value></Data>
    </ExtendedData>
    <Point>
      <coordinates>88.378138,24.185802</coordinates>
    </Point>
  </Placemark>
  <Placemark>
    <name>J-99</name>
    <ExtendedData>
      <Data name="id"><value>J-99</value></Data>
    </ExtendedData>
    <Point>
      <coordinates>88.375338,24.18735</coordinates>
    </Point>
  </Placemark>
  <Placemark>
    <name>J-100</name>
    <ExtendedData>
      <Data name="id"><value>J-100</value></Data>
    </ExtendedData>
    <Point>
      <coordinates>88.37326,24.188474</coordinates>
    </Point>
  </Placemark>
  <Placemark>
    <name>J-101</name>
    <ExtendedData>
      <Data name="id"><value>J-101</value></Data>
    </ExtendedData>
    <Point>
      <coordinates>88.387502,24.179121</coordinates>
    </Point>
  </Placemark>
  <Placemark>
    <name>J-102</name>
    <ExtendedData>
      <Data name="id"><value>J-102</value></Data>
    </ExtendedData>
    <Point>
      <coordinates>88.38976,24.178232</coordinates>
    </Point>
  </Placemark>
  <Placemark>
    <name>J-103</name>
    <ExtendedData>
      <Data name="id"><value>J-103</value></Data>
    </ExtendedData>
    <Point>
      <coordinates>88.391112,24.177544</coordinates>
    </Point>
  </Placemark>
  <Placemark>
    <name>J-104</name>
    <ExtendedData>
      <Data name="id"><value>J-104</value></Data>
    </ExtendedData>
    <Point>
      <coordinates>88.386384,24.177331</coordinates>
    </Point>
  </Placemark>
  <Placemark>
    <name>J-105</name>
    <ExtendedData>
      <Data name="id"><value>J-105</value></Data>
    </ExtendedData>
    <Point>
      <coordinates>88.385093,24.177838</coordinates>
    </Point>
  </Placemark>
  <Placemark>
    <name>J-106</name>
    <ExtendedData>
      <Data name="id"><value>J-106</value></Data>
    </ExtendedData>
    <Point>
      <coordinates>88.384803,24.177811</coordinates>
    </Point>
  </Placemark>
  <Placemark>
    <name>J-107</name>
    <ExtendedData>
      <Data name="id"><value>J-107</value></Data>
    </ExtendedData>
    <Point>
      <coordinates>88.38532,24.178444</coordinates>
    </Point>
  </Placemark>
  <Placemark>
    <name>J-108</name>
    <ExtendedData>
      <Data name="id"><value>J-108</value></Data>
    </ExtendedData>
    <Point>
      <coordinates>88.385766,24.178813</coordinates>
    </Point>
  </Placemark>
  <Placemark>
    <name>J-109</name>
    <ExtendedData>
      <Data name="id"><value>J-109</value></Data>
    </ExtendedData>
    <Point>
      <coordinates>88.384927,24.178715</coordinates>
    </Point>
  </Placemark>
  <Placemark>
    <name>J-110</name>
    <ExtendedData>
      <Data name="id"><value>J-110</value></Data>
    </ExtendedData>
    <Point>
      <coordinates>88.385229,24.175509</coordinates>
    </Point>
  </Placemark>
  <Placemark>
    <name>J-111</name>
    <ExtendedData>
      <Data name="id"><value>J-111</value></Data>
    </ExtendedData>
    <Point>
      <coordinates>88.386262,24.174516</coordinates>
    </Point>
  </Placemark>
  <Placemark>
    <name>J-112</name>
    <ExtendedData>
      <Data name="id"><value>J-112</value></Data>
    </ExtendedData>
    <Point>
      <coordinates>88.389409,24.175416</coordinates>
    </Point>
  </Placemark>
  <Placemark>
    <name>J-113</name>
    <ExtendedData>
      <Data name="id"><value>J-113</value></Data>
    </ExtendedData>
    <Point>
      <coordinates>88.390571,24.177027</coordinates>
    </Point>
  </Placemark>
  <Placemark>
    <name>J-114</name>
    <ExtendedData>
      <Data name="id"><value>J-114</value></Data>
    </ExtendedData>
    <Point>
      <coordinates>88.392318,24.177068</coordinates>
    </Point>
  </Placemark>
  <Placemark>
    <name>J-115</name>
    <ExtendedData>
      <Data name="id"><value>J-115</value></Data>
    </ExtendedData>
    <Point>
      <coordinates>88.38364,24.173988</coordinates>
    </Point>
  </Placemark>
  <Placemark>
    <name>J-116</name>
    <ExtendedData>
      <Data name="id"><value>J-116</value></Data>
    </ExtendedData>
    <Point>
      <coordinates>88.382205,24.173318</coordinates>
    </Point>
  </Placemark>
  <Placemark>
    <name>J-117</name>
    <ExtendedData>
      <Data name="id"><value>J-117</value></Data>
    </ExtendedData>
    <Point>
      <coordinates>88.381495,24.172935</coordinates>
    </Point>
  </Placemark>
  <Placemark>
    <name>J-118</name>
    <ExtendedData>
      <Data name="id"><value>J-118</value></Data>
    </ExtendedData>
    <Point>
      <coordinates>88.383093,24.174837</coordinates>
    </Point>
  </Placemark>
  <Placemark>
    <name>J-119</name>
    <ExtendedData>
      <Data name="id"><value>J-119</value></Data>
    </ExtendedData>
    <Point>
      <coordinates>88.381575,24.175013</coordinates>
    </Point>
  </Placemark>
  <Placemark>
    <name>J-120</name>
    <ExtendedData>
      <Data name="id"><value>J-120</value></Data>
    </ExtendedData>
    <Point>
      <coordinates>88.379825,24.175747</coordinates>
    </Point>
  </Placemark>
  <Placemark>
    <name>J-121</name>
    <ExtendedData>
      <Data name="id"><value>J-121</value></Data>
    </ExtendedData>
    <Point>
      <coordinates>88.378802,24.176168</coordinates>
    </Point>
  </Placemark>
  <Placemark>
    <name>J-122</name>
    <ExtendedData>
      <Data name="id"><value>J-122</value></Data>
    </ExtendedData>
    <Point>
      <coordinates>88.376583,24.177109</coordinates>
    </Point>
  </Placemark>
  <Placemark>
    <name>J-123</name>
    <ExtendedData>
      <Data name="id"><value>J-123</value></Data>
    </ExtendedData>
    <Point>
      <coordinates>88.377686,24.178407</coordinates>
    </Point>
  </Placemark>
  <Placemark>
    <name>J-124</name>
    <ExtendedData>
      <Data name="id"><value>J-124</value></Data>
    </ExtendedData>
    <Point>
      <coordinates>88.379473,24.179876</coordinates>
    </Point>
  </Placemark>
  <Placemark>
    <name>J-125</name>
    <ExtendedData>
      <Data name="id"><value>J-125</value></Data>
    </ExtendedData>
    <Point>
      <coordinates>88.378788,24.180587</coordinates>
    </Point>
  </Placemark>
  <Placemark>
    <name>J-126</name>
    <ExtendedData>
      <Data name="id"><value>J-126</value></Data>
    </ExtendedData>
    <Point>
      <coordinates>88.380736,24.179789</coordinates>
    </Point>
  </Placemark>
  <Placemark>
    <name>J-127</name>
    <ExtendedData>
      <Data name="id"><value>J-127</value></Data>
    </ExtendedData>
    <Point>
      <coordinates>88.381487,24.180367</coordinates>
    </Point>
  </Placemark>
  <Placemark>
    <name>J-128</name>
    <ExtendedData>
      <Data name="id"><value>J-128</value></Data>
    </ExtendedData>
    <Point>
      <coordinates>88.381127,24.178747</coordinates>
    </Point>
  </Placemark>
  <Placemark>
    <name>J-129</name>
    <ExtendedData>
      <Data name="id"><value>J-129</value></Data>
    </ExtendedData>
    <Point>
      <coordinates>88.381563,24.178307</coordinates>
    </Point>
  </Placemark>
  <Placemark>
    <name>J-130</name>
    <ExtendedData>
      <Data name="id"><value>J-130</value></Data>
    </ExtendedData>
    <Point>
      <coordinates>88.373848,24.178596</coordinates>
    </Point>
  </Placemark>
  <Placemark>
    <name>J-131</name>
    <ExtendedData>
      <Data name="id"><value>J-131</value></Data>
    </ExtendedData>
    <Point>
      <coordinates>88.373315,24.178868</coordinates>
    </Point>
  </Placemark>
  <Placemark>
    <name>J-132</name>
    <ExtendedData>
      <Data name="id"><value>J-132</value></Data>
    </ExtendedData>
    <Point>
      <coordinates>88.370978,24.17989</coordinates>
    </Point>
  </Placemark>
  <Placemark>
    <name>J-133</name>
    <ExtendedData>
      <Data name="id"><value>J-133</value></Data>
    </ExtendedData>
    <Point>
      <coordinates>88.370064,24.180259</coordinates>
    </Point>
  </Placemark>
  <Placemark>
    <name>J-134</name>
    <ExtendedData>
      <Data name="id"><value>J-134</value></Data>
    </ExtendedData>
    <Point>
      <coordinates>88.380767,24.173464</coordinates>
    </Point>
  </Placemark>
  <Placemark>
    <name>J-135</name>
    <ExtendedData>
      <Data name="id"><value>J-135</value></Data>
    </ExtendedData>
    <Point>
      <coordinates>88.380624,24.173036</coordinates>
    </Point>
  </Placemark>
  <Placemark>
    <name>J-136</name>
    <ExtendedData>
      <Data name="id"><value>J-136</value></Data>
    </ExtendedData>
    <Point>
      <coordinates>88.381451,24.172908</coordinates>
    </Point>
  </Placemark>
  <Placemark>
    <name>J-137</name>
    <ExtendedData>
      <Data name="id"><value>J-137</value></Data>
    </ExtendedData>
    <Point>
      <coordinates>88.380065,24.171932</coordinates>
    </Point>
  </Placemark>
  <Placemark>
    <name>J-138</name>
    <ExtendedData>
      <Data name="id"><value>J-138</value></Data>
    </ExtendedData>
    <Point>
      <coordinates>88.379281,24.17218</coordinates>
    </Point>
  </Placemark>
  <Placemark>
    <name>J-139</name>
    <ExtendedData>
      <Data name="id"><value>J-139</value></Data>
    </ExtendedData>
    <Point>
      <coordinates>88.379326,24.169519</coordinates>
    </Point>
  </Placemark>
  <Placemark>
    <name>J-140</name>
    <ExtendedData>
      <Data name="id"><value>J-140</value></Data>
    </ExtendedData>
    <Point>
      <coordinates>88.375711,24.170628</coordinates>
    </Point>
  </Placemark>
  <Placemark>
    <name>J-141</name>
    <ExtendedData>
      <Data name="id"><value>J-141</value></Data>
    </ExtendedData>
    <Point>
      <coordinates>88.372059,24.171671</coordinates>
    </Point>
  </Placemark>
  <Placemark>
    <name>J-142</name>
    <ExtendedData>
      <Data name="id"><value>J-142</value></Data>
    </ExtendedData>
    <Point>
      <coordinates>88.369907,24.172395</coordinates>
    </Point>
  </Placemark>
  <Placemark>
    <name>J-143</name>
    <ExtendedData>
      <Data name="id"><value>J-143</value></Data>
    </ExtendedData>
    <Point>
      <coordinates>88.379377,24.169128</coordinates>
    </Point>
  </Placemark>
  <Placemark>
    <name>J-144</name>
    <ExtendedData>
      <Data name="id"><value>J-144</value></Data>
    </ExtendedData>
    <Point>
      <coordinates>88.379425,24.168671</coordinates>
    </Point>
  </Placemark>
  <Placemark>
    <name>J-145</name>
    <ExtendedData>
      <Data name="id"><value>J-145</value></Data>
    </ExtendedData>
    <Point>
      <coordinates>88.379207,24.167012</coordinates>
    </Point>
  </Placemark>
  <Placemark>
    <name>J-146</name>
    <ExtendedData>
      <Data name="id"><value>J-146</value></Data>
    </ExtendedData>
    <Point>
      <coordinates>88.376795,24.166736</coordinates>
    </Point>
  </Placemark>
  <Placemark>
    <name>J-147</name>
    <ExtendedData>
      <Data name="id"><value>J-147</value></Data>
    </ExtendedData>
    <Point>
      <coordinates>88.377736,24.16534</coordinates>
    </Point>
  </Placemark>
  <Placemark>
    <name>J-148</name>
    <ExtendedData>
      <Data name="id"><value>J-148</value></Data>
    </ExtendedData>
    <Point>
      <coordinates>88.378724,24.164823</coordinates>
    </Point>
  </Placemark>
  <Placemark>
    <name>J-149</name>
    <ExtendedData>
      <Data name="id"><value>J-149</value></Data>
    </ExtendedData>
    <Point>
      <coordinates>88.377205,24.164207</coordinates>
    </Point>
  </Placemark>
  <Placemark>
    <name>J-150</name>
    <ExtendedData>
      <Data name="id"><value>J-150</value></Data>
    </ExtendedData>
    <Point>
      <coordinates>88.376431,24.163754</coordinates>
    </Point>
  </Placemark>
  <Placemark>
    <name>J-151</name>
    <ExtendedData>
      <Data name="id"><value>J-151</value></Data>
    </ExtendedData>
    <Point>
      <coordinates>88.378907,24.165251</coordinates>
    </Point>
  </Placemark>
  <Placemark>
    <name>J-152</name>
    <ExtendedData>
      <Data name="id"><value>J-152</value></Data>
    </ExtendedData>
    <Point>
      <coordinates>88.378544,24.165266</coordinates>
    </Point>
  </Placemark>
  <Placemark>
    <name>J-153</name>
    <ExtendedData>
      <Data name="id"><value>J-153</value></Data>
    </ExtendedData>
    <Point>
      <coordinates>88.378669,24.164407</coordinates>
    </Point>
  </Placemark>
  <Placemark>
    <name>J-154</name>
    <ExtendedData>
      <Data name="id"><value>J-154</value></Data>
    </ExtendedData>
    <Point>
      <coordinates>88.379561,24.164345</coordinates>
    </Point>
  </Placemark>
  <Placemark>
    <name>J-155</name>
    <ExtendedData>
      <Data name="id"><value>J-155</value></Data>
    </ExtendedData>
    <Point>
      <coordinates>88.378416,24.163474</coordinates>
    </Point>
  </Placemark>
  <Placemark>
    <name>J-156</name>
    <ExtendedData>
      <Data name="id"><value>J-156</value></Data>
    </ExtendedData>
    <Point>
      <coordinates>88.379447,24.163365</coordinates>
    </Point>
  </Placemark>
  <Placemark>
    <name>J-157</name>
    <ExtendedData>
      <Data name="id"><value>J-157</value></Data>
    </ExtendedData>
    <Point>
      <coordinates>88.37839,24.163389</coordinates>
    </Point>
  </Placemark>
  <Placemark>
    <name>J-158</name>
    <ExtendedData>
      <Data name="id"><value>J-158</value></Data>
    </ExtendedData>
    <Point>
      <coordinates>88.37788,24.163376</coordinates>
    </Point>
  </Placemark>
  <Placemark>
    <name>J-159</name>
    <ExtendedData>
      <Data name="id"><value>J-159</value></Data>
    </ExtendedData>
    <Point>
      <coordinates>88.377865,24.162872</coordinates>
    </Point>
  </Placemark>
  <Placemark>
    <name>J-160</name>
    <ExtendedData>
      <Data name="id"><value>J-160</value></Data>
    </ExtendedData>
    <Point>
      <coordinates>88.377052,24.163412</coordinates>
    </Point>
  </Placemark>
  <Placemark>
    <name>J-161</name>
    <ExtendedData>
      <Data name="id"><value>J-161</value></Data>
    </ExtendedData>
    <Point>
      <coordinates>88.377047,24.163607</coordinates>
    </Point>
  </Placemark>
  <Placemark>
    <name>J-162</name>
    <ExtendedData>
      <Data name="id"><value>J-162</value></Data>
    </ExtendedData>
    <Point>
      <coordinates>88.376878,24.163065</coordinates>
    </Point>
  </Placemark>
  <Placemark>
    <name>J-163</name>
    <ExtendedData>
      <Data name="id"><value>J-163</value></Data>
    </ExtendedData>
    <Point>
      <coordinates>88.376402,24.163133</coordinates>
    </Point>
  </Placemark>
  <Placemark>
    <name>J-164</name>
    <ExtendedData>
      <Data name="id"><value>J-164</value></Data>
    </ExtendedData>
    <Point>
      <coordinates>88.376735,24.161568</coordinates>
    </Point>
  </Placemark>
  <Placemark>
    <name>J-165</name>
    <ExtendedData>
      <Data name="id"><value>J-165</value></Data>
    </ExtendedData>
    <Point>
      <coordinates>88.376694,24.161037</coordinates>
    </Point>
  </Placemark>
  <Placemark>
    <name>J-166</name>
    <ExtendedData>
      <Data name="id"><value>J-166</value></Data>
    </ExtendedData>
    <Point>
      <coordinates>88.378182,24.162494</coordinates>
    </Point>
  </Placemark>
  <Placemark>
    <name>J-167</name>
    <ExtendedData>
      <Data name="id"><value>J-167</value></Data>
    </ExtendedData>
    <Point>
      <coordinates>88.377734,24.162255</coordinates>
    </Point>
  </Placemark>
  <Placemark>
    <name>J-168</name>
    <ExtendedData>
      <Data name="id"><value>J-168</value></Data>
    </ExtendedData>
    <Point>
      <coordinates>88.377931,24.160949</coordinates>
    </Point>
  </Placemark>
  <Placemark>
    <name>J-169</name>
    <ExtendedData>
      <Data name="id"><value>J-169</value></Data>
    </ExtendedData>
    <Point>
      <coordinates>88.377942,24.160859</coordinates>
    </Point>
  </Placemark>
  <Placemark>
    <name>J-170</name>
    <ExtendedData>
      <Data name="id"><value>J-170</value></Data>
    </ExtendedData>
    <Point>
      <coordinates>88.379262,24.16042</coordinates>
    </Point>
  </Placemark>
  <Placemark>
    <name>J-172</name>
    <ExtendedData>
      <Data name="id"><value>J-172</value></Data>
    </ExtendedData>
    <Point>
      <coordinates>88.3768,24.160958</coordinates>
    </Point>
  </Placemark>
  <Placemark>
    <name>J-173</name>
    <ExtendedData>
      <Data name="id"><value>J-173</value></Data>
    </ExtendedData>
    <Point>
      <coordinates>88.376664,24.159843</coordinates>
    </Point>
  </Placemark>
  <Placemark>
    <name>J-174</name>
    <ExtendedData>
      <Data name="id"><value>J-174</value></Data>
    </ExtendedData>
    <Point>
      <coordinates>88.374211,24.161016</coordinates>
    </Point>
  </Placemark>
  <Placemark>
    <name>J-175</name>
    <ExtendedData>
      <Data name="id"><value>J-175</value></Data>
    </ExtendedData>
    <Point>
      <coordinates>88.374089,24.15947</coordinates>
    </Point>
  </Placemark>
  <Placemark>
    <name>J-176</name>
    <ExtendedData>
      <Data name="id"><value>J-176</value></Data>
    </ExtendedData>
    <Point>
      <coordinates>88.372509,24.162048</coordinates>
    </Point>
  </Placemark>
  <Placemark>
    <name>J-177</name>
    <ExtendedData>
      <Data name="id"><value>J-177</value></Data>
    </ExtendedData>
    <Point>
      <coordinates>88.366326,24.163563</coordinates>
    </Point>
  </Placemark>
  <Placemark>
    <name>J-178</name>
    <ExtendedData>
      <Data name="id"><value>J-178</value></Data>
    </ExtendedData>
    <Point>
      <coordinates>88.364486,24.163994</coordinates>
    </Point>
  </Placemark>
  <Placemark>
    <name>J-179</name>
    <ExtendedData>
      <Data name="id"><value>J-179</value></Data>
    </ExtendedData>
    <Point>
      <coordinates>88.362989,24.164364</coordinates>
    </Point>
  </Placemark>
  <Placemark>
    <name>J-180</name>
    <ExtendedData>
      <Data name="id"><value>J-180</value></Data>
    </ExtendedData>
    <Point>
      <coordinates>88.377867,24.159587</coordinates>
    </Point>
  </Placemark>
  <Placemark>
    <name>J-181</name>
    <ExtendedData>
      <Data name="id"><value>J-181</value></Data>
    </ExtendedData>
    <Point>
      <coordinates>88.376705,24.159763</coordinates>
    </Point>
  </Placemark>
  <Placemark>
    <name>J-182</name>
    <ExtendedData>
      <Data name="id"><value>J-182</value></Data>
    </ExtendedData>
    <Point>
      <coordinates>88.377991,24.159322</coordinates>
    </Point>
  </Placemark>
  <Placemark>
    <name>J-183</name>
    <ExtendedData>
      <Data name="id"><value>J-183</value></Data>
    </ExtendedData>
    <Point>
      <coordinates>88.37731,24.159354</coordinates>
    </Point>
  </Placemark>
  <Placemark>
    <name>J-184</name>
    <ExtendedData>
      <Data name="id"><value>J-184</value></Data>
    </ExtendedData>
    <Point>
      <coordinates>88.376604,24.15937</coordinates>
    </Point>
  </Placemark>
  <Placemark>
    <name>J-185</name>
    <ExtendedData>
      <Data name="id"><value>J-185</value></Data>
    </ExtendedData>
    <Point>
      <coordinates>88.376656,24.159713</coordinates>
    </Point>
  </Placemark>
  <Placemark>
    <name>J-186</name>
    <ExtendedData>
      <Data name="id"><value>J-186</value></Data>
    </ExtendedData>
    <Point>
      <coordinates>88.376067,24.159372</coordinates>
    </Point>
  </Placemark>
  <Placemark>
    <name>J-187</name>
    <ExtendedData>
      <Data name="id"><value>J-187</value></Data>
    </ExtendedData>
    <Point>
      <coordinates>88.375466,24.159312</coordinates>
    </Point>
  </Placemark>
  <Placemark>
    <name>J-188</name>
    <ExtendedData>
      <Data name="id"><value>J-188</value></Data>
    </ExtendedData>
    <Point>
      <coordinates>88.376025,24.159368</coordinates>
    </Point>
  </Placemark>
  <Placemark>
    <name>J-189</name>
    <ExtendedData>
      <Data name="id"><value>J-189</value></Data>
    </ExtendedData>
    <Point>
      <coordinates>88.373031,24.159347</coordinates>
    </Point>
  </Placemark>
  <Placemark>
    <name>J-190</name>
    <ExtendedData>
      <Data name="id"><value>J-190</value></Data>
    </ExtendedData>
    <Point>
      <coordinates>88.37255,24.159349</coordinates>
    </Point>
  </Placemark>
  <Placemark>
    <name>J-191</name>
    <ExtendedData>
      <Data name="id"><value>J-191</value></Data>
    </ExtendedData>
    <Point>
      <coordinates>88.378006,24.158448</coordinates>
    </Point>
  </Placemark>
  <Placemark>
    <name>J-192</name>
    <ExtendedData>
      <Data name="id"><value>J-192</value></Data>
    </ExtendedData>
    <Point>
      <coordinates>88.377824,24.157932</coordinates>
    </Point>
  </Placemark>
  <Placemark>
    <name>J-193</name>
    <ExtendedData>
      <Data name="id"><value>J-193</value></Data>
    </ExtendedData>
    <Point>
      <coordinates>88.395293,24.189011</coordinates>
    </Point>
  </Placemark>
  <Placemark>
    <name>J-194</name>
    <ExtendedData>
      <Data name="id"><value>J-194</value></Data>
    </ExtendedData>
    <Point>
      <coordinates>88.39437,24.189334</coordinates>
    </Point>
  </Placemark>
  <Placemark>
    <name>J-195</name>
    <ExtendedData>
      <Data name="id"><value>J-195</value></Data>
    </ExtendedData>
    <Point>
      <coordinates>88.395973,24.191751</coordinates>
    </Point>
  </Placemark>
  <Placemark>
    <name>J-196</name>
    <ExtendedData>
      <Data name="id"><value>J-196</value></Data>
    </ExtendedData>
    <Point>
      <coordinates>88.395995,24.193123</coordinates>
    </Point>
  </Placemark>
  <Placemark>
    <name>J-197</name>
    <ExtendedData>
      <Data name="id"><value>J-197</value></Data>
    </ExtendedData>
    <Point>
      <coordinates>88.396163,24.193474</coordinates>
    </Point>
  </Placemark>
  <Placemark>
    <name>J-198</name>
    <ExtendedData>
      <Data name="id"><value>J-198</value></Data>
    </ExtendedData>
    <Point>
      <coordinates>88.39556,24.179091</coordinates>
    </Point>
  </Placemark>
  <Placemark>
    <name>J-199</name>
    <ExtendedData>
      <Data name="id"><value>J-199</value></Data>
    </ExtendedData>
    <Point>
      <coordinates>88.394948,24.178547</coordinates>
    </Point>
  </Placemark>
  <Placemark>
    <name>J-200</name>
    <ExtendedData>
      <Data name="id"><value>J-200</value></Data>
    </ExtendedData>
    <Point>
      <coordinates>88.394733,24.177867</coordinates>
    </Point>
  </Placemark>
  <Placemark>
    <name>J-201</name>
    <ExtendedData>
      <Data name="id"><value>J-201</value></Data>
    </ExtendedData>
    <Point>
      <coordinates>88.394773,24.178622</coordinates>
    </Point>
  </Placemark>
  <Placemark>
    <name>J-202</name>
    <ExtendedData>
      <Data name="id"><value>J-202</value></Data>
    </ExtendedData>
    <Point>
      <coordinates>88.39428,24.178032</coordinates>
    </Point>
  </Placemark>
  <Placemark>
    <name>J-203</name>
    <ExtendedData>
      <Data name="id"><value>J-203</value></Data>
    </ExtendedData>
    <Point>
      <coordinates>88.394138,24.17866</coordinates>
    </Point>
  </Placemark>
  <Placemark>
    <name>J-204</name>
    <ExtendedData>
      <Data name="id"><value>J-204</value></Data>
    </ExtendedData>
    <Point>
      <coordinates>88.393994,24.178074</coordinates>
    </Point>
  </Placemark>
  <Placemark>
    <name>J-205</name>
    <ExtendedData>
      <Data name="id"><value>J-205</value></Data>
    </ExtendedData>
    <Point>
      <coordinates>88.395333,24.177264</coordinates>
    </Point>
  </Placemark>
  <Placemark>
    <name>J-206</name>
    <ExtendedData>
      <Data name="id"><value>J-206</value></Data>
    </ExtendedData>
    <Point>
      <coordinates>88.394729,24.177693</coordinates>
    </Point>
  </Placemark>
  <Placemark>
    <name>J-207</name>
    <ExtendedData>
      <Data name="id"><value>J-207</value></Data>
    </ExtendedData>
    <Point>
      <coordinates>88.393672,24.178002</coordinates>
    </Point>
  </Placemark>
  <Placemark>
    <name>J-208</name>
    <ExtendedData>
      <Data name="id"><value>J-208</value></Data>
    </ExtendedData>
    <Point>
      <coordinates>88.392811,24.177193</coordinates>
    </Point>
  </Placemark>
  <Placemark>
    <name>J-209</name>
    <ExtendedData>
      <Data name="id"><value>J-209</value></Data>
    </ExtendedData>
    <Point>
      <coordinates>88.391938,24.178747</coordinates>
    </Point>
  </Placemark>
  <Placemark>
    <name>J-210</name>
    <ExtendedData>
      <Data name="id"><value>J-210</value></Data>
    </ExtendedData>
    <Point>
      <coordinates>88.391198,24.177579</coordinates>
    </Point>
  </Placemark>
  <Placemark>
    <name>J-211</name>
    <ExtendedData>
      <Data name="id"><value>J-211</value></Data>
    </ExtendedData>
    <Point>
      <coordinates>88.393598,24.177463</coordinates>
    </Point>
  </Placemark>
  <Placemark>
    <name>J-212</name>
    <ExtendedData>
      <Data name="id"><value>J-212</value></Data>
    </ExtendedData>
    <Point>
      <coordinates>88.394069,24.177172</coordinates>
    </Point>
  </Placemark>
  <Placemark>
    <name>J-213</name>
    <ExtendedData>
      <Data name="id"><value>J-213</value></Data>
    </ExtendedData>
    <Point>
      <coordinates>88.393821,24.17661</coordinates>
    </Point>
  </Placemark>
  <Placemark>
    <name>J-214</name>
    <ExtendedData>
      <Data name="id"><value>J-214</value></Data>
    </ExtendedData>
    <Point>
      <coordinates>88.39543,24.175832</coordinates>
    </Point>
  </Placemark>
  <Placemark>
    <name>J-215</name>
    <ExtendedData>
      <Data name="id"><value>J-215</value></Data>
    </ExtendedData>
    <Point>
      <coordinates>88.396171,24.175475</coordinates>
    </Point>
  </Placemark>
  <Placemark>
    <name>J-216</name>
    <ExtendedData>
      <Data name="id"><value>J-216</value></Data>
    </ExtendedData>
    <Point>
      <coordinates>88.392381,24.177054</coordinates>
    </Point>
  </Placemark>
  <Placemark>
    <name>J-217</name>
    <ExtendedData>
      <Data name="id"><value>J-217</value></Data>
    </ExtendedData>
    <Point>
      <coordinates>88.395828,24.176516</coordinates>
    </Point>
  </Placemark>
  <Placemark>
    <name>J-218</name>
    <ExtendedData>
      <Data name="id"><value>J-218</value></Data>
    </ExtendedData>
    <Point>
      <coordinates>88.396031,24.176043</coordinates>
    </Point>
  </Placemark>
  <Placemark>
    <name>J-219</name>
    <ExtendedData>
      <Data name="id"><value>J-219</value></Data>
    </ExtendedData>
    <Point>
      <coordinates>88.396402,24.173617</coordinates>
    </Point>
  </Placemark>
  <Placemark>
    <name>J-220</name>
    <ExtendedData>
      <Data name="id"><value>J-220</value></Data>
    </ExtendedData>
    <Point>
      <coordinates>88.395852,24.171518</coordinates>
    </Point>
  </Placemark>
  <Placemark>
    <name>J-221</name>
    <ExtendedData>
      <Data name="id"><value>J-221</value></Data>
    </ExtendedData>
    <Point>
      <coordinates>88.395868,24.171157</coordinates>
    </Point>
  </Placemark>
  <Placemark>
    <name>J-222</name>
    <ExtendedData>
      <Data name="id"><value>J-222</value></Data>
    </ExtendedData>
    <Point>
      <coordinates>88.397397,24.163846</coordinates>
    </Point>
  </Placemark>
  <Placemark>
    <name>J-223</name>
    <ExtendedData>
      <Data name="id"><value>J-223</value></Data>
    </ExtendedData>
    <Point>
      <coordinates>88.399038,24.162798</coordinates>
    </Point>
  </Placemark>
  <Placemark>
    <name>J-224</name>
    <ExtendedData>
      <Data name="id"><value>J-224</value></Data>
    </ExtendedData>
    <Point>
      <coordinates>88.404959,24.163492</coordinates>
    </Point>
  </Placemark>
  <Placemark>
    <name>J-225</name>
    <ExtendedData>
      <Data name="id"><value>J-225</value></Data>
    </ExtendedData>
    <Point>
      <coordinates>88.405675,24.16591</coordinates>
    </Point>
  </Placemark>
  <Placemark>
    <name>J-226</name>
    <ExtendedData>
      <Data name="id"><value>J-226</value></Data>
    </ExtendedData>
    <Point>
      <coordinates>88.401406,24.162221</coordinates>
    </Point>
  </Placemark>
  <Placemark>
    <name>J-227</name>
    <ExtendedData>
      <Data name="id"><value>J-227</value></Data>
    </ExtendedData>
    <Point>
      <coordinates>88.40117,24.161272</coordinates>
    </Point>
  </Placemark>
  <Placemark>
    <name>J-228</name>
    <ExtendedData>
      <Data name="id"><value>J-228</value></Data>
    </ExtendedData>
    <Point>
      <coordinates>88.405702,24.162221</coordinates>
    </Point>
  </Placemark>
  <Placemark>
    <name>J-229</name>
    <ExtendedData>
      <Data name="id"><value>J-229</value></Data>
    </ExtendedData>
    <Point>
      <coordinates>88.405961,24.161304</coordinates>
    </Point>
  </Placemark>
  <Placemark>
    <name>J-230</name>
    <ExtendedData>
      <Data name="id"><value>J-230</value></Data>
    </ExtendedData>
    <Point>
      <coordinates>88.407483,24.16341</coordinates>
    </Point>
  </Placemark>
  <Placemark>
    <name>J-231</name>
    <ExtendedData>
      <Data name="id"><value>J-231</value></Data>
    </ExtendedData>
    <Point>
      <coordinates>88.407576,24.164842</coordinates>
    </Point>
  </Placemark>
  <Placemark>
    <name>J-232</name>
    <ExtendedData>
      <Data name="id"><value>J-232</value></Data>
    </ExtendedData>
    <Point>
      <coordinates>88.398426,24.17006</coordinates>
    </Point>
  </Placemark>
  <Placemark>
    <name>J-233</name>
    <ExtendedData>
      <Data name="id"><value>J-233</value></Data>
    </ExtendedData>
    <Point>
      <coordinates>88.401816,24.167631</coordinates>
    </Point>
  </Placemark>
  <Placemark>
    <name>J-234</name>
    <ExtendedData>
      <Data name="id"><value>J-234</value></Data>
    </ExtendedData>
    <Point>
      <coordinates>88.407651,24.165704</coordinates>
    </Point>
  </Placemark>
  <Placemark>
    <name>J-235</name>
    <ExtendedData>
      <Data name="id"><value>J-235</value></Data>
    </ExtendedData>
    <Point>
      <coordinates>88.407586,24.16492</coordinates>
    </Point>
  </Placemark>
  <Placemark>
    <name>J-236</name>
    <ExtendedData>
      <Data name="id"><value>J-236</value></Data>
    </ExtendedData>
    <Point>
      <coordinates>88.41263,24.167219</coordinates>
    </Point>
  </Placemark>
  <Placemark>
    <name>J-237</name>
    <ExtendedData>
      <Data name="id"><value>J-237</value></Data>
    </ExtendedData>
    <Point>
      <coordinates>88.417467,24.167923</coordinates>
    </Point>
  </Placemark>
  <Placemark>
    <name>J-238</name>
    <ExtendedData>
      <Data name="id"><value>J-238</value></Data>
    </ExtendedData>
    <Point>
      <coordinates>88.419271,24.172512</coordinates>
    </Point>
  </Placemark>
  <Placemark>
    <name>J-239</name>
    <ExtendedData>
      <Data name="id"><value>J-239</value></Data>
    </ExtendedData>
    <Point>
      <coordinates>88.421147,24.177562</coordinates>
    </Point>
  </Placemark>
  <Placemark>
    <name>J-240</name>
    <ExtendedData>
      <Data name="id"><value>J-240</value></Data>
    </ExtendedData>
    <Point>
      <coordinates>88.421077,24.178589</coordinates>
    </Point>
  </Placemark>
  <Placemark>
    <name>J-241</name>
    <ExtendedData>
      <Data name="id"><value>J-241</value></Data>
    </ExtendedData>
    <Point>
      <coordinates>88.399071,24.172913</coordinates>
    </Point>
  </Placemark>
  <Placemark>
    <name>J-242</name>
    <ExtendedData>
      <Data name="id"><value>J-242</value></Data>
    </ExtendedData>
    <Point>
      <coordinates>88.401124,24.172359</coordinates>
    </Point>
  </Placemark>
  <Placemark>
    <name>J-243</name>
    <ExtendedData>
      <Data name="id"><value>J-243</value></Data>
    </ExtendedData>
    <Point>
      <coordinates>88.406879,24.171982</coordinates>
    </Point>
  </Placemark>
  <Placemark>
    <name>J-244</name>
    <ExtendedData>
      <Data name="id"><value>J-244</value></Data>
    </ExtendedData>
    <Point>
      <coordinates>88.408027,24.172391</coordinates>
    </Point>
  </Placemark>
  <Placemark>
    <name>J-245</name>
    <ExtendedData>
      <Data name="id"><value>J-245</value></Data>
    </ExtendedData>
    <Point>
      <coordinates>88.410836,24.172965</coordinates>
    </Point>
  </Placemark>
  <Placemark>
    <name>J-246</name>
    <ExtendedData>
      <Data name="id"><value>J-246</value></Data>
    </ExtendedData>
    <Point>
      <coordinates>88.413878,24.174713</coordinates>
    </Point>
  </Placemark>
  <Placemark>
    <name>J-247</name>
    <ExtendedData>
      <Data name="id"><value>J-247</value></Data>
    </ExtendedData>
    <Point>
      <coordinates>88.41695,24.17853</coordinates>
    </Point>
  </Placemark>
  <Placemark>
    <name>J-248</name>
    <ExtendedData>
      <Data name="id"><value>J-248</value></Data>
    </ExtendedData>
    <Point>
      <coordinates>88.420632,24.17853</coordinates>
    </Point>
  </Placemark>
  <Placemark>
    <name>J-249</name>
    <ExtendedData>
      <Data name="id"><value>J-249</value></Data>
    </ExtendedData>
    <Point>
      <coordinates>88.422291,24.179128</coordinates>
    </Point>
  </Placemark>
  <Placemark>
    <name>J-250</name>
    <ExtendedData>
      <Data name="id"><value>J-250</value></Data>
    </ExtendedData>
    <Point>
      <coordinates>88.400105,24.187736</coordinates>
    </Point>
  </Placemark>
  <Placemark>
    <name>J-251</name>
    <ExtendedData>
      <Data name="id"><value>J-251</value></Data>
    </ExtendedData>
    <Point>
      <coordinates>88.405624,24.185408</coordinates>
    </Point>
  </Placemark>
  <Placemark>
    <name>J-252</name>
    <ExtendedData>
      <Data name="id"><value>J-252</value></Data>
    </ExtendedData>
    <Point>
      <coordinates>88.406195,24.184454</coordinates>
    </Point>
  </Placemark>
  <Placemark>
    <name>J-253</name>
    <ExtendedData>
      <Data name="id"><value>J-253</value></Data>
    </ExtendedData>
    <Point>
      <coordinates>88.409412,24.183523</coordinates>
    </Point>
  </Placemark>
  <Placemark>
    <name>J-254</name>
    <ExtendedData>
      <Data name="id"><value>J-254</value></Data>
    </ExtendedData>
    <Point>
      <coordinates>88.411131,24.183003</coordinates>
    </Point>
  </Placemark>
  <Placemark>
    <name>J-255</name>
    <ExtendedData>
      <Data name="id"><value>J-255</value></Data>
    </ExtendedData>
    <Point>
      <coordinates>88.416997,24.181226</coordinates>
    </Point>
  </Placemark>
  <Placemark>
    <name>J-256</name>
    <ExtendedData>
      <Data name="id"><value>J-256</value></Data>
    </ExtendedData>
    <Point>
      <coordinates>88.423069,24.179044</coordinates>
    </Point>
  </Placemark>
  <Placemark>
    <name>J-257</name>
    <ExtendedData>
      <Data name="id"><value>J-257</value></Data>
    </ExtendedData>
    <Point>
      <coordinates>88.424346,24.178759</coordinates>
    </Point>
  </Placemark>
  <Placemark>
    <name>J-258</name>
    <ExtendedData>
      <Data name="id"><value>J-258</value></Data>
    </ExtendedData>
    <Point>
      <coordinates>88.424328,24.17851</coordinates>
    </Point>
  </Placemark>
  <Placemark>
    <name>J-259</name>
    <ExtendedData>
      <Data name="id"><value>J-259</value></Data>
    </ExtendedData>
    <Point>
      <coordinates>88.424448,24.178988</coordinates>
    </Point>
  </Placemark>
  <Placemark>
    <name>J-260</name>
    <ExtendedData>
      <Data name="id"><value>J-260</value></Data>
    </ExtendedData>
    <Point>
      <coordinates>88.424461,24.179003</coordinates>
    </Point>
  </Placemark>
  <Placemark>
    <name>J-261</name>
    <ExtendedData>
      <Data name="id"><value>J-261</value></Data>
    </ExtendedData>
    <Point>
      <coordinates>88.424617,24.179395</coordinates>
    </Point>
  </Placemark>
  <Placemark>
    <name>J-262</name>
    <ExtendedData>
      <Data name="id"><value>J-262</value></Data>
    </ExtendedData>
    <Point>
      <coordinates>88.424269,24.179736</coordinates>
    </Point>
  </Placemark>
  <Placemark>
    <name>J-263</name>
    <ExtendedData>
      <Data name="id"><value>J-263</value></Data>
    </ExtendedData>
    <Point>
      <coordinates>88.424935,24.180093</coordinates>
    </Point>
  </Placemark>
  <Placemark>
    <name>J-264</name>
    <ExtendedData>
      <Data name="id"><value>J-264</value></Data>
    </ExtendedData>
    <Point>
      <coordinates>88.425856,24.178759</coordinates>
    </Point>
  </Placemark>
  <Placemark>
    <name>J-265</name>
    <ExtendedData>
      <Data name="id"><value>J-265</value></Data>
    </ExtendedData>
    <Point>
      <coordinates>88.425825,24.178161</coordinates>
    </Point>
  </Placemark>
  <Placemark>
    <name>J-266</name>
    <ExtendedData>
      <Data name="id"><value>J-266</value></Data>
    </ExtendedData>
    <Point>
      <coordinates>88.427182,24.178551</coordinates>
    </Point>
  </Placemark>
  <Placemark>
    <name>J-267</name>
    <ExtendedData>
      <Data name="id"><value>J-267</value></Data>
    </ExtendedData>
    <Point>
      <coordinates>88.427422,24.177751</coordinates>
    </Point>
  </Placemark>
  <Placemark>
    <name>J-268</name>
    <ExtendedData>
      <Data name="id"><value>J-268</value></Data>
    </ExtendedData>
    <Point>
      <coordinates>88.429826,24.179623</coordinates>
    </Point>
  </Placemark>
  <Placemark>
    <name>J-269</name>
    <ExtendedData>
      <Data name="id"><value>J-269</value></Data>
    </ExtendedData>
    <Point>
      <coordinates>88.432412,24.178291</coordinates>
    </Point>
  </Placemark>
  <Placemark>
    <name>J-270</name>
    <ExtendedData>
      <Data name="id"><value>J-270</value></Data>
    </ExtendedData>
    <Point>
      <coordinates>88.435212,24.178565</coordinates>
    </Point>
  </Placemark>
  <Placemark>
    <name>J-271</name>
    <ExtendedData>
      <Data name="id"><value>J-271</value></Data>
    </ExtendedData>
    <Point>
      <coordinates>88.427416,24.183026</coordinates>
    </Point>
  </Placemark>
  <Placemark>
    <name>J-272</name>
    <ExtendedData>
      <Data name="id"><value>J-272</value></Data>
    </ExtendedData>
    <Point>
      <coordinates>88.427431,24.183381</coordinates>
    </Point>
  </Placemark>
  <Placemark>
    <name>J-273</name>
    <ExtendedData>
      <Data name="id"><value>J-273</value></Data>
    </ExtendedData>
    <Point>
      <coordinates>88.427175,24.183255</coordinates>
    </Point>
  </Placemark>
  <Placemark>
    <name>J-274</name>
    <ExtendedData>
      <Data name="id"><value>J-274</value></Data>
    </ExtendedData>
    <Point>
      <coordinates>88.401294,24.189967</coordinates>
    </Point>
  </Placemark>
  <Placemark>
    <name>J-275</name>
    <ExtendedData>
      <Data name="id"><value>J-275</value></Data>
    </ExtendedData>
    <Point>
      <coordinates>88.40072,24.192403</coordinates>
    </Point>
  </Placemark>
  <Placemark>
    <name>J-276</name>
    <ExtendedData>
      <Data name="id"><value>J-276</value></Data>
    </ExtendedData>
    <Point>
      <coordinates>88.397094,24.193696</coordinates>
    </Point>
  </Placemark>
  <Placemark>
    <name>J-277</name>
    <ExtendedData>
      <Data name="id"><value>J-277</value></Data>
    </ExtendedData>
    <Point>
      <coordinates>88.396224,24.193507</coordinates>
    </Point>
  </Placemark>
  <Placemark>
    <name>J-278</name>
    <ExtendedData>
      <Data name="id"><value>J-278</value></Data>
    </ExtendedData>
    <Point>
      <coordinates>88.403578,24.190386</coordinates>
    </Point>
  </Placemark>
  <Placemark>
    <name>J-279</name>
    <ExtendedData>
      <Data name="id"><value>J-279</value></Data>
    </ExtendedData>
    <Point>
      <coordinates>88.404251,24.191291</coordinates>
    </Point>
  </Placemark>
  <Placemark>
    <name>J-280</name>
    <ExtendedData>
      <Data name="id"><value>J-280</value></Data>
    </ExtendedData>
    <Point>
      <coordinates>88.404632,24.191302</coordinates>
    </Point>
  </Placemark>
  <Placemark>
    <name>J-281</name>
    <ExtendedData>
      <Data name="id"><value>J-281</value></Data>
    </ExtendedData>
    <Point>
      <coordinates>88.404088,24.192762</coordinates>
    </Point>
  </Placemark>
  <Placemark>
    <name>J-282</name>
    <ExtendedData>
      <Data name="id"><value>J-282</value></Data>
    </ExtendedData>
    <Point>
      <coordinates>88.404785,24.190442</coordinates>
    </Point>
  </Placemark>
  <Placemark>
    <name>J-283</name>
    <ExtendedData>
      <Data name="id"><value>J-283</value></Data>
    </ExtendedData>
    <Point>
      <coordinates>88.404728,24.192875</coordinates>
    </Point>
  </Placemark>
  <Placemark>
    <name>J-284</name>
    <ExtendedData>
      <Data name="id"><value>J-284</value></Data>
    </ExtendedData>
    <Point>
      <coordinates>88.40222,24.192845</coordinates>
    </Point>
  </Placemark>
  <Placemark>
    <name>J-285</name>
    <ExtendedData>
      <Data name="id"><value>J-285</value></Data>
    </ExtendedData>
    <Point>
      <coordinates>88.40146,24.19274</coordinates>
    </Point>
  </Placemark>
  <Placemark>
    <name>J-286</name>
    <ExtendedData>
      <Data name="id"><value>J-286</value></Data>
    </ExtendedData>
    <Point>
      <coordinates>88.401408,24.192717</coordinates>
    </Point>
  </Placemark>
  <Placemark>
    <name>J-287</name>
    <ExtendedData>
      <Data name="id"><value>J-287</value></Data>
    </ExtendedData>
    <Point>
      <coordinates>88.40709,24.192782</coordinates>
    </Point>
  </Placemark>
  <Placemark>
    <name>J-288</name>
    <ExtendedData>
      <Data name="id"><value>J-288</value></Data>
    </ExtendedData>
    <Point>
      <coordinates>88.40768,24.192963</coordinates>
    </Point>
  </Placemark>
  <Placemark>
    <name>J-289</name>
    <ExtendedData>
      <Data name="id"><value>J-289</value></Data>
    </ExtendedData>
    <Point>
      <coordinates>88.406741,24.190411</coordinates>
    </Point>
  </Placemark>
  <Placemark>
    <name>J-290</name>
    <ExtendedData>
      <Data name="id"><value>J-290</value></Data>
    </ExtendedData>
    <Point>
      <coordinates>88.407242,24.190405</coordinates>
    </Point>
  </Placemark>
  <Placemark>
    <name>J-291</name>
    <ExtendedData>
      <Data name="id"><value>J-291</value></Data>
    </ExtendedData>
    <Point>
      <coordinates>88.406971,24.191408</coordinates>
    </Point>
  </Placemark>
  <Placemark>
    <name>J-292</name>
    <ExtendedData>
      <Data name="id"><value>J-292</value></Data>
    </ExtendedData>
    <Point>
      <coordinates>88.406836,24.192484</coordinates>
    </Point>
  </Placemark>
  <Placemark>
    <name>J-293</name>
    <ExtendedData>
      <Data name="id"><value>J-293</value></Data>
    </ExtendedData>
    <Point>
      <coordinates>88.406906,24.19269</coordinates>
    </Point>
  </Placemark>
  <Placemark>
    <name>J-294</name>
    <ExtendedData>
      <Data name="id"><value>J-294</value></Data>
    </ExtendedData>
    <Point>
      <coordinates>88.408401,24.190678</coordinates>
    </Point>
  </Placemark>
  <Placemark>
    <name>J-295</name>
    <ExtendedData>
      <Data name="id"><value>J-295</value></Data>
    </ExtendedData>
    <Point>
      <coordinates>88.408381,24.189141</coordinates>
    </Point>
  </Placemark>
  <Placemark>
    <name>J-296</name>
    <ExtendedData>
      <Data name="id"><value>J-296</value></Data>
    </ExtendedData>
    <Point>
      <coordinates>88.409651,24.188592</coordinates>
    </Point>
  </Placemark>
  <Placemark>
    <name>J-297</name>
    <ExtendedData>
      <Data name="id"><value>J-297</value></Data>
    </ExtendedData>
    <Point>
      <coordinates>88.410106,24.19276</coordinates>
    </Point>
  </Placemark>
  <Placemark>
    <name>J-298</name>
    <ExtendedData>
      <Data name="id"><value>J-298</value></Data>
    </ExtendedData>
    <Point>
      <coordinates>88.411568,24.192751</coordinates>
    </Point>
  </Placemark>
  <Placemark>
    <name>J-299</name>
    <ExtendedData>
      <Data name="id"><value>J-299</value></Data>
    </ExtendedData>
    <Point>
      <coordinates>88.411875,24.193094</coordinates>
    </Point>
  </Placemark>
  <Placemark>
    <name>J-300</name>
    <ExtendedData>
      <Data name="id"><value>J-300</value></Data>
    </ExtendedData>
    <Point>
      <coordinates>88.412161,24.193583</coordinates>
    </Point>
  </Placemark>
  <Placemark>
    <name>J-301</name>
    <ExtendedData>
      <Data name="id"><value>J-301</value></Data>
    </ExtendedData>
    <Point>
      <coordinates>88.412539,24.192506</coordinates>
    </Point>
  </Placemark>
  <Placemark>
    <name>J-302</name>
    <ExtendedData>
      <Data name="id"><value>J-302</value></Data>
    </ExtendedData>
    <Point>
      <coordinates>88.410749,24.191855</coordinates>
    </Point>
  </Placemark>
  <Placemark>
    <name>J-303</name>
    <ExtendedData>
      <Data name="id"><value>J-303</value></Data>
    </ExtendedData>
    <Point>
      <coordinates>88.410331,24.192276</coordinates>
    </Point>
  </Placemark>
  <Placemark>
    <name>J-304</name>
    <ExtendedData>
      <Data name="id"><value>J-304</value></Data>
    </ExtendedData>
    <Point>
      <coordinates>88.410072,24.19262</coordinates>
    </Point>
  </Placemark>
  <Placemark>
    <name>J-305</name>
    <ExtendedData>
      <Data name="id"><value>J-305</value></Data>
    </ExtendedData>
    <Point>
      <coordinates>88.411119,24.191373</coordinates>
    </Point>
  </Placemark>
  <Placemark>
    <name>J-306</name>
    <ExtendedData>
      <Data name="id"><value>J-306</value></Data>
    </ExtendedData>
    <Point>
      <coordinates>88.410445,24.190704</coordinates>
    </Point>
  </Placemark>
  <Placemark>
    <name>J-307</name>
    <ExtendedData>
      <Data name="id"><value>J-307</value></Data>
    </ExtendedData>
    <Point>
      <coordinates>88.411762,24.190962</coordinates>
    </Point>
  </Placemark>
  <Placemark>
    <name>J-308</name>
    <ExtendedData>
      <Data name="id"><value>J-308</value></Data>
    </ExtendedData>
    <Point>
      <coordinates>88.410467,24.189812</coordinates>
    </Point>
  </Placemark>
  <Placemark>
    <name>J-309</name>
    <ExtendedData>
      <Data name="id"><value>J-309</value></Data>
    </ExtendedData>
    <Point>
      <coordinates>88.414181,24.18882</coordinates>
    </Point>
  </Placemark>
  <Placemark>
    <name>J-310</name>
    <ExtendedData>
      <Data name="id"><value>J-310</value></Data>
    </ExtendedData>
    <Point>
      <coordinates>88.415314,24.187797</coordinates>
    </Point>
  </Placemark>
  <Placemark>
    <name>J-311</name>
    <ExtendedData>
      <Data name="id"><value>J-311</value></Data>
    </ExtendedData>
    <Point>
      <coordinates>88.412522,24.194161</coordinates>
    </Point>
  </Placemark>
  <Placemark>
    <name>J-312</name>
    <ExtendedData>
      <Data name="id"><value>J-312</value></Data>
    </ExtendedData>
    <Point>
      <coordinates>88.413491,24.19479</coordinates>
    </Point>
  </Placemark>
  <Placemark>
    <name>J-313</name>
    <ExtendedData>
      <Data name="id"><value>J-313</value></Data>
    </ExtendedData>
    <Point>
      <coordinates>88.415837,24.191661</coordinates>
    </Point>
  </Placemark>
  <Placemark>
    <name>J-314</name>
    <ExtendedData>
      <Data name="id"><value>J-314</value></Data>
    </ExtendedData>
    <Point>
      <coordinates>88.417646,24.190332</coordinates>
    </Point>
  </Placemark>
  <Placemark>
    <name>J-315</name>
    <ExtendedData>
      <Data name="id"><value>J-315</value></Data>
    </ExtendedData>
    <Point>
      <coordinates>88.418425,24.192309</coordinates>
    </Point>
  </Placemark>
  <Placemark>
    <name>J-316</name>
    <ExtendedData>
      <Data name="id"><value>J-316</value></Data>
    </ExtendedData>
    <Point>
      <coordinates>88.418966,24.192747</coordinates>
    </Point>
  </Placemark>
  <Placemark>
    <name>J-317</name>
    <ExtendedData>
      <Data name="id"><value>J-317</value></Data>
    </ExtendedData>
    <Point>
      <coordinates>88.419077,24.188646</coordinates>
    </Point>
  </Placemark>
  <Placemark>
    <name>J-318</name>
    <ExtendedData>
      <Data name="id"><value>J-318</value></Data>
    </ExtendedData>
    <Point>
      <coordinates>88.420039,24.187588</coordinates>
    </Point>
  </Placemark>
  <Placemark>
    <name>J-319</name>
    <ExtendedData>
      <Data name="id"><value>J-319</value></Data>
    </ExtendedData>
    <Point>
      <coordinates>88.414247,24.194747</coordinates>
    </Point>
  </Placemark>
  <Placemark>
    <name>J-320</name>
    <ExtendedData>
      <Data name="id"><value>J-320</value></Data>
    </ExtendedData>
    <Point>
      <coordinates>88.415291,24.19336</coordinates>
    </Point>
  </Placemark>
  <Placemark>
    <name>J-321</name>
    <ExtendedData>
      <Data name="id"><value>J-321</value></Data>
    </ExtendedData>
    <Point>
      <coordinates>88.414799,24.195045</coordinates>
    </Point>
  </Placemark>
  <Placemark>
    <name>J-322</name>
    <ExtendedData>
      <Data name="id"><value>J-322</value></Data>
    </ExtendedData>
    <Point>
      <coordinates>88.415583,24.195772</coordinates>
    </Point>
  </Placemark>
  <Placemark>
    <name>J-323</name>
    <ExtendedData>
      <Data name="id"><value>J-323</value></Data>
    </ExtendedData>
    <Point>
      <coordinates>88.417186,24.194015</coordinates>
    </Point>
  </Placemark>
  <Placemark>
    <name>J-324</name>
    <ExtendedData>
      <Data name="id"><value>J-324</value></Data>
    </ExtendedData>
    <Point>
      <coordinates>88.418142,24.193307</coordinates>
    </Point>
  </Placemark>
  <Placemark>
    <name>J-325</name>
    <ExtendedData>
      <Data name="id"><value>J-325</value></Data>
    </ExtendedData>
    <Point>
      <coordinates>88.421303,24.191978</coordinates>
    </Point>
  </Placemark>
  <Placemark>
    <name>J-326</name>
    <ExtendedData>
      <Data name="id"><value>J-326</value></Data>
    </ExtendedData>
    <Point>
      <coordinates>88.422681,24.188954</coordinates>
    </Point>
  </Placemark>
  <Placemark>
    <name>J-327</name>
    <ExtendedData>
      <Data name="id"><value>J-327</value></Data>
    </ExtendedData>
    <Point>
      <coordinates>88.424083,24.18763</coordinates>
    </Point>
  </Placemark>
  <Placemark>
    <name>J-328</name>
    <ExtendedData>
      <Data name="id"><value>J-328</value></Data>
    </ExtendedData>
    <Point>
      <coordinates>88.423538,24.189187</coordinates>
    </Point>
  </Placemark>
  <Placemark>
    <name>J-329</name>
    <ExtendedData>
      <Data name="id"><value>J-329</value></Data>
    </ExtendedData>
    <Point>
      <coordinates>88.425785,24.185016</coordinates>
    </Point>
  </Placemark>
  <Placemark>
    <name>J-330</name>
    <ExtendedData>
      <Data name="id"><value>J-330</value></Data>
    </ExtendedData>
    <Point>
      <coordinates>88.426981,24.183518</coordinates>
    </Point>
  </Placemark>
  <Placemark>
    <name>J-331</name>
    <ExtendedData>
      <Data name="id"><value>J-331</value></Data>
    </ExtendedData>
    <Point>
      <coordinates>88.426037,24.18612</coordinates>
    </Point>
  </Placemark>
  <Placemark>
    <name>J-332</name>
    <ExtendedData>
      <Data name="id"><value>J-332</value></Data>
    </ExtendedData>
    <Point>
      <coordinates>88.427383,24.184451</coordinates>
    </Point>
  </Placemark>
  <Placemark>
    <name>J-333</name>
    <ExtendedData>
      <Data name="id"><value>J-333</value></Data>
    </ExtendedData>
    <Point>
      <coordinates>88.427448,24.183716</coordinates>
    </Point>
  </Placemark>
  <Placemark>
    <name>J-334</name>
    <ExtendedData>
      <Data name="id"><value>J-334</value></Data>
    </ExtendedData>
    <Point>
      <coordinates>88.37404,24.167252</coordinates>
    </Point>
  </Placemark>
  <Placemark>
    <name>J-335</name>
    <ExtendedData>
      <Data name="id"><value>J-335</value></Data>
    </ExtendedData>
    <Point>
      <coordinates>88.369166,24.168264</coordinates>
    </Point>
  </Placemark>
  <Placemark>
    <name>J-336</name>
    <ExtendedData>
      <Data name="id"><value>J-336</value></Data>
    </ExtendedData>
    <Point>
      <coordinates>88.365006,24.169642</coordinates>
    </Point>
  </Placemark>
  <Placemark>
    <name>J-337</name>
    <ExtendedData>
      <Data name="id"><value>J-337</value></Data>
    </ExtendedData>
    <Point>
      <coordinates>88.363592,24.169876</coordinates>
    </Point>
  </Placemark>
  <Placemark>
    <name>R-1-J-1</name>
    <ExtendedData>
      <Data name="id"><value>R-1-J-1</value></Data>
      <Data name="source"><value>R-1</value></Data>
      <Data name="target"><value>J-1</value></Data>
    </ExtendedData>
    <LineString>
      <coordinates>
        88.383344,24.192707
        88.383326,24.192499
      </coordinates>
    </LineString>
  </Placemark>
  <Placemark>
    <name>J-1-J-1A</name>
    <ExtendedData>
      <Data name="id"><value>J-1-J-1A</value></Data>
      <Data name="source"><value>J-1</value></Data>
      <Data name="target"><value>J-1A</value></Data>
    </ExtendedData>
    <LineString>
      <coordinates>
        88.383326,24.192499
        88.383163,24.192422
      </coordinates>
    </LineString>
  </Placemark>
  <Placemark>
    <name>J-1B-J-2</name>
    <ExtendedData>
      <Data name="id"><value>J-1B-J-2</value></Data>
      <Data name="source"><value>J-1B</value></Data>
      <Data name="target"><value>J-2</value></Data>
    </ExtendedData>
    <LineString>
      <coordinates>
        88.383441,24.192366
        88.381989,24.192825
      </coordinates>
    </LineString>
  </Placemark>
  <Placemark>
    <name>J-1-J-1B</name>
    <ExtendedData>
      <Data name="id"><value>J-1-J-1B</value></Data>
      <Data name="source"><value>J-1</value></Data>
      <Data name="target"><value>J-1B</value></Data>
    </ExtendedData>
    <LineString>
      <coordinates>
        88.383326,24.192499
        88.383441,24.192366
      </coordinates>
    </LineString>
  </Placemark>
  <Placemark>
    <name>J-2-J-3</name>
    <ExtendedData>
      <Data name="id"><value>J-2-J-3</value></Data>
      <Data name="source"><value>J-2</value></Data>
      <Data name="target"><value>J-3</value></Data>
    </ExtendedData>
    <LineString>
      <coordinates>
        88.381989,24.192825
        88.381824,24.191374
      </coordinates>
    </LineString>
  </Placemark>
  <Placemark>
    <name>J-4-J-5</name>
    <ExtendedData>
      <Data name="id"><value>J-4-J-5</value></Data>
      <Data name="source"><value>J-4</value></Data>
      <Data name="target"><value>J-5</value></Data>
    </ExtendedData>
    <LineString>
      <coordinates>
        88.373069,24.195367
        88.372277,24.195787
      </coordinates>
    </LineString>
  </Placemark>
  <Placemark>
    <name>J-1A-J-6</name>
    <ExtendedData>
      <Data name="id"><value>J-1A-J-6</value></Data>
      <Data name="source"><value>J-1A</value></Data>
      <Data name="target"><value>J-6</value></Data>
    </ExtendedData>
    <LineString>
      <coordinates>
        88.383163,24.192422
        88.392077,24.189926
      </coordinates>
    </LineString>
  </Placemark>
  <Placemark>
    <name>J-6-J-7</name>
    <ExtendedData>
      <Data name="id"><value>J-6-J-7</value></Data>
      <Data name="source"><value>J-6</value></Data>
      <Data name="target"><value>J-7</value></Data>
    </ExtendedData>
    <LineString>
      <coordinates>
        88.392077,24.189926
        88.393049,24.189733
      </coordinates>
    </LineString>
  </Placemark>
  <Placemark>
    <name>J-7-J-8</name>
    <ExtendedData>
      <Data name="id"><value>J-7-J-8</value></Data>
      <Data name="source"><value>J-7</value></Data>
      <Data name="target"><value>J-8</value></Data>
    </ExtendedData>
    <LineString>
      <coordinates>
        88.393049,24.189733
        88.3955,24.193879
      </coordinates>
    </LineString>
  </Placemark>
  <Placemark>
    <name>J-8-J-9</name>
    <ExtendedData>
      <Data name="id"><value>J-8-J-9</value></Data>
      <Data name="source"><value>J-8</value></Data>
      <Data name="target"><value>J-9</value></Data>
    </ExtendedData>
    <LineString>
      <coordinates>
        88.3955,24.193879
        88.396162,24.19358
      </coordinates>
    </LineString>
  </Placemark>
  <Placemark>
    <name>J-8-J-10</name>
    <ExtendedData>
      <Data name="id"><value>J-8-J-10</value></Data>
      <Data name="source"><value>J-8</value></Data>
      <Data name="target"><value>J-10</value></Data>
    </ExtendedData>
    <LineString>
      <coordinates>
        88.3955,24.193879
        88.392435,24.194538
      </coordinates>
    </LineString>
  </Placemark>
  <Placemark>
    <name>J-10-J-11</name>
    <ExtendedData>
      <Data name="id"><value>J-10-J-11</value></Data>
      <Data name="source"><value>J-10</value></Data>
      <Data name="target"><value>J-11</value></Data>
    </ExtendedData>
    <LineString>
      <coordinates>
        88.392435,24.194538
        88.390865,24.195084
      </coordinates>
    </LineString>
  </Placemark>
  <Placemark>
    <name>J-11-J-12</name>
    <ExtendedData>
      <Data name="id"><value>J-11-J-12</value></Data>
      <Data name="source"><value>J-11</value></Data>
      <Data name="target"><value>J-12</value></Data>
    </ExtendedData>
    <LineString>
      <coordinates>
        88.390865,24.195084
        88.390345,24.197537
      </coordinates>
    </LineString>
  </Placemark>
  <Placemark>
    <name>J-12-J-13</name>
    <ExtendedData>
      <Data name="id"><value>J-12-J-13</value></Data>
      <Data name="source"><value>J-12</value></Data>
      <Data name="target"><value>J-13</value></Data>
    </ExtendedData>
    <LineString>
      <coordinates>
        88.390345,24.197537
        88.389725,24.198878
      </coordinates>
    </LineString>
  </Placemark>
  <Placemark>
    <name>J-13-J-14</name>
    <ExtendedData>
      <Data name="id"><value>J-13-J-14</value></Data>
      <Data name="source"><value>J-13</value></Data>
      <Data name="target"><value>J-14</value></Data>
    </ExtendedData>
    <LineString>
      <coordinates>
        88.389725,24.198878
        88.389424,24.199302
      </coordinates>
    </LineString>
  </Placemark>
  <Placemark>
    <name>J-10-J-15</name>
    <ExtendedData>
      <Data name="id"><value>J-10-J-15</value></Data>
      <Data name="source"><value>J-10</value></Data>
      <Data name="target"><value>J-15</value></Data>
    </ExtendedData>
    <LineString>
      <coordinates>
        88.392435,24.194538
        88.39055,24.198184
      </coordinates>
    </LineString>
  </Placemark>
  <Placemark>
    <name>J-15-J-16</name>
    <ExtendedData>
      <Data name="id"><value>J-15-J-16</value></Data>
      <Data name="source"><value>J-15</value></Data>
      <Data name="target"><value>J-16</value></Data>
    </ExtendedData>
    <LineString>
      <coordinates>
        88.39055,24.198184
        88.388423,24.202344
      </coordinates>
    </LineString>
  </Placemark>
  <Placemark>
    <name>J-16-J-17</name>
    <ExtendedData>
      <Data name="id"><value>J-16-J-17</value></Data>
      <Data name="source"><value>J-16</value></Data>
      <Data name="target"><value>J-17</value></Data>
    </ExtendedData>
    <LineString>
      <coordinates>
        88.388423,24.202344
        88.38767,24.202385
      </coordinates>
    </LineString>
  </Placemark>
  <Placemark>
    <name>J-17-J-18</name>
    <ExtendedData>
      <Data name="id"><value>J-17-J-18</value></Data>
      <Data name="source"><value>J-17</value></Data>
      <Data name="target"><value>J-18</value></Data>
    </ExtendedData>
    <LineString>
      <coordinates>
        88.38767,24.202385
        88.388442,24.200706
      </coordinates>
    </LineString>
  </Placemark>
  <Placemark>
    <name>J-18-J-19</name>
    <ExtendedData>
      <Data name="id"><value>J-18-J-19</value></Data>
      <Data name="source"><value>J-18</value></Data>
      <Data name="target"><value>J-19</value></Data>
    </ExtendedData>
    <LineString>
      <coordinates>
        88.388442,24.200706
        88.388646,24.200372
      </coordinates>
    </LineString>
  </Placemark>
  <Placemark>
    <name>J-17-J-20</name>
    <ExtendedData>
      <Data name="id"><value>J-17-J-20</value></Data>
      <Data name="source"><value>J-17</value></Data>
      <Data name="target"><value>J-20</value></Data>
    </ExtendedData>
    <LineString>
      <coordinates>
        88.38767,24.202385
        88.385469,24.202791
      </coordinates>
    </LineString>
  </Placemark>
  <Placemark>
    <name>J-20-J-21</name>
    <ExtendedData>
      <Data name="id"><value>J-20-J-21</value></Data>
      <Data name="source"><value>J-20</value></Data>
      <Data name="target"><value>J-21</value></Data>
    </ExtendedData>
    <LineString>
      <coordinates>
        88.385469,24.202791
        88.385813,24.204164
      </coordinates>
    </LineString>
  </Placemark>
  <Placemark>
    <name>J-20-J-22</name>
    <ExtendedData>
      <Data name="id"><value>J-20-J-22</value></Data>
      <Data name="source"><value>J-20</value></Data>
      <Data name="target"><value>J-22</value></Data>
    </ExtendedData>
    <LineString>
      <coordinates>
        88.385469,24.202791
        88.38478,24.19979
      </coordinates>
    </LineString>
  </Placemark>
  <Placemark>
    <name>J-22-J-23</name>
    <ExtendedData>
      <Data name="id"><value>J-22-J-23</value></Data>
      <Data name="source"><value>J-22</value></Data>
      <Data name="target"><value>J-23</value></Data>
    </ExtendedData>
    <LineString>
      <coordinates>
        88.38478,24.19979
        88.384525,24.198945
      </coordinates>
    </LineString>
  </Placemark>
  <Placemark>
    <name>J-23-J-24</name>
    <ExtendedData>
      <Data name="id"><value>J-23-J-24</value></Data>
      <Data name="source"><value>J-23</value></Data>
      <Data name="target"><value>J-24</value></Data>
    </ExtendedData>
    <LineString>
      <coordinates>
        88.384525,24.198945
        88.382952,24.198563
      </coordinates>
    </LineString>
  </Placemark>
  <Placemark>
    <name>J-24-J-25</name>
    <ExtendedData>
      <Data name="id"><value>J-24-J-25</value></Data>
      <Data name="source"><value>J-24</value></Data>
      <Data name="target"><value>J-25</value></Data>
    </ExtendedData>
    <LineString>
      <coordinates>
        88.382952,24.198563
        88.380476,24.19805
      </coordinates>
    </LineString>
  </Placemark>
  <Placemark>
    <name>J-25-J-26</name>
    <ExtendedData>
      <Data name="id"><value>J-25-J-26</value></Data>
      <Data name="source"><value>J-25</value></Data>
      <Data name="target"><value>J-26</value></Data>
    </ExtendedData>
    <LineString>
      <coordinates>
        88.380476,24.19805
        88.378775,24.197646
      </coordinates>
    </LineString>
  </Placemark>
  <Placemark>
    <name>J-26-J-27</name>
    <ExtendedData>
      <Data name="id"><value>J-26-J-27</value></Data>
      <Data name="source"><value>J-26</value></Data>
      <Data name="target"><value>J-27</value></Data>
    </ExtendedData>
    <LineString>
      <coordinates>
        88.378775,24.197646
        88.375984,24.197959
      </coordinates>
    </LineString>
  </Placemark>
  <Placemark>
    <name>J-2-J-28</name>
    <ExtendedData>
      <Data name="id"><value>J-2-J-28</value></Data>
      <Data name="source"><value>J-2</value></Data>
      <Data name="target"><value>J-28</value></Data>
    </ExtendedData>
    <LineString>
      <coordinates>
        88.381989,24.192825
        88.37485,24.19484
      </coordinates>
    </LineString>
  </Placemark>
  <Placemark>
    <name>J-28-J-28B</name>
    <ExtendedData>
      <Data name="id"><value>J-28-J-28B</value></Data>
      <Data name="source"><value>J-28</value></Data>
      <Data name="target"><value>J-28B</value></Data>
    </ExtendedData>
    <LineString>
      <coordinates>
        88.37485,24.19484
        88.374677,24.194954
      </coordinates>
    </LineString>
  </Placemark>
  <Placemark>
    <name>J-28B-J-4</name>
    <ExtendedData>
      <Data name="id"><value>J-28B-J-4</value></Data>
      <Data name="source"><value>J-28B</value></Data>
      <Data name="target"><value>J-4</value></Data>
    </ExtendedData>
    <LineString>
      <coordinates>
        88.374677,24.194954
        88.373069,24.195367
      </coordinates>
    </LineString>
  </Placemark>
  <Placemark>
    <name>J-28-J-29</name>
    <ExtendedData>
      <Data name="id"><value>J-28-J-29</value></Data>
      <Data name="source"><value>J-28</value></Data>
      <Data name="target"><value>J-29</value></Data>
    </ExtendedData>
    <LineString>
      <coordinates>
        88.37485,24.19484
        88.374895,24.194956
      </coordinates>
    </LineString>
  </Placemark>
  <Placemark>
    <name>J-28-J-28A</name>
    <ExtendedData>
      <Data name="id"><value>J-28-J-28A</value></Data>
      <Data name="source"><value>J-28</value></Data>
      <Data name="target"><value>J-28A</value></Data>
    </ExtendedData>
    <LineString>
      <coordinates>
        88.37485,24.19484
        88.374447,24.194074
      </coordinates>
    </LineString>
  </Placemark>
  <Placemark>
    <name>J-28A-J-30</name>
    <ExtendedData>
      <Data name="id"><value>J-28A-J-30</value></Data>
      <Data name="source"><value>J-28A</value></Data>
      <Data name="target"><value>J-30</value></Data>
    </ExtendedData>
    <LineString>
      <coordinates>
        88.374447,24.194074
        88.373471,24.188903
      </coordinates>
    </LineString>
  </Placemark>
  <Placemark>
    <name>J-30-J-31</name>
    <ExtendedData>
      <Data name="id"><value>J-30-J-31</value></Data>
      <Data name="source"><value>J-30</value></Data>
      <Data name="target"><value>J-31</value></Data>
    </ExtendedData>
    <LineString>
      <coordinates>
        88.373471,24.188903
        88.372721,24.186776
      </coordinates>
    </LineString>
  </Placemark>
  <Placemark>
    <name>J-31-J-32</name>
    <ExtendedData>
      <Data name="id"><value>J-31-J-32</value></Data>
      <Data name="source"><value>J-31</value></Data>
      <Data name="target"><value>J-32</value></Data>
    </ExtendedData>
    <LineString>
      <coordinates>
        88.372721,24.186776
        88.372126,24.184655
      </coordinates>
    </LineString>
  </Placemark>
  <Placemark>
    <name>J-32-J-33</name>
    <ExtendedData>
      <Data name="id"><value>J-32-J-33</value></Data>
      <Data name="source"><value>J-32</value></Data>
      <Data name="target"><value>J-33</value></Data>
    </ExtendedData>
    <LineString>
      <coordinates>
        88.372126,24.184655
        88.370198,24.180504
      </coordinates>
    </LineString>
  </Placemark>
  <Placemark>
    <name>J-33-J-34</name>
    <ExtendedData>
      <Data name="id"><value>J-33-J-34</value></Data>
      <Data name="source"><value>J-33</value></Data>
      <Data name="target"><value>J-34</value></Data>
    </ExtendedData>
    <LineString>
      <coordinates>
        88.370198,24.180504
        88.3674,24.176792
      </coordinates>
    </LineString>
  </Placemark>
  <Placemark>
    <name>J-34-J-35</name>
    <ExtendedData>
      <Data name="id"><value>J-34-J-35</value></Data>
      <Data name="source"><value>J-34</value></Data>
      <Data name="target"><value>J-35</value></Data>
    </ExtendedData>
    <LineString>
      <coordinates>
        88.3674,24.176792
        88.36656,24.177256
      </coordinates>
    </LineString>
  </Placemark>
  <Placemark>
    <name>J-35-J-36</name>
    <ExtendedData>
      <Data name="id"><value>J-35-J-36</value></Data>
      <Data name="source"><value>J-35</value></Data>
      <Data name="target"><value>J-36</value></Data>
    </ExtendedData>
    <LineString>
      <coordinates>
        88.36656,24.177256
        88.366044,24.177548
      </coordinates>
    </LineString>
  </Placemark>
  <Placemark>
    <name>J-36-J-37</name>
    <ExtendedData>
      <Data name="id"><value>J-36-J-37</value></Data>
      <Data name="source"><value>J-36</value></Data>
      <Data name="target"><value>J-37</value></Data>
    </ExtendedData>
    <LineString>
      <coordinates>
        88.366044,24.177548
        88.365271,24.177985
      </coordinates>
    </LineString>
  </Placemark>
  <Placemark>
    <name>J-34-J-38</name>
    <ExtendedData>
      <Data name="id"><value>J-34-J-38</value></Data>
      <Data name="source"><value>J-34</value></Data>
      <Data name="target"><value>J-38</value></Data>
    </ExtendedData>
    <LineString>
      <coordinates>
        88.3674,24.176792
        88.366555,24.175515
      </coordinates>
    </LineString>
  </Placemark>
  <Placemark>
    <name>J-38-J-39</name>
    <ExtendedData>
      <Data name="id"><value>J-38-J-39</value></Data>
      <Data name="source"><value>J-38</value></Data>
      <Data name="target"><value>J-39</value></Data>
    </ExtendedData>
    <LineString>
      <coordinates>
        88.366555,24.175515
        88.365622,24.173913
      </coordinates>
    </LineString>
  </Placemark>
  <Placemark>
    <name>J-39-J-40</name>
    <ExtendedData>
      <Data name="id"><value>J-39-J-40</value></Data>
      <Data name="source"><value>J-39</value></Data>
      <Data name="target"><value>J-40</value></Data>
    </ExtendedData>
    <LineString>
      <coordinates>
        88.365622,24.173913
        88.363485,24.16926
      </coordinates>
    </LineString>
  </Placemark>
  <Placemark>
    <name>J-40-J-41</name>
    <ExtendedData>
      <Data name="id"><value>J-40-J-41</value></Data>
      <Data name="source"><value>J-40</value></Data>
      <Data name="target"><value>J-41</value></Data>
    </ExtendedData>
    <LineString>
      <coordinates>
        88.363485,24.16926
        88.362959,24.164629
      </coordinates>
    </LineString>
  </Placemark>
  <Placemark>
    <name>J-41-J-42</name>
    <ExtendedData>
      <Data name="id"><value>J-41-J-42</value></Data>
      <Data name="source"><value>J-41</value></Data>
      <Data name="target"><value>J-42</value></Data>
    </ExtendedData>
    <LineString>
      <coordinates>
        88.362959,24.164629
        88.363431,24.162439
      </coordinates>
    </LineString>
  </Placemark>
  <Placemark>
    <name>J-16-J-43</name>
    <ExtendedData>
      <Data name="id"><value>J-16-J-43</value></Data>
      <Data name="source"><value>J-16</value></Data>
      <Data name="target"><value>J-43</value></Data>
    </ExtendedData>
    <LineString>
      <coordinates>
        88.388423,24.202344
        88.388224,24.203742
      </coordinates>
    </LineString>
  </Placemark>
  <Placemark>
    <name>J-43-J-44</name>
    <ExtendedData>
      <Data name="id"><value>J-43-J-44</value></Data>
      <Data name="source"><value>J-43</value></Data>
      <Data name="target"><value>J-44</value></Data>
    </ExtendedData>
    <LineString>
      <coordinates>
        88.388224,24.203742
        88.386153,24.205444
      </coordinates>
    </LineString>
  </Placemark>
  <Placemark>
    <name>J-29-J-29A</name>
    <ExtendedData>
      <Data name="id"><value>J-29-J-29A</value></Data>
      <Data name="source"><value>J-29</value></Data>
      <Data name="target"><value>J-29A</value></Data>
    </ExtendedData>
    <LineString>
      <coordinates>
        88.374895,24.194956
        88.374924,24.195076
      </coordinates>
    </LineString>
  </Placemark>
  <Placemark>
    <name>J-29A-J-45</name>
    <ExtendedData>
      <Data name="id"><value>J-29A-J-45</value></Data>
      <Data name="source"><value>J-29A</value></Data>
      <Data name="target"><value>J-45</value></Data>
    </ExtendedData>
    <LineString>
      <coordinates>
        88.374924,24.195076
        88.375057,24.195397
      </coordinates>
    </LineString>
  </Placemark>
  <Placemark>
    <name>J-45-J-46</name>
    <ExtendedData>
      <Data name="id"><value>J-45-J-46</value></Data>
      <Data name="source"><value>J-45</value></Data>
      <Data name="target"><value>J-46</value></Data>
    </ExtendedData>
    <LineString>
      <coordinates>
        88.375057,24.195397
        88.376857,24.201683
      </coordinates>
    </LineString>
  </Placemark>
  <Placemark>
    <name>J-46-J-47</name>
    <ExtendedData>
      <Data name="id"><value>J-46-J-47</value></Data>
      <Data name="source"><value>J-46</value></Data>
      <Data name="target"><value>J-47</value></Data>
    </ExtendedData>
    <LineString>
      <coordinates>
        88.376857,24.201683
        88.377418,24.203087
      </coordinates>
    </LineString>
  </Placemark>
  <Placemark>
    <name>J-44-J-48</name>
    <ExtendedData>
      <Data name="id"><value>J-44-J-48</value></Data>
      <Data name="source"><value>J-44</value></Data>
      <Data name="target"><value>J-48</value></Data>
    </ExtendedData>
    <LineString>
      <coordinates>
        88.386153,24.205444
        88.385832,24.204248
      </coordinates>
    </LineString>
  </Placemark>
  <Placemark>
    <name>J-44-J-49</name>
    <ExtendedData>
      <Data name="id"><value>J-44-J-49</value></Data>
      <Data name="source"><value>J-44</value></Data>
      <Data name="target"><value>J-49</value></Data>
    </ExtendedData>
    <LineString>
      <coordinates>
        88.386153,24.205444
        88.384814,24.206109
      </coordinates>
    </LineString>
  </Placemark>
  <Placemark>
    <name>J-49-J-50</name>
    <ExtendedData>
      <Data name="id"><value>J-49-J-50</value></Data>
      <Data name="source"><value>J-49</value></Data>
      <Data name="target"><value>J-50</value></Data>
    </ExtendedData>
    <LineString>
      <coordinates>
        88.384814,24.206109
        88.384405,24.204756
      </coordinates>
    </LineString>
  </Placemark>
  <Placemark>
    <name>J-50-J-51</name>
    <ExtendedData>
      <Data name="id"><value>J-50-J-51</value></Data>
      <Data name="source"><value>J-50</value></Data>
      <Data name="target"><value>J-51</value></Data>
    </ExtendedData>
    <LineString>
      <coordinates>
        88.384405,24.204756
        88.38471,24.204514
      </coordinates>
    </LineString>
  </Placemark>
  <Placemark>
    <name>J-51-J-52</name>
    <ExtendedData>
      <Data name="id"><value>J-51-J-52</value></Data>
      <Data name="source"><value>J-51</value></Data>
      <Data name="target"><value>J-52</value></Data>
    </ExtendedData>
    <LineString>
      <coordinates>
        88.38471,24.204514
        88.385758,24.204246
      </coordinates>
    </LineString>
  </Placemark>
  <Placemark>
    <name>J-51-J-53</name>
    <ExtendedData>
      <Data name="id"><value>J-51-J-53</value></Data>
      <Data name="source"><value>J-51</value></Data>
      <Data name="target"><value>J-53</value></Data>
    </ExtendedData>
    <LineString>
      <coordinates>
        88.38471,24.204514
        88.383875,24.203356
      </coordinates>
    </LineString>
  </Placemark>
  <Placemark>
    <name>J-53-J-54</name>
    <ExtendedData>
      <Data name="id"><value>J-53-J-54</value></Data>
      <Data name="source"><value>J-53</value></Data>
      <Data name="target"><value>J-54</value></Data>
    </ExtendedData>
    <LineString>
      <coordinates>
        88.383875,24.203356
        88.383404,24.20229
      </coordinates>
    </LineString>
  </Placemark>
  <Placemark>
    <name>J-50-J-55</name>
    <ExtendedData>
      <Data name="id"><value>J-50-J-55</value></Data>
      <Data name="source"><value>J-50</value></Data>
      <Data name="target"><value>J-55</value></Data>
    </ExtendedData>
    <LineString>
      <coordinates>
        88.384405,24.204756
        88.382119,24.205443
      </coordinates>
    </LineString>
  </Placemark>
  <Placemark>
    <name>J-55-J-56</name>
    <ExtendedData>
      <Data name="id"><value>J-55-J-56</value></Data>
      <Data name="source"><value>J-55</value></Data>
      <Data name="target"><value>J-56</value></Data>
    </ExtendedData>
    <LineString>
      <coordinates>
        88.382119,24.205443
        88.382212,24.206417
      </coordinates>
    </LineString>
  </Placemark>
  <Placemark>
    <name>J-49-J-57</name>
    <ExtendedData>
      <Data name="id"><value>J-49-J-57</value></Data>
      <Data name="source"><value>J-49</value></Data>
      <Data name="target"><value>J-57</value></Data>
    </ExtendedData>
    <LineString>
      <coordinates>
        88.384814,24.206109
        88.384474,24.20634
      </coordinates>
    </LineString>
  </Placemark>
  <Placemark>
    <name>J-57-J-58</name>
    <ExtendedData>
      <Data name="id"><value>J-57-J-58</value></Data>
      <Data name="source"><value>J-57</value></Data>
      <Data name="target"><value>J-58</value></Data>
    </ExtendedData>
    <LineString>
      <coordinates>
        88.384474,24.20634
        88.381438,24.20656
      </coordinates>
    </LineString>
  </Placemark>
  <Placemark>
    <name>J-58-J-59</name>
    <ExtendedData>
      <Data name="id"><value>J-58-J-59</value></Data>
      <Data name="source"><value>J-58</value></Data>
      <Data name="target"><value>J-59</value></Data>
    </ExtendedData>
    <LineString>
      <coordinates>
        88.381438,24.20656
        88.381567,24.207827
      </coordinates>
    </LineString>
  </Placemark>
  <Placemark>
    <name>J-59-J-60</name>
    <ExtendedData>
      <Data name="id"><value>J-59-J-60</value></Data>
      <Data name="source"><value>J-59</value></Data>
      <Data name="target"><value>J-60</value></Data>
    </ExtendedData>
    <LineString>
      <coordinates>
        88.381567,24.207827
        88.38186,24.208788
      </coordinates>
    </LineString>
  </Placemark>
  <Placemark>
    <name>J-59-J-61</name>
    <ExtendedData>
      <Data name="id"><value>J-59-J-61</value></Data>
      <Data name="source"><value>J-59</value></Data>
      <Data name="target"><value>J-61</value></Data>
    </ExtendedData>
    <LineString>
      <coordinates>
        88.381567,24.207827
        88.373211,24.208385
      </coordinates>
    </LineString>
  </Placemark>
  <Placemark>
    <name>J-61-J-62</name>
    <ExtendedData>
      <Data name="id"><value>J-61-J-62</value></Data>
      <Data name="source"><value>J-61</value></Data>
      <Data name="target"><value>J-62</value></Data>
    </ExtendedData>
    <LineString>
      <coordinates>
        88.373211,24.208385
        88.3711,24.209348
      </coordinates>
    </LineString>
  </Placemark>
  <Placemark>
    <name>J-62-J-63</name>
    <ExtendedData>
      <Data name="id"><value>J-62-J-63</value></Data>
      <Data name="source"><value>J-62</value></Data>
      <Data name="target"><value>J-63</value></Data>
    </ExtendedData>
    <LineString>
      <coordinates>
        88.3711,24.209348
        88.370116,24.209463
      </coordinates>
    </LineString>
  </Placemark>
  <Placemark>
    <name>J-63-J-64</name>
    <ExtendedData>
      <Data name="id"><value>J-63-J-64</value></Data>
      <Data name="source"><value>J-63</value></Data>
      <Data name="target"><value>J-64</value></Data>
    </ExtendedData>
    <LineString>
      <coordinates>
        88.370116,24.209463
        88.369638,24.209479
      </coordinates>
    </LineString>
  </Placemark>
  <Placemark>
    <name>J-64-J-65</name>
    <ExtendedData>
      <Data name="id"><value>J-64-J-65</value></Data>
      <Data name="source"><value>J-64</value></Data>
      <Data name="target"><value>J-65</value></Data>
    </ExtendedData>
    <LineString>
      <coordinates>
        88.369638,24.209479
        88.368444,24.209569
      </coordinates>
    </LineString>
  </Placemark>
  <Placemark>
    <name>J-65-J-66</name>
    <ExtendedData>
      <Data name="id"><value>J-65-J-66</value></Data>
      <Data name="source"><value>J-65</value></Data>
      <Data name="target"><value>J-66</value></Data>
    </ExtendedData>
    <LineString>
      <coordinates>
        88.368444,24.209569
        88.368066,24.209554
      </coordinates>
    </LineString>
  </Placemark>
  <Placemark>
    <name>J-58-J-67</name>
    <ExtendedData>
      <Data name="id"><value>J-58-J-67</value></Data>
      <Data name="source"><value>J-58</value></Data>
      <Data name="target"><value>J-67</value></Data>
    </ExtendedData>
    <LineString>
      <coordinates>
        88.381438,24.20656
        88.377953,24.206127
      </coordinates>
    </LineString>
  </Placemark>
  <Placemark>
    <name>J-67-J-68</name>
    <ExtendedData>
      <Data name="id"><value>J-67-J-68</value></Data>
      <Data name="source"><value>J-67</value></Data>
      <Data name="target"><value>J-68</value></Data>
    </ExtendedData>
    <LineString>
      <coordinates>
        88.377953,24.206127
        88.377438,24.203166
      </coordinates>
    </LineString>
  </Placemark>
  <Placemark>
    <name>J-57-J-69</name>
    <ExtendedData>
      <Data name="id"><value>J-57-J-69</value></Data>
      <Data name="source"><value>J-57</value></Data>
      <Data name="target"><value>J-69</value></Data>
    </ExtendedData>
    <LineString>
      <coordinates>
        88.384474,24.20634
        88.383749,24.208537
      </coordinates>
    </LineString>
  </Placemark>
  <Placemark>
    <name>J-69-J-70</name>
    <ExtendedData>
      <Data name="id"><value>J-69-J-70</value></Data>
      <Data name="source"><value>J-69</value></Data>
      <Data name="target"><value>J-70</value></Data>
    </ExtendedData>
    <LineString>
      <coordinates>
        88.383749,24.208537
        88.383036,24.208816
      </coordinates>
    </LineString>
  </Placemark>
  <Placemark>
    <name>J-70-J-71</name>
    <ExtendedData>
      <Data name="id"><value>J-70-J-71</value></Data>
      <Data name="source"><value>J-70</value></Data>
      <Data name="target"><value>J-71</value></Data>
    </ExtendedData>
    <LineString>
      <coordinates>
        88.383036,24.208816
        88.381919,24.208779
      </coordinates>
    </LineString>
  </Placemark>
  <Placemark>
    <name>J-70-J-72</name>
    <ExtendedData>
      <Data name="id"><value>J-70-J-72</value></Data>
      <Data name="source"><value>J-70</value></Data>
      <Data name="target"><value>J-72</value></Data>
    </ExtendedData>
    <LineString>
      <coordinates>
        88.383036,24.208816
        88.383123,24.210039
      </coordinates>
    </LineString>
  </Placemark>
  <Placemark>
    <name>J-72-J-73</name>
    <ExtendedData>
      <Data name="id"><value>J-72-J-73</value></Data>
      <Data name="source"><value>J-72</value></Data>
      <Data name="target"><value>J-73</value></Data>
    </ExtendedData>
    <LineString>
      <coordinates>
        88.383123,24.210039
        88.383359,24.210255
      </coordinates>
    </LineString>
  </Placemark>
  <Placemark>
    <name>J-69-J-74</name>
    <ExtendedData>
      <Data name="id"><value>J-69-J-74</value></Data>
      <Data name="source"><value>J-69</value></Data>
      <Data name="target"><value>J-74</value></Data>
    </ExtendedData>
    <LineString>
      <coordinates>
        88.383749,24.208537
        88.38287,24.212666
      </coordinates>
    </LineString>
  </Placemark>
  <Placemark>
    <name>J-74-J-75</name>
    <ExtendedData>
      <Data name="id"><value>J-74-J-75</value></Data>
      <Data name="source"><value>J-74</value></Data>
      <Data name="target"><value>J-75</value></Data>
    </ExtendedData>
    <LineString>
      <coordinates>
        88.38287,24.212666
        88.38207,24.212615
      </coordinates>
    </LineString>
  </Placemark>
  <Placemark>
    <name>J-74-J-76</name>
    <ExtendedData>
      <Data name="id"><value>J-74-J-76</value></Data>
      <Data name="source"><value>J-74</value></Data>
      <Data name="target"><value>J-76</value></Data>
    </ExtendedData>
    <LineString>
      <coordinates>
        88.38287,24.212666
        88.382876,24.213615
      </coordinates>
    </LineString>
  </Placemark>
  <Placemark>
    <name>J-76-J-77</name>
    <ExtendedData>
      <Data name="id"><value>J-76-J-77</value></Data>
      <Data name="source"><value>J-76</value></Data>
      <Data name="target"><value>J-77</value></Data>
    </ExtendedData>
    <LineString>
      <coordinates>
        88.382876,24.213615
        88.382195,24.21366
      </coordinates>
    </LineString>
  </Placemark>
  <Placemark>
    <name>J-77-J-78</name>
    <ExtendedData>
      <Data name="id"><value>J-77-J-78</value></Data>
      <Data name="source"><value>J-77</value></Data>
      <Data name="target"><value>J-78</value></Data>
    </ExtendedData>
    <LineString>
      <coordinates>
        88.382195,24.21366
        88.38097,24.213577
      </coordinates>
    </LineString>
  </Placemark>
  <Placemark>
    <name>J-77-J-79</name>
    <ExtendedData>
      <Data name="id"><value>J-77-J-79</value></Data>
      <Data name="source"><value>J-77</value></Data>
      <Data name="target"><value>J-79</value></Data>
    </ExtendedData>
    <LineString>
      <coordinates>
        88.382195,24.21366
        88.382791,24.21443
      </coordinates>
    </LineString>
  </Placemark>
  <Placemark>
    <name>J-76-J-80</name>
    <ExtendedData>
      <Data name="id"><value>J-76-J-80</value></Data>
      <Data name="source"><value>J-76</value></Data>
      <Data name="target"><value>J-80</value></Data>
    </ExtendedData>
    <LineString>
      <coordinates>
        88.382876,24.213615
        88.382068,24.216203
      </coordinates>
    </LineString>
  </Placemark>
  <Placemark>
    <name>J-80-J-81</name>
    <ExtendedData>
      <Data name="id"><value>J-80-J-81</value></Data>
      <Data name="source"><value>J-80</value></Data>
      <Data name="target"><value>J-81</value></Data>
    </ExtendedData>
    <LineString>
      <coordinates>
        88.382068,24.216203
        88.381192,24.217875
      </coordinates>
    </LineString>
  </Placemark>
  <Placemark>
    <name>J-81-J-82</name>
    <ExtendedData>
      <Data name="id"><value>J-81-J-82</value></Data>
      <Data name="source"><value>J-81</value></Data>
      <Data name="target"><value>J-82</value></Data>
    </ExtendedData>
    <LineString>
      <coordinates>
        88.381192,24.217875
        88.381166,24.218326
      </coordinates>
    </LineString>
  </Placemark>
  <Placemark>
    <name>J-81-J-83</name>
    <ExtendedData>
      <Data name="id"><value>J-81-J-83</value></Data>
      <Data name="source"><value>J-81</value></Data>
      <Data name="target"><value>J-83</value></Data>
    </ExtendedData>
    <LineString>
      <coordinates>
        88.381192,24.217875
        88.379022,24.21811
      </coordinates>
    </LineString>
  </Placemark>
  <Placemark>
    <name>J-83-J-84</name>
    <ExtendedData>
      <Data name="id"><value>J-83-J-84</value></Data>
      <Data name="source"><value>J-83</value></Data>
      <Data name="target"><value>J-84</value></Data>
    </ExtendedData>
    <LineString>
      <coordinates>
        88.379022,24.21811
        88.378776,24.218313
      </coordinates>
    </LineString>
  </Placemark>
  <Placemark>
    <name>J-7-J-85</name>
    <ExtendedData>
      <Data name="id"><value>J-7-J-85</value></Data>
      <Data name="source"><value>J-7</value></Data>
      <Data name="target"><value>J-85</value></Data>
    </ExtendedData>
    <LineString>
      <coordinates>
        88.393049,24.189733
        88.39524,24.188608
      </coordinates>
    </LineString>
  </Placemark>
  <Placemark>
    <name>J-85-J-86</name>
    <ExtendedData>
      <Data name="id"><value>J-85-J-86</value></Data>
      <Data name="source"><value>J-85</value></Data>
      <Data name="target"><value>J-86</value></Data>
    </ExtendedData>
    <LineString>
      <coordinates>
        88.39524,24.188608
        88.394771,24.187525
      </coordinates>
    </LineString>
  </Placemark>
  <Placemark>
    <name>J-86-J-87</name>
    <ExtendedData>
      <Data name="id"><value>J-86-J-87</value></Data>
      <Data name="source"><value>J-86</value></Data>
      <Data name="target"><value>J-87</value></Data>
    </ExtendedData>
    <LineString>
      <coordinates>
        88.394771,24.187525
        88.394427,24.188301
      </coordinates>
    </LineString>
  </Placemark>
  <Placemark>
    <name>J-86-J-88</name>
    <ExtendedData>
      <Data name="id"><value>J-86-J-88</value></Data>
      <Data name="source"><value>J-86</value></Data>
      <Data name="target"><value>J-88</value></Data>
    </ExtendedData>
    <LineString>
      <coordinates>
        88.394771,24.187525
        88.393824,24.186155
      </coordinates>
    </LineString>
  </Placemark>
  <Placemark>
    <name>J-88-J-89</name>
    <ExtendedData>
      <Data name="id"><value>J-88-J-89</value></Data>
      <Data name="source"><value>J-88</value></Data>
      <Data name="target"><value>J-89</value></Data>
    </ExtendedData>
    <LineString>
      <coordinates>
        88.393824,24.186155
        88.393477,24.185748
      </coordinates>
    </LineString>
  </Placemark>
  <Placemark>
    <name>J-89-J-90</name>
    <ExtendedData>
      <Data name="id"><value>J-89-J-90</value></Data>
      <Data name="source"><value>J-89</value></Data>
      <Data name="target"><value>J-90</value></Data>
    </ExtendedData>
    <LineString>
      <coordinates>
        88.393477,24.185748
        88.391234,24.183944
      </coordinates>
    </LineString>
  </Placemark>
  <Placemark>
    <name>J-90-J-91</name>
    <ExtendedData>
      <Data name="id"><value>J-90-J-91</value></Data>
      <Data name="source"><value>J-90</value></Data>
      <Data name="target"><value>J-91</value></Data>
    </ExtendedData>
    <LineString>
      <coordinates>
        88.391234,24.183944
        88.388031,24.179943
      </coordinates>
    </LineString>
  </Placemark>
  <Placemark>
    <name>J-91-J-92</name>
    <ExtendedData>
      <Data name="id"><value>J-91-J-92</value></Data>
      <Data name="source"><value>J-91</value></Data>
      <Data name="target"><value>J-92</value></Data>
    </ExtendedData>
    <LineString>
      <coordinates>
        88.388031,24.179943
        88.386627,24.180533
      </coordinates>
    </LineString>
  </Placemark>
  <Placemark>
    <name>J-92-J-93</name>
    <ExtendedData>
      <Data name="id"><value>J-92-J-93</value></Data>
      <Data name="source"><value>J-92</value></Data>
      <Data name="target"><value>J-93</value></Data>
    </ExtendedData>
    <LineString>
      <coordinates>
        88.386627,24.180533
        88.386274,24.179158
      </coordinates>
    </LineString>
  </Placemark>
  <Placemark>
    <name>J-93-J-94</name>
    <ExtendedData>
      <Data name="id"><value>J-93-J-94</value></Data>
      <Data name="source"><value>J-93</value></Data>
      <Data name="target"><value>J-94</value></Data>
    </ExtendedData>
    <LineString>
      <coordinates>
        88.386274,24.179158
        88.385816,24.178848
      </coordinates>
    </LineString>
  </Placemark>
  <Placemark>
    <name>J-92-J-95</name>
    <ExtendedData>
      <Data name="id"><value>J-92-J-95</value></Data>
      <Data name="source"><value>J-92</value></Data>
      <Data name="target"><value>J-95</value></Data>
    </ExtendedData>
    <LineString>
      <coordinates>
        88.386627,24.180533
        88.386347,24.181625
      </coordinates>
    </LineString>
  </Placemark>
  <Placemark>
    <name>J-95-J-96</name>
    <ExtendedData>
      <Data name="id"><value>J-95-J-96</value></Data>
      <Data name="source"><value>J-95</value></Data>
      <Data name="target"><value>J-96</value></Data>
    </ExtendedData>
    <LineString>
      <coordinates>
        88.386347,24.181625
        88.386668,24.182404
      </coordinates>
    </LineString>
  </Placemark>
  <Placemark>
    <name>J-96-J-97</name>
    <ExtendedData>
      <Data name="id"><value>J-96-J-97</value></Data>
      <Data name="source"><value>J-96</value></Data>
      <Data name="target"><value>J-97</value></Data>
    </ExtendedData>
    <LineString>
      <coordinates>
        88.386668,24.182404
        88.388645,24.180958
      </coordinates>
    </LineString>
  </Placemark>
  <Placemark>
    <name>J-96-J-98</name>
    <ExtendedData>
      <Data name="id"><value>J-96-J-98</value></Data>
      <Data name="source"><value>J-96</value></Data>
      <Data name="target"><value>J-98</value></Data>
    </ExtendedData>
    <LineString>
      <coordinates>
        88.386668,24.182404
        88.378138,24.185802
      </coordinates>
    </LineString>
  </Placemark>
  <Placemark>
    <name>J-98-J-99</name>
    <ExtendedData>
      <Data name="id"><value>J-98-J-99</value></Data>
      <Data name="source"><value>J-98</value></Data>
      <Data name="target"><value>J-99</value></Data>
    </ExtendedData>
    <LineString>
      <coordinates>
        88.378138,24.185802
        88.375338,24.18735
      </coordinates>
    </LineString>
  </Placemark>
  <Placemark>
    <name>J-99-J-100</name>
    <ExtendedData>
      <Data name="id"><value>J-99-J-100</value></Data>
      <Data name="source"><value>J-99</value></Data>
      <Data name="target"><value>J-100</value></Data>
    </ExtendedData>
    <LineString>
      <coordinates>
        88.375338,24.18735
        88.37326,24.188474
      </coordinates>
    </LineString>
  </Placemark>
  <Placemark>
    <name>J-91-J-101</name>
    <ExtendedData>
      <Data name="id"><value>J-91-J-101</value></Data>
      <Data name="source"><value>J-91</value></Data>
      <Data name="target"><value>J-101</value></Data>
    </ExtendedData>
    <LineString>
      <coordinates>
        88.388031,24.179943
        88.387502,24.179121
      </coordinates>
    </LineString>
  </Placemark>
  <Placemark>
    <name>J-101-J-102</name>
    <ExtendedData>
      <Data name="id"><value>J-101-J-102</value></Data>
      <Data name="source"><value>J-101</value></Data>
      <Data name="target"><value>J-102</value></Data>
    </ExtendedData>
    <LineString>
      <coordinates>
        88.387502,24.179121
        88.38976,24.178232
      </coordinates>
    </LineString>
  </Placemark>
  <Placemark>
    <name>J-102-J-103</name>
    <ExtendedData>
      <Data name="id"><value>J-102-J-103</value></Data>
      <Data name="source"><value>J-102</value></Data>
      <Data name="target"><value>J-103</value></Data>
    </ExtendedData>
    <LineString>
      <coordinates>
        88.38976,24.178232
        88.391112,24.177544
      </coordinates>
    </LineString>
  </Placemark>
  <Placemark>
    <name>J-101-J-104</name>
    <ExtendedData>
      <Data name="id"><value>J-101-J-104</value></Data>
      <Data name="source"><value>J-101</value></Data>
      <Data name="target"><value>J-104</value></Data>
    </ExtendedData>
    <LineString>
      <coordinates>
        88.387502,24.179121
        88.386384,24.177331
      </coordinates>
    </LineString>
  </Placemark>
  <Placemark>
    <name>J-104-J-105</name>
    <ExtendedData>
      <Data name="id"><value>J-104-J-105</value></Data>
      <Data name="source"><value>J-104</value></Data>
      <Data name="target"><value>J-105</value></Data>
    </ExtendedData>
    <LineString>
      <coordinates>
        88.386384,24.177331
        88.385093,24.177838
      </coordinates>
    </LineString>
  </Placemark>
  <Placemark>
    <name>J-105-J-106</name>
    <ExtendedData>
      <Data name="id"><value>J-105-J-106</value></Data>
      <Data name="source"><value>J-105</value></Data>
      <Data name="target"><value>J-106</value></Data>
    </ExtendedData>
    <LineString>
      <coordinates>
        88.385093,24.177838
        88.384803,24.177811
      </coordinates>
    </LineString>
  </Placemark>
  <Placemark>
    <name>J-105-J-107</name>
    <ExtendedData>
      <Data name="id"><value>J-105-J-107</value></Data>
      <Data name="source"><value>J-105</value></Data>
      <Data name="target"><value>J-107</value></Data>
    </ExtendedData>
    <LineString>
      <coordinates>
        88.385093,24.177838
        88.38532,24.178444
      </coordinates>
    </LineString>
  </Placemark>
  <Placemark>
    <name>J-107-J-108</name>
    <ExtendedData>
      <Data name="id"><value>J-107-J-108</value></Data>
      <Data name="source"><value>J-107</value></Data>
      <Data name="target"><value>J-108</value></Data>
    </ExtendedData>
    <LineString>
      <coordinates>
        88.38532,24.178444
        88.385766,24.178813
      </coordinates>
    </LineString>
  </Placemark>
  <Placemark>
    <name>J-107-J-109</name>
    <ExtendedData>
      <Data name="id"><value>J-107-J-109</value></Data>
      <Data name="source"><value>J-107</value></Data>
      <Data name="target"><value>J-109</value></Data>
    </ExtendedData>
    <LineString>
      <coordinates>
        88.38532,24.178444
        88.384927,24.178715
      </coordinates>
    </LineString>
  </Placemark>
  <Placemark>
    <name>J-104-J-110</name>
    <ExtendedData>
      <Data name="id"><value>J-104-J-110</value></Data>
      <Data name="source"><value>J-104</value></Data>
      <Data name="target"><value>J-110</value></Data>
    </ExtendedData>
    <LineString>
      <coordinates>
        88.386384,24.177331
        88.385229,24.175509
      </coordinates>
    </LineString>
  </Placemark>
  <Placemark>
    <name>J-110-J-111</name>
    <ExtendedData>
      <Data name="id"><value>J-110-J-111</value></Data>
      <Data name="source"><value>J-110</value></Data>
      <Data name="target"><value>J-111</value></Data>
    </ExtendedData>
    <LineString>
      <coordinates>
        88.385229,24.175509
        88.386262,24.174516
      </coordinates>
    </LineString>
  </Placemark>
  <Placemark>
    <name>J-111-J-112</name>
    <ExtendedData>
      <Data name="id"><value>J-111-J-112</value></Data>
      <Data name="source"><value>J-111</value></Data>
      <Data name="target"><value>J-112</value></Data>
    </ExtendedData>
    <LineString>
      <coordinates>
        88.386262,24.174516
        88.389409,24.175416
      </coordinates>
    </LineString>
  </Placemark>
  <Placemark>
    <name>J-112-J-113</name>
    <ExtendedData>
      <Data name="id"><value>J-112-J-113</value></Data>
      <Data name="source"><value>J-112</value></Data>
      <Data name="target"><value>J-113</value></Data>
    </ExtendedData>
    <LineString>
      <coordinates>
        88.389409,24.175416
        88.390571,24.177027
      </coordinates>
    </LineString>
  </Placemark>
  <Placemark>
    <name>J-113-J-114</name>
    <ExtendedData>
      <Data name="id"><value>J-113-J-114</value></Data>
      <Data name="source"><value>J-113</value></Data>
      <Data name="target"><value>J-114</value></Data>
    </ExtendedData>
    <LineString>
      <coordinates>
        88.390571,24.177027
        88.392318,24.177068
      </coordinates>
    </LineString>
  </Placemark>
  <Placemark>
    <name>J-111-J-115</name>
    <ExtendedData>
      <Data name="id"><value>J-111-J-115</value></Data>
      <Data name="source"><value>J-111</value></Data>
      <Data name="target"><value>J-115</value></Data>
    </ExtendedData>
    <LineString>
      <coordinates>
        88.386262,24.174516
        88.38364,24.173988
      </coordinates>
    </LineString>
  </Placemark>
  <Placemark>
    <name>J-115-J-116</name>
    <ExtendedData>
      <Data name="id"><value>J-115-J-116</value></Data>
      <Data name="source"><value>J-115</value></Data>
      <Data name="target"><value>J-116</value></Data>
    </ExtendedData>
    <LineString>
      <coordinates>
        88.38364,24.173988
        88.382205,24.173318
      </coordinates>
    </LineString>
  </Placemark>
  <Placemark>
    <name>J-116-J-117</name>
    <ExtendedData>
      <Data name="id"><value>J-116-J-117</value></Data>
      <Data name="source"><value>J-116</value></Data>
      <Data name="target"><value>J-117</value></Data>
    </ExtendedData>
    <LineString>
      <coordinates>
        88.382205,24.173318
        88.381495,24.172935
      </coordinates>
    </LineString>
  </Placemark>
  <Placemark>
    <name>J-110-J-118</name>
    <ExtendedData>
      <Data name="id"><value>J-110-J-118</value></Data>
      <Data name="source"><value>J-110</value></Data>
      <Data name="target"><value>J-118</value></Data>
    </ExtendedData>
    <LineString>
      <coordinates>
        88.385229,24.175509
        88.383093,24.174837
      </coordinates>
    </LineString>
  </Placemark>
  <Placemark>
    <name>J-118-J-119</name>
    <ExtendedData>
      <Data name="id"><value>J-118-J-119</value></Data>
      <Data name="source"><value>J-118</value></Data>
      <Data name="target"><value>J-119</value></Data>
    </ExtendedData>
    <LineString>
      <coordinates>
        88.383093,24.174837
        88.381575,24.175013
      </coordinates>
    </LineString>
  </Placemark>
  <Placemark>
    <name>J-119-J-120</name>
    <ExtendedData>
      <Data name="id"><value>J-119-J-120</value></Data>
      <Data name="source"><value>J-119</value></Data>
      <Data name="target"><value>J-120</value></Data>
    </ExtendedData>
    <LineString>
      <coordinates>
        88.381575,24.175013
        88.379825,24.175747
      </coordinates>
    </LineString>
  </Placemark>
  <Placemark>
    <name>J-120-J-121</name>
    <ExtendedData>
      <Data name="id"><value>J-120-J-121</value></Data>
      <Data name="source"><value>J-120</value></Data>
      <Data name="target"><value>J-121</value></Data>
    </ExtendedData>
    <LineString>
      <coordinates>
        88.379825,24.175747
        88.378802,24.176168
      </coordinates>
    </LineString>
  </Placemark>
  <Placemark>
    <name>J-121-J-122</name>
    <ExtendedData>
      <Data name="id"><value>J-121-J-122</value></Data>
      <Data name="source"><value>J-121</value></Data>
      <Data name="target"><value>J-122</value></Data>
    </ExtendedData>
    <LineString>
      <coordinates>
        88.378802,24.176168
        88.376583,24.177109
      </coordinates>
    </LineString>
  </Placemark>
  <Placemark>
    <name>J-122-J-123</name>
    <ExtendedData>
      <Data name="id"><value>J-122-J-123</value></Data>
      <Data name="source"><value>J-122</value></Data>
      <Data name="target"><value>J-123</value></Data>
    </ExtendedData>
    <LineString>
      <coordinates>
        88.376583,24.177109
        88.377686,24.178407
      </coordinates>
    </LineString>
  </Placemark>
  <Placemark>
    <name>J-123-J-124</name>
    <ExtendedData>
      <Data name="id"><value>J-123-J-124</value></Data>
      <Data name="source"><value>J-123</value></Data>
      <Data name="target"><value>J-124</value></Data>
    </ExtendedData>
    <LineString>
      <coordinates>
        88.377686,24.178407
        88.379473,24.179876
      </coordinates>
    </LineString>
  </Placemark>
  <Placemark>
    <name>J-124-J-125</name>
    <ExtendedData>
      <Data name="id"><value>J-124-J-125</value></Data>
      <Data name="source"><value>J-124</value></Data>
      <Data name="target"><value>J-125</value></Data>
    </ExtendedData>
    <LineString>
      <coordinates>
        88.379473,24.179876
        88.378788,24.180587
      </coordinates>
    </LineString>
  </Placemark>
  <Placemark>
    <name>J-124-J-126</name>
    <ExtendedData>
      <Data name="id"><value>J-124-J-126</value></Data>
      <Data name="source"><value>J-124</value></Data>
      <Data name="target"><value>J-126</value></Data>
    </ExtendedData>
    <LineString>
      <coordinates>
        88.379473,24.179876
        88.380736,24.179789
      </coordinates>
    </LineString>
  </Placemark>
  <Placemark>
    <name>J-126-J-127</name>
    <ExtendedData>
      <Data name="id"><value>J-126-J-127</value></Data>
      <Data name="source"><value>J-126</value></Data>
      <Data name="target"><value>J-127</value></Data>
    </ExtendedData>
    <LineString>
      <coordinates>
        88.380736,24.179789
        88.381487,24.180367
      </coordinates>
    </LineString>
  </Placemark>
  <Placemark>
    <name>J-126-J-128</name>
    <ExtendedData>
      <Data name="id"><value>J-126-J-128</value></Data>
      <Data name="source"><value>J-126</value></Data>
      <Data name="target"><value>J-128</value></Data>
    </ExtendedData>
    <LineString>
      <coordinates>
        88.380736,24.179789
        88.381127,24.178747
      </coordinates>
    </LineString>
  </Placemark>
  <Placemark>
    <name>J-128-J-129</name>
    <ExtendedData>
      <Data name="id"><value>J-128-J-129</value></Data>
      <Data name="source"><value>J-128</value></Data>
      <Data name="target"><value>J-129</value></Data>
    </ExtendedData>
    <LineString>
      <coordinates>
        88.381127,24.178747
        88.381563,24.178307
      </coordinates>
    </LineString>
  </Placemark>
  <Placemark>
    <name>J-122-J-130</name>
    <ExtendedData>
      <Data name="id"><value>J-122-J-130</value></Data>
      <Data name="source"><value>J-122</value></Data>
      <Data name="target"><value>J-130</value></Data>
    </ExtendedData>
    <LineString>
      <coordinates>
        88.376583,24.177109
        88.373848,24.178596
      </coordinates>
    </LineString>
  </Placemark>
  <Placemark>
    <name>J-130-J-131</name>
    <ExtendedData>
      <Data name="id"><value>J-130-J-131</value></Data>
      <Data name="source"><value>J-130</value></Data>
      <Data name="target"><value>J-131</value></Data>
    </ExtendedData>
    <LineString>
      <coordinates>
        88.373848,24.178596
        88.373315,24.178868
      </coordinates>
    </LineString>
  </Placemark>
  <Placemark>
    <name>J-131-J-132</name>
    <ExtendedData>
      <Data name="id"><value>J-131-J-132</value></Data>
      <Data name="source"><value>J-131</value></Data>
      <Data name="target"><value>J-132</value></Data>
    </ExtendedData>
    <LineString>
      <coordinates>
        88.373315,24.178868
        88.370978,24.17989
      </coordinates>
    </LineString>
  </Placemark>
  <Placemark>
    <name>J-132-J-133</name>
    <ExtendedData>
      <Data name="id"><value>J-132-J-133</value></Data>
      <Data name="source"><value>J-132</value></Data>
      <Data name="target"><value>J-133</value></Data>
    </ExtendedData>
    <LineString>
      <coordinates>
        88.370978,24.17989
        88.370064,24.180259
      </coordinates>
    </LineString>
  </Placemark>
  <Placemark>
    <name>J-119-J-134</name>
    <ExtendedData>
      <Data name="id"><value>J-119-J-134</value></Data>
      <Data name="source"><value>J-119</value></Data>
      <Data name="target"><value>J-134</value></Data>
    </ExtendedData>
    <LineString>
      <coordinates>
        88.381575,24.175013
        88.380767,24.173464
      </coordinates>
    </LineString>
  </Placemark>
  <Placemark>
    <name>J-134-J-135</name>
    <ExtendedData>
      <Data name="id"><value>J-134-J-135</value></Data>
      <Data name="source"><value>J-134</value></Data>
      <Data name="target"><value>J-135</value></Data>
    </ExtendedData>
    <LineString>
      <coordinates>
        88.380767,24.173464
        88.380624,24.173036
      </coordinates>
    </LineString>
  </Placemark>
  <Placemark>
    <name>J-135-J-136</name>
    <ExtendedData>
      <Data name="id"><value>J-135-J-136</value></Data>
      <Data name="source"><value>J-135</value></Data>
      <Data name="target"><value>J-136</value></Data>
    </ExtendedData>
    <LineString>
      <coordinates>
        88.380624,24.173036
        88.381451,24.172908
      </coordinates>
    </LineString>
  </Placemark>
  <Placemark>
    <name>J-135-J-137</name>
    <ExtendedData>
      <Data name="id"><value>J-135-J-137</value></Data>
      <Data name="source"><value>J-135</value></Data>
      <Data name="target"><value>J-137</value></Data>
    </ExtendedData>
    <LineString>
      <coordinates>
        88.380624,24.173036
        88.380065,24.171932
      </coordinates>
    </LineString>
  </Placemark>
  <Placemark>
    <name>J-137-J-138</name>
    <ExtendedData>
      <Data name="id"><value>J-137-J-138</value></Data>
      <Data name="source"><value>J-137</value></Data>
      <Data name="target"><value>J-138</value></Data>
    </ExtendedData>
    <LineString>
      <coordinates>
        88.380065,24.171932
        88.379281,24.17218
      </coordinates>
    </LineString>
  </Placemark>
  <Placemark>
    <name>J-137-J-139</name>
    <ExtendedData>
      <Data name="id"><value>J-137-J-139</value></Data>
      <Data name="source"><value>J-137</value></Data>
      <Data name="target"><value>J-139</value></Data>
    </ExtendedData>
    <LineString>
      <coordinates>
        88.380065,24.171932
        88.379326,24.169519
      </coordinates>
    </LineString>
  </Placemark>
  <Placemark>
    <name>J-139-J-140</name>
    <ExtendedData>
      <Data name="id"><value>J-139-J-140</value></Data>
      <Data name="source"><value>J-139</value></Data>
      <Data name="target"><value>J-140</value></Data>
    </ExtendedData>
    <LineString>
      <coordinates>
        88.379326,24.169519
        88.375711,24.170628
      </coordinates>
    </LineString>
  </Placemark>
  <Placemark>
    <name>J-140-J-141</name>
    <ExtendedData>
      <Data name="id"><value>J-140-J-141</value></Data>
      <Data name="source"><value>J-140</value></Data>
      <Data name="target"><value>J-141</value></Data>
    </ExtendedData>
    <LineString>
      <coordinates>
        88.375711,24.170628
        88.372059,24.171671
      </coordinates>
    </LineString>
  </Placemark>
  <Placemark>
    <name>J-141-J-142</name>
    <ExtendedData>
      <Data name="id"><value>J-141-J-142</value></Data>
      <Data name="source"><value>J-141</value></Data>
      <Data name="target"><value>J-142</value></Data>
    </ExtendedData>
    <LineString>
      <coordinates>
        88.372059,24.171671
        88.369907,24.172395
      </coordinates>
    </LineString>
  </Placemark>
  <Placemark>
    <name>J-139-J-143</name>
    <ExtendedData>
      <Data name="id"><value>J-139-J-143</value></Data>
      <Data name="source"><value>J-139</value></Data>
      <Data name="target"><value>J-143</value></Data>
    </ExtendedData>
    <LineString>
      <coordinates>
        88.379326,24.169519
        88.379377,24.169128
      </coordinates>
    </LineString>
  </Placemark>
  <Placemark>
    <name>J-143-J-144</name>
    <ExtendedData>
      <Data name="id"><value>J-143-J-144</value></Data>
      <Data name="source"><value>J-143</value></Data>
      <Data name="target"><value>J-144</value></Data>
    </ExtendedData>
    <LineString>
      <coordinates>
        88.379377,24.169128
        88.379425,24.168671
      </coordinates>
    </LineString>
  </Placemark>
  <Placemark>
    <name>J-144-J-145</name>
    <ExtendedData>
      <Data name="id"><value>J-144-J-145</value></Data>
      <Data name="source"><value>J-144</value></Data>
      <Data name="target"><value>J-145</value></Data>
    </ExtendedData>
    <LineString>
      <coordinates>
        88.379425,24.168671
        88.379207,24.167012
      </coordinates>
    </LineString>
  </Placemark>
  <Placemark>
    <name>J-145-J-146</name>
    <ExtendedData>
      <Data name="id"><value>J-145-J-146</value></Data>
      <Data name="source"><value>J-145</value></Data>
      <Data name="target"><value>J-146</value></Data>
    </ExtendedData>
    <LineString>
      <coordinates>
        88.379207,24.167012
        88.376795,24.166736
      </coordinates>
    </LineString>
  </Placemark>
  <Placemark>
    <name>J-146-J-147</name>
    <ExtendedData>
      <Data name="id"><value>J-146-J-147</value></Data>
      <Data name="source"><value>J-146</value></Data>
      <Data name="target"><value>J-147</value></Data>
    </ExtendedData>
    <LineString>
      <coordinates>
        88.376795,24.166736
        88.377736,24.16534
      </coordinates>
    </LineString>
  </Placemark>
  <Placemark>
    <name>J-147-J-148</name>
    <ExtendedData>
      <Data name="id"><value>J-147-J-148</value></Data>
      <Data name="source"><value>J-147</value></Data>
      <Data name="target"><value>J-148</value></Data>
    </ExtendedData>
    <LineString>
      <coordinates>
        88.377736,24.16534
        88.378724,24.164823
      </coordinates>
    </LineString>
  </Placemark>
  <Placemark>
    <name>J-147-J-149</name>
    <ExtendedData>
      <Data name="id"><value>J-147-J-149</value></Data>
      <Data name="source"><value>J-147</value></Data>
      <Data name="target"><value>J-149</value></Data>
    </ExtendedData>
    <LineString>
      <coordinates>
        88.377736,24.16534
        88.377205,24.164207
      </coordinates>
    </LineString>
  </Placemark>
  <Placemark>
    <name>J-149-J-150</name>
    <ExtendedData>
      <Data name="id"><value>J-149-J-150</value></Data>
      <Data name="source"><value>J-149</value></Data>
      <Data name="target"><value>J-150</value></Data>
    </ExtendedData>
    <LineString>
      <coordinates>
        88.377205,24.164207
        88.376431,24.163754
      </coordinates>
    </LineString>
  </Placemark>
  <Placemark>
    <name>J-145-J-151</name>
    <ExtendedData>
      <Data name="id"><value>J-145-J-151</value></Data>
      <Data name="source"><value>J-145</value></Data>
      <Data name="target"><value>J-151</value></Data>
    </ExtendedData>
    <LineString>
      <coordinates>
        88.379207,24.167012
        88.378907,24.165251
      </coordinates>
    </LineString>
  </Placemark>
  <Placemark>
    <name>J-151-J-152</name>
    <ExtendedData>
      <Data name="id"><value>J-151-J-152</value></Data>
      <Data name="source"><value>J-151</value></Data>
      <Data name="target"><value>J-152</value></Data>
    </ExtendedData>
    <LineString>
      <coordinates>
        88.378907,24.165251
        88.378544,24.165266
      </coordinates>
    </LineString>
  </Placemark>
  <Placemark>
    <name>J-151-J-153</name>
    <ExtendedData>
      <Data name="id"><value>J-151-J-153</value></Data>
      <Data name="source"><value>J-151</value></Data>
      <Data name="target"><value>J-153</value></Data>
    </ExtendedData>
    <LineString>
      <coordinates>
        88.378907,24.165251
        88.378669,24.164407
      </coordinates>
    </LineString>
  </Placemark>
  <Placemark>
    <name>J-153-J-154</name>
    <ExtendedData>
      <Data name="id"><value>J-153-J-154</value></Data>
      <Data name="source"><value>J-153</value></Data>
      <Data name="target"><value>J-154</value></Data>
    </ExtendedData>
    <LineString>
      <coordinates>
        88.378669,24.164407
        88.379561,24.164345
      </coordinates>
    </LineString>
  </Placemark>
  <Placemark>
    <name>J-153-J-155</name>
    <ExtendedData>
      <Data name="id"><value>J-153-J-155</value></Data>
      <Data name="source"><value>J-153</value></Data>
      <Data name="target"><value>J-155</value></Data>
    </ExtendedData>
    <LineString>
      <coordinates>
        88.378669,24.164407
        88.378416,24.163474
      </coordinates>
    </LineString>
  </Placemark>
  <Placemark>
    <name>J-155-J-156</name>
    <ExtendedData>
      <Data name="id"><value>J-155-J-156</value></Data>
      <Data name="source"><value>J-155</value></Data>
      <Data name="target"><value>J-156</value></Data>
    </ExtendedData>
    <LineString>
      <coordinates>
        88.378416,24.163474
        88.379447,24.163365
      </coordinates>
    </LineString>
  </Placemark>
  <Placemark>
    <name>J-155-J-157</name>
    <ExtendedData>
      <Data name="id"><value>J-155-J-157</value></Data>
      <Data name="source"><value>J-155</value></Data>
      <Data name="target"><value>J-157</value></Data>
    </ExtendedData>
    <LineString>
      <coordinates>
        88.378416,24.163474
        88.37839,24.163389
      </coordinates>
    </LineString>
  </Placemark>
  <Placemark>
    <name>J-157-J-158</name>
    <ExtendedData>
      <Data name="id"><value>J-157-J-158</value></Data>
      <Data name="source"><value>J-157</value></Data>
      <Data name="target"><value>J-158</value></Data>
    </ExtendedData>
    <LineString>
      <coordinates>
        88.37839,24.163389
        88.37788,24.163376
      </coordinates>
    </LineString>
  </Placemark>
  <Placemark>
    <name>J-158-J-159</name>
    <ExtendedData>
      <Data name="id"><value>J-158-J-159</value></Data>
      <Data name="source"><value>J-158</value></Data>
      <Data name="target"><value>J-159</value></Data>
    </ExtendedData>
    <LineString>
      <coordinates>
        88.37788,24.163376
        88.377865,24.162872
      </coordinates>
    </LineString>
  </Placemark>
  <Placemark>
    <name>J-158-J-160</name>
    <ExtendedData>
      <Data name="id"><value>J-158-J-160</value></Data>
      <Data name="source"><value>J-158</value></Data>
      <Data name="target"><value>J-160</value></Data>
    </ExtendedData>
    <LineString>
      <coordinates>
        88.37788,24.163376
        88.377052,24.163412
      </coordinates>
    </LineString>
  </Placemark>
  <Placemark>
    <name>J-160-J-161</name>
    <ExtendedData>
      <Data name="id"><value>J-160-J-161</value></Data>
      <Data name="source"><value>J-160</value></Data>
      <Data name="target"><value>J-161</value></Data>
    </ExtendedData>
    <LineString>
      <coordinates>
        88.377052,24.163412
        88.377047,24.163607
      </coordinates>
    </LineString>
  </Placemark>
  <Placemark>
    <name>J-160-J-162</name>
    <ExtendedData>
      <Data name="id"><value>J-160-J-162</value></Data>
      <Data name="source"><value>J-160</value></Data>
      <Data name="target"><value>J-162</value></Data>
    </ExtendedData>
    <LineString>
      <coordinates>
        88.377052,24.163412
        88.376878,24.163065
      </coordinates>
    </LineString>
  </Placemark>
  <Placemark>
    <name>J-162-J-163</name>
    <ExtendedData>
      <Data name="id"><value>J-162-J-163</value></Data>
      <Data name="source"><value>J-162</value></Data>
      <Data name="target"><value>J-163</value></Data>
    </ExtendedData>
    <LineString>
      <coordinates>
        88.376878,24.163065
        88.376402,24.163133
      </coordinates>
    </LineString>
  </Placemark>
  <Placemark>
    <name>J-162-J-164</name>
    <ExtendedData>
      <Data name="id"><value>J-162-J-164</value></Data>
      <Data name="source"><value>J-162</value></Data>
      <Data name="target"><value>J-164</value></Data>
    </ExtendedData>
    <LineString>
      <coordinates>
        88.376878,24.163065
        88.376735,24.161568
      </coordinates>
    </LineString>
  </Placemark>
  <Placemark>
    <name>J-164-J-165</name>
    <ExtendedData>
      <Data name="id"><value>J-164-J-165</value></Data>
      <Data name="source"><value>J-164</value></Data>
      <Data name="target"><value>J-165</value></Data>
    </ExtendedData>
    <LineString>
      <coordinates>
        88.376735,24.161568
        88.376694,24.161037
      </coordinates>
    </LineString>
  </Placemark>
  <Placemark>
    <name>J-157-J-166</name>
    <ExtendedData>
      <Data name="id"><value>J-157-J-166</value></Data>
      <Data name="source"><value>J-157</value></Data>
      <Data name="target"><value>J-166</value></Data>
    </ExtendedData>
    <LineString>
      <coordinates>
        88.37839,24.163389
        88.378182,24.162494
      </coordinates>
    </LineString>
  </Placemark>
  <Placemark>
    <name>J-166-J-167</name>
    <ExtendedData>
      <Data name="id"><value>J-166-J-167</value></Data>
      <Data name="source"><value>J-166</value></Data>
      <Data name="target"><value>J-167</value></Data>
    </ExtendedData>
    <LineString>
      <coordinates>
        88.378182,24.162494
        88.377734,24.162255
      </coordinates>
    </LineString>
  </Placemark>
  <Placemark>
    <name>J-166-J-168</name>
    <ExtendedData>
      <Data name="id"><value>J-166-J-168</value></Data>
      <Data name="source"><value>J-166</value></Data>
      <Data name="target"><value>J-168</value></Data>
    </ExtendedData>
    <LineString>
      <coordinates>
        88.378182,24.162494
        88.377931,24.160949
      </coordinates>
    </LineString>
  </Placemark>
  <Placemark>
    <name>J-168-J-169</name>
    <ExtendedData>
      <Data name="id"><value>J-168-J-169</value></Data>
      <Data name="source"><value>J-168</value></Data>
      <Data name="target"><value>J-169</value></Data>
    </ExtendedData>
    <LineString>
      <coordinates>
        88.377931,24.160949
        88.377942,24.160859
      </coordinates>
    </LineString>
  </Placemark>
  <Placemark>
    <name>J-169-J-170</name>
    <ExtendedData>
      <Data name="id"><value>J-169-J-170</value></Data>
      <Data name="source"><value>J-169</value></Data>
      <Data name="target"><value>J-170</value></Data>
    </ExtendedData>
    <LineString>
      <coordinates>
        88.377942,24.160859
        88.379262,24.16042
      </coordinates>
    </LineString>
  </Placemark>
  <Placemark>
    <name>J-168-J-172</name>
    <ExtendedData>
      <Data name="id"><value>J-168-J-172</value></Data>
      <Data name="source"><value>J-168</value></Data>
      <Data name="target"><value>J-172</value></Data>
    </ExtendedData>
    <LineString>
      <coordinates>
        88.377931,24.160949
        88.3768,24.160958
      </coordinates>
    </LineString>
  </Placemark>
  <Placemark>
    <name>J-172-J-173</name>
    <ExtendedData>
      <Data name="id"><value>J-172-J-173</value></Data>
      <Data name="source"><value>J-172</value></Data>
      <Data name="target"><value>J-173</value></Data>
    </ExtendedData>
    <LineString>
      <coordinates>
        88.3768,24.160958
        88.376664,24.159843
      </coordinates>
    </LineString>
  </Placemark>
  <Placemark>
    <name>J-172-J-174</name>
    <ExtendedData>
      <Data name="id"><value>J-172-J-174</value></Data>
      <Data name="source"><value>J-172</value></Data>
      <Data name="target"><value>J-174</value></Data>
    </ExtendedData>
    <LineString>
      <coordinates>
        88.3768,24.160958
        88.374211,24.161016
      </coordinates>
    </LineString>
  </Placemark>
  <Placemark>
    <name>J-174-J-175</name>
    <ExtendedData>
      <Data name="id"><value>J-174-J-175</value></Data>
      <Data name="source"><value>J-174</value></Data>
      <Data name="target"><value>J-175</value></Data>
    </ExtendedData>
    <LineString>
      <coordinates>
        88.374211,24.161016
        88.374089,24.15947
      </coordinates>
    </LineString>
  </Placemark>
  <Placemark>
    <name>J-174-J-176</name>
    <ExtendedData>
      <Data name="id"><value>J-174-J-176</value></Data>
      <Data name="source"><value>J-174</value></Data>
      <Data name="target"><value>J-176</value></Data>
    </ExtendedData>
    <LineString>
      <coordinates>
        88.374211,24.161016
        88.372509,24.162048
      </coordinates>
    </LineString>
  </Placemark>
  <Placemark>
    <name>J-176-J-177</name>
    <ExtendedData>
      <Data name="id"><value>J-176-J-177</value></Data>
      <Data name="source"><value>J-176</value></Data>
      <Data name="target"><value>J-177</value></Data>
    </ExtendedData>
    <LineString>
      <coordinates>
        88.372509,24.162048
        88.366326,24.163563
      </coordinates>
    </LineString>
  </Placemark>
  <Placemark>
    <name>J-177-J-178</name>
    <ExtendedData>
      <Data name="id"><value>J-177-J-178</value></Data>
      <Data name="source"><value>J-177</value></Data>
      <Data name="target"><value>J-178</value></Data>
    </ExtendedData>
    <LineString>
      <coordinates>
        88.366326,24.163563
        88.364486,24.163994
      </coordinates>
    </LineString>
  </Placemark>
  <Placemark>
    <name>J-178-J-179</name>
    <ExtendedData>
      <Data name="id"><value>J-178-J-179</value></Data>
      <Data name="source"><value>J-178</value></Data>
      <Data name="target"><value>J-179</value></Data>
    </ExtendedData>
    <LineString>
      <coordinates>
        88.364486,24.163994
        88.362989,24.164364
      </coordinates>
    </LineString>
  </Placemark>
  <Placemark>
    <name>J-169-J-180</name>
    <ExtendedData>
      <Data name="id"><value>J-169-J-180</value></Data>
      <Data name="source"><value>J-169</value></Data>
      <Data name="target"><value>J-180</value></Data>
    </ExtendedData>
    <LineString>
      <coordinates>
        88.377942,24.160859
        88.377867,24.159587
      </coordinates>
    </LineString>
  </Placemark>
  <Placemark>
    <name>J-180-J-181</name>
    <ExtendedData>
      <Data name="id"><value>J-180-J-181</value></Data>
      <Data name="source"><value>J-180</value></Data>
      <Data name="target"><value>J-181</value></Data>
    </ExtendedData>
    <LineString>
      <coordinates>
        88.377867,24.159587
        88.376705,24.159763
      </coordinates>
    </LineString>
  </Placemark>
  <Placemark>
    <name>J-180-J-182</name>
    <ExtendedData>
      <Data name="id"><value>J-180-J-182</value></Data>
      <Data name="source"><value>J-180</value></Data>
      <Data name="target"><value>J-182</value></Data>
    </ExtendedData>
    <LineString>
      <coordinates>
        88.377867,24.159587
        88.377991,24.159322
      </coordinates>
    </LineString>
  </Placemark>
  <Placemark>
    <name>J-182-J-183</name>
    <ExtendedData>
      <Data name="id"><value>J-182-J-183</value></Data>
      <Data name="source"><value>J-182</value></Data>
      <Data name="target"><value>J-183</value></Data>
    </ExtendedData>
    <LineString>
      <coordinates>
        88.377991,24.159322
        88.37731,24.159354
      </coordinates>
    </LineString>
  </Placemark>
  <Placemark>
    <name>J-183-J-184</name>
    <ExtendedData>
      <Data name="id"><value>J-183-J-184</value></Data>
      <Data name="source"><value>J-183</value></Data>
      <Data name="target"><value>J-184</value></Data>
    </ExtendedData>
    <LineString>
      <coordinates>
        88.37731,24.159354
        88.376604,24.15937
      </coordinates>
    </LineString>
  </Placemark>
  <Placemark>
    <name>J-184-J-185</name>
    <ExtendedData>
      <Data name="id"><value>J-184-J-185</value></Data>
      <Data name="source"><value>J-184</value></Data>
      <Data name="target"><value>J-185</value></Data>
    </ExtendedData>
    <LineString>
      <coordinates>
        88.376604,24.15937
        88.376656,24.159713
      </coordinates>
    </LineString>
  </Placemark>
  <Placemark>
    <name>J-184-J-186</name>
    <ExtendedData>
      <Data name="id"><value>J-184-J-186</value></Data>
      <Data name="source"><value>J-184</value></Data>
      <Data name="target"><value>J-186</value></Data>
    </ExtendedData>
    <LineString>
      <coordinates>
        88.376604,24.15937
        88.376067,24.159372
      </coordinates>
    </LineString>
  </Placemark>
  <Placemark>
    <name>J-175-J-187</name>
    <ExtendedData>
      <Data name="id"><value>J-175-J-187</value></Data>
      <Data name="source"><value>J-175</value></Data>
      <Data name="target"><value>J-187</value></Data>
    </ExtendedData>
    <LineString>
      <coordinates>
        88.374089,24.15947
        88.375466,24.159312
      </coordinates>
    </LineString>
  </Placemark>
  <Placemark>
    <name>J-187-J-188</name>
    <ExtendedData>
      <Data name="id"><value>J-187-J-188</value></Data>
      <Data name="source"><value>J-187</value></Data>
      <Data name="target"><value>J-188</value></Data>
    </ExtendedData>
    <LineString>
      <coordinates>
        88.375466,24.159312
        88.376025,24.159368
      </coordinates>
    </LineString>
  </Placemark>
  <Placemark>
    <name>J-175-J-189</name>
    <ExtendedData>
      <Data name="id"><value>J-175-J-189</value></Data>
      <Data name="source"><value>J-175</value></Data>
      <Data name="target"><value>J-189</value></Data>
    </ExtendedData>
    <LineString>
      <coordinates>
        88.374089,24.15947
        88.373031,24.159347
      </coordinates>
    </LineString>
  </Placemark>
  <Placemark>
    <name>J-189-J-190</name>
    <ExtendedData>
      <Data name="id"><value>J-189-J-190</value></Data>
      <Data name="source"><value>J-189</value></Data>
      <Data name="target"><value>J-190</value></Data>
    </ExtendedData>
    <LineString>
      <coordinates>
        88.373031,24.159347
        88.37255,24.159349
      </coordinates>
    </LineString>
  </Placemark>
  <Placemark>
    <name>J-182-J-191</name>
    <ExtendedData>
      <Data name="id"><value>J-182-J-191</value></Data>
      <Data name="source"><value>J-182</value></Data>
      <Data name="target"><value>J-191</value></Data>
    </ExtendedData>
    <LineString>
      <coordinates>
        88.377991,24.159322
        88.378006,24.158448
      </coordinates>
    </LineString>
  </Placemark>
  <Placemark>
    <name>J-191-J-192</name>
    <ExtendedData>
      <Data name="id"><value>J-191-J-192</value></Data>
      <Data name="source"><value>J-191</value></Data>
      <Data name="target"><value>J-192</value></Data>
    </ExtendedData>
    <LineString>
      <coordinates>
        88.378006,24.158448
        88.377824,24.157932
      </coordinates>
    </LineString>
  </Placemark>
  <Placemark>
    <name>J-85-J-193</name>
    <ExtendedData>
      <Data name="id"><value>J-85-J-193</value></Data>
      <Data name="source"><value>J-85</value></Data>
      <Data name="target"><value>J-193</value></Data>
    </ExtendedData>
    <LineString>
      <coordinates>
        88.39524,24.188608
        88.395293,24.189011
      </coordinates>
    </LineString>
  </Placemark>
  <Placemark>
    <name>J-193-J-194</name>
    <ExtendedData>
      <Data name="id"><value>J-193-J-194</value></Data>
      <Data name="source"><value>J-193</value></Data>
      <Data name="target"><value>J-194</value></Data>
    </ExtendedData>
    <LineString>
      <coordinates>
        88.395293,24.189011
        88.39437,24.189334
      </coordinates>
    </LineString>
  </Placemark>
  <Placemark>
    <name>J-193-J-195</name>
    <ExtendedData>
      <Data name="id"><value>J-193-J-195</value></Data>
      <Data name="source"><value>J-193</value></Data>
      <Data name="target"><value>J-195</value></Data>
    </ExtendedData>
    <LineString>
      <coordinates>
        88.395293,24.189011
        88.395973,24.191751
      </coordinates>
    </LineString>
  </Placemark>
  <Placemark>
    <name>J-195-J-196</name>
    <ExtendedData>
      <Data name="id"><value>J-195-J-196</value></Data>
      <Data name="source"><value>J-195</value></Data>
      <Data name="target"><value>J-196</value></Data>
    </ExtendedData>
    <LineString>
      <coordinates>
        88.395973,24.191751
        88.395995,24.193123
      </coordinates>
    </LineString>
  </Placemark>
  <Placemark>
    <name>J-196-J-197</name>
    <ExtendedData>
      <Data name="id"><value>J-196-J-197</value></Data>
      <Data name="source"><value>J-196</value></Data>
      <Data name="target"><value>J-197</value></Data>
    </ExtendedData>
    <LineString>
      <coordinates>
        88.395995,24.193123
        88.396163,24.193474
      </coordinates>
    </LineString>
  </Placemark>
  <Placemark>
    <name>J-86-J-198</name>
    <ExtendedData>
      <Data name="id"><value>J-86-J-198</value></Data>
      <Data name="source"><value>J-86</value></Data>
      <Data name="target"><value>J-198</value></Data>
    </ExtendedData>
    <LineString>
      <coordinates>
        88.394771,24.187525
        88.39556,24.179091
      </coordinates>
    </LineString>
  </Placemark>
  <Placemark>
    <name>J-198-J-199</name>
    <ExtendedData>
      <Data name="id"><value>J-198-J-199</value></Data>
      <Data name="source"><value>J-198</value></Data>
      <Data name="target"><value>J-199</value></Data>
    </ExtendedData>
    <LineString>
      <coordinates>
        88.39556,24.179091
        88.394948,24.178547
      </coordinates>
    </LineString>
  </Placemark>
  <Placemark>
    <name>J-199-J-200</name>
    <ExtendedData>
      <Data name="id"><value>J-199-J-200</value></Data>
      <Data name="source"><value>J-199</value></Data>
      <Data name="target"><value>J-200</value></Data>
    </ExtendedData>
    <LineString>
      <coordinates>
        88.394948,24.178547
        88.394733,24.177867
      </coordinates>
    </LineString>
  </Placemark>
  <Placemark>
    <name>J-199-J-201</name>
    <ExtendedData>
      <Data name="id"><value>J-199-J-201</value></Data>
      <Data name="source"><value>J-199</value></Data>
      <Data name="target"><value>J-201</value></Data>
    </ExtendedData>
    <LineString>
      <coordinates>
        88.394948,24.178547
        88.394773,24.178622
      </coordinates>
    </LineString>
  </Placemark>
  <Placemark>
    <name>J-201-J-202</name>
    <ExtendedData>
      <Data name="id"><value>J-201-J-202</value></Data>
      <Data name="source"><value>J-201</value></Data>
      <Data name="target"><value>J-202</value></Data>
    </ExtendedData>
    <LineString>
      <coordinates>
        88.394773,24.178622
        88.39428,24.178032
      </coordinates>
    </LineString>
  </Placemark>
  <Placemark>
    <name>J-201-J-203</name>
    <ExtendedData>
      <Data name="id"><value>J-201-J-203</value></Data>
      <Data name="source"><value>J-201</value></Data>
      <Data name="target"><value>J-203</value></Data>
    </ExtendedData>
    <LineString>
      <coordinates>
        88.394773,24.178622
        88.394138,24.17866
      </coordinates>
    </LineString>
  </Placemark>
  <Placemark>
    <name>J-203-J-204</name>
    <ExtendedData>
      <Data name="id"><value>J-203-J-204</value></Data>
      <Data name="source"><value>J-203</value></Data>
      <Data name="target"><value>J-204</value></Data>
    </ExtendedData>
    <LineString>
      <coordinates>
        88.394138,24.17866
        88.393994,24.178074
      </coordinates>
    </LineString>
  </Placemark>
  <Placemark>
    <name>J-198-J-205</name>
    <ExtendedData>
      <Data name="id"><value>J-198-J-205</value></Data>
      <Data name="source"><value>J-198</value></Data>
      <Data name="target"><value>J-205</value></Data>
    </ExtendedData>
    <LineString>
      <coordinates>
        88.39556,24.179091
        88.395333,24.177264
      </coordinates>
    </LineString>
  </Placemark>
  <Placemark>
    <name>J-205-J-206</name>
    <ExtendedData>
      <Data name="id"><value>J-205-J-206</value></Data>
      <Data name="source"><value>J-205</value></Data>
      <Data name="target"><value>J-206</value></Data>
    </ExtendedData>
    <LineString>
      <coordinates>
        88.395333,24.177264
        88.394729,24.177693
      </coordinates>
    </LineString>
  </Placemark>
  <Placemark>
    <name>J-206-J-207</name>
    <ExtendedData>
      <Data name="id"><value>J-206-J-207</value></Data>
      <Data name="source"><value>J-206</value></Data>
      <Data name="target"><value>J-207</value></Data>
    </ExtendedData>
    <LineString>
      <coordinates>
        88.394729,24.177693
        88.393672,24.178002
      </coordinates>
    </LineString>
  </Placemark>
  <Placemark>
    <name>J-207-J-208</name>
    <ExtendedData>
      <Data name="id"><value>J-207-J-208</value></Data>
      <Data name="source"><value>J-207</value></Data>
      <Data name="target"><value>J-208</value></Data>
    </ExtendedData>
    <LineString>
      <coordinates>
        88.393672,24.178002
        88.392811,24.177193
      </coordinates>
    </LineString>
  </Placemark>
  <Placemark>
    <name>J-207-J-209</name>
    <ExtendedData>
      <Data name="id"><value>J-207-J-209</value></Data>
      <Data name="source"><value>J-207</value></Data>
      <Data name="target"><value>J-209</value></Data>
    </ExtendedData>
    <LineString>
      <coordinates>
        88.393672,24.178002
        88.391938,24.178747
      </coordinates>
    </LineString>
  </Placemark>
  <Placemark>
    <name>J-209-J-210</name>
    <ExtendedData>
      <Data name="id"><value>J-209-J-210</value></Data>
      <Data name="source"><value>J-209</value></Data>
      <Data name="target"><value>J-210</value></Data>
    </ExtendedData>
    <LineString>
      <coordinates>
        88.391938,24.178747
        88.391198,24.177579
      </coordinates>
    </LineString>
  </Placemark>
  <Placemark>
    <name>J-207-J-211</name>
    <ExtendedData>
      <Data name="id"><value>J-207-J-211</value></Data>
      <Data name="source"><value>J-207</value></Data>
      <Data name="target"><value>J-211</value></Data>
    </ExtendedData>
    <LineString>
      <coordinates>
        88.393672,24.178002
        88.393598,24.177463
      </coordinates>
    </LineString>
  </Placemark>
  <Placemark>
    <name>J-206-J-212</name>
    <ExtendedData>
      <Data name="id"><value>J-206-J-212</value></Data>
      <Data name="source"><value>J-206</value></Data>
      <Data name="target"><value>J-212</value></Data>
    </ExtendedData>
    <LineString>
      <coordinates>
        88.394729,24.177693
        88.394069,24.177172
      </coordinates>
    </LineString>
  </Placemark>
  <Placemark>
    <name>J-212-J-213</name>
    <ExtendedData>
      <Data name="id"><value>J-212-J-213</value></Data>
      <Data name="source"><value>J-212</value></Data>
      <Data name="target"><value>J-213</value></Data>
    </ExtendedData>
    <LineString>
      <coordinates>
        88.394069,24.177172
        88.393821,24.17661
      </coordinates>
    </LineString>
  </Placemark>
  <Placemark>
    <name>J-213-J-214</name>
    <ExtendedData>
      <Data name="id"><value>J-213-J-214</value></Data>
      <Data name="source"><value>J-213</value></Data>
      <Data name="target"><value>J-214</value></Data>
    </ExtendedData>
    <LineString>
      <coordinates>
        88.393821,24.17661
        88.39543,24.175832
      </coordinates>
    </LineString>
  </Placemark>
  <Placemark>
    <name>J-214-J-215</name>
    <ExtendedData>
      <Data name="id"><value>J-214-J-215</value></Data>
      <Data name="source"><value>J-214</value></Data>
      <Data name="target"><value>J-215</value></Data>
    </ExtendedData>
    <LineString>
      <coordinates>
        88.39543,24.175832
        88.396171,24.175475
      </coordinates>
    </LineString>
  </Placemark>
  <Placemark>
    <name>J-213-J-216</name>
    <ExtendedData>
      <Data name="id"><value>J-213-J-216</value></Data>
      <Data name="source"><value>J-213</value></Data>
      <Data name="target"><value>J-216</value></Data>
    </ExtendedData>
    <LineString>
      <coordinates>
        88.393821,24.17661
        88.392381,24.177054
      </coordinates>
    </LineString>
  </Placemark>
  <Placemark>
    <name>J-205-J-217</name>
    <ExtendedData>
      <Data name="id"><value>J-205-J-217</value></Data>
      <Data name="source"><value>J-205</value></Data>
      <Data name="target"><value>J-217</value></Data>
    </ExtendedData>
    <LineString>
      <coordinates>
        88.395333,24.177264
        88.395828,24.176516
      </coordinates>
    </LineString>
  </Placemark>
  <Placemark>
    <name>J-217-J-218</name>
    <ExtendedData>
      <Data name="id"><value>J-217-J-218</value></Data>
      <Data name="source"><value>J-217</value></Data>
      <Data name="target"><value>J-218</value></Data>
    </ExtendedData>
    <LineString>
      <coordinates>
        88.395828,24.176516
        88.396031,24.176043
      </coordinates>
    </LineString>
  </Placemark>
  <Placemark>
    <name>J-218-J-219</name>
    <ExtendedData>
      <Data name="id"><value>J-218-J-219</value></Data>
      <Data name="source"><value>J-218</value></Data>
      <Data name="target"><value>J-219</value></Data>
    </ExtendedData>
    <LineString>
      <coordinates>
        88.396031,24.176043
        88.396402,24.173617
      </coordinates>
    </LineString>
  </Placemark>
  <Placemark>
    <name>J-219-J-220</name>
    <ExtendedData>
      <Data name="id"><value>J-219-J-220</value></Data>
      <Data name="source"><value>J-219</value></Data>
      <Data name="target"><value>J-220</value></Data>
    </ExtendedData>
    <LineString>
      <coordinates>
        88.396402,24.173617
        88.395852,24.171518
      </coordinates>
    </LineString>
  </Placemark>
  <Placemark>
    <name>J-220-J-221</name>
    <ExtendedData>
      <Data name="id"><value>J-220-J-221</value></Data>
      <Data name="source"><value>J-220</value></Data>
      <Data name="target"><value>J-221</value></Data>
    </ExtendedData>
    <LineString>
      <coordinates>
        88.395852,24.171518
        88.395868,24.171157
      </coordinates>
    </LineString>
  </Placemark>
  <Placemark>
    <name>J-221-J-222</name>
    <ExtendedData>
      <Data name="id"><value>J-221-J-222</value></Data>
      <Data name="source"><value>J-221</value></Data>
      <Data name="target"><value>J-222</value></Data>
    </ExtendedData>
    <LineString>
      <coordinates>
        88.395868,24.171157
        88.397397,24.163846
      </coordinates>
    </LineString>
  </Placemark>
  <Placemark>
    <name>J-222-J-223</name>
    <ExtendedData>
      <Data name="id"><value>J-222-J-223</value></Data>
      <Data name="source"><value>J-222</value></Data>
      <Data name="target"><value>J-223</value></Data>
    </ExtendedData>
    <LineString>
      <coordinates>
        88.397397,24.163846
        88.399038,24.162798
      </coordinates>
    </LineString>
  </Placemark>
  <Placemark>
    <name>J-223-J-224</name>
    <ExtendedData>
      <Data name="id"><value>J-223-J-224</value></Data>
      <Data name="source"><value>J-223</value></Data>
      <Data name="target"><value>J-224</value></Data>
    </ExtendedData>
    <LineString>
      <coordinates>
        88.399038,24.162798
        88.404959,24.163492
      </coordinates>
    </LineString>
  </Placemark>
  <Placemark>
    <name>J-224-J-225</name>
    <ExtendedData>
      <Data name="id"><value>J-224-J-225</value></Data>
      <Data name="source"><value>J-224</value></Data>
      <Data name="target"><value>J-225</value></Data>
    </ExtendedData>
    <LineString>
      <coordinates>
        88.404959,24.163492
        88.405675,24.16591
      </coordinates>
    </LineString>
  </Placemark>
  <Placemark>
    <name>J-223-J-226</name>
    <ExtendedData>
      <Data name="id"><value>J-223-J-226</value></Data>
      <Data name="source"><value>J-223</value></Data>
      <Data name="target"><value>J-226</value></Data>
    </ExtendedData>
    <LineString>
      <coordinates>
        88.399038,24.162798
        88.401406,24.162221
      </coordinates>
    </LineString>
  </Placemark>
  <Placemark>
    <name>J-226-J-227</name>
    <ExtendedData>
      <Data name="id"><value>J-226-J-227</value></Data>
      <Data name="source"><value>J-226</value></Data>
      <Data name="target"><value>J-227</value></Data>
    </ExtendedData>
    <LineString>
      <coordinates>
        88.401406,24.162221
        88.40117,24.161272
      </coordinates>
    </LineString>
  </Placemark>
  <Placemark>
    <name>J-226-J-228</name>
    <ExtendedData>
      <Data name="id"><value>J-226-J-228</value></Data>
      <Data name="source"><value>J-226</value></Data>
      <Data name="target"><value>J-228</value></Data>
    </ExtendedData>
    <LineString>
      <coordinates>
        88.401406,24.162221
        88.405702,24.162221
      </coordinates>
    </LineString>
  </Placemark>
  <Placemark>
    <name>J-228-J-229</name>
    <ExtendedData>
      <Data name="id"><value>J-228-J-229</value></Data>
      <Data name="source"><value>J-228</value></Data>
      <Data name="target"><value>J-229</value></Data>
    </ExtendedData>
    <LineString>
      <coordinates>
        88.405702,24.162221
        88.405961,24.161304
      </coordinates>
    </LineString>
  </Placemark>
  <Placemark>
    <name>J-228-J-230</name>
    <ExtendedData>
      <Data name="id"><value>J-228-J-230</value></Data>
      <Data name="source"><value>J-228</value></Data>
      <Data name="target"><value>J-230</value></Data>
    </ExtendedData>
    <LineString>
      <coordinates>
        88.405702,24.162221
        88.407483,24.16341
      </coordinates>
    </LineString>
  </Placemark>
  <Placemark>
    <name>J-230-J-231</name>
    <ExtendedData>
      <Data name="id"><value>J-230-J-231</value></Data>
      <Data name="source"><value>J-230</value></Data>
      <Data name="target"><value>J-231</value></Data>
    </ExtendedData>
    <LineString>
      <coordinates>
        88.407483,24.16341
        88.407576,24.164842
      </coordinates>
    </LineString>
  </Placemark>
  <Placemark>
    <name>J-221-J-232</name>
    <ExtendedData>
      <Data name="id"><value>J-221-J-232</value></Data>
      <Data name="source"><value>J-221</value></Data>
      <Data name="target"><value>J-232</value></Data>
    </ExtendedData>
    <LineString>
      <coordinates>
        88.395868,24.171157
        88.398426,24.17006
      </coordinates>
    </LineString>
  </Placemark>
  <Placemark>
    <name>J-232-J-233</name>
    <ExtendedData>
      <Data name="id"><value>J-232-J-233</value></Data>
      <Data name="source"><value>J-232</value></Data>
      <Data name="target"><value>J-233</value></Data>
    </ExtendedData>
    <LineString>
      <coordinates>
        88.398426,24.17006
        88.401816,24.167631
      </coordinates>
    </LineString>
  </Placemark>
  <Placemark>
    <name>J-233-J-234</name>
    <ExtendedData>
      <Data name="id"><value>J-233-J-234</value></Data>
      <Data name="source"><value>J-233</value></Data>
      <Data name="target"><value>J-234</value></Data>
    </ExtendedData>
    <LineString>
      <coordinates>
        88.401816,24.167631
        88.407651,24.165704
      </coordinates>
    </LineString>
  </Placemark>
  <Placemark>
    <name>J-234-J-235</name>
    <ExtendedData>
      <Data name="id"><value>J-234-J-235</value></Data>
      <Data name="source"><value>J-234</value></Data>
      <Data name="target"><value>J-235</value></Data>
    </ExtendedData>
    <LineString>
      <coordinates>
        88.407651,24.165704
        88.407586,24.16492
      </coordinates>
    </LineString>
  </Placemark>
  <Placemark>
    <name>J-234-J-236</name>
    <ExtendedData>
      <Data name="id"><value>J-234-J-236</value></Data>
      <Data name="source"><value>J-234</value></Data>
      <Data name="target"><value>J-236</value></Data>
    </ExtendedData>
    <LineString>
      <coordinates>
        88.407651,24.165704
        88.41263,24.167219
      </coordinates>
    </LineString>
  </Placemark>
  <Placemark>
    <name>J-236-J-237</name>
    <ExtendedData>
      <Data name="id"><value>J-236-J-237</value></Data>
      <Data name="source"><value>J-236</value></Data>
      <Data name="target"><value>J-237</value></Data>
    </ExtendedData>
    <LineString>
      <coordinates>
        88.41263,24.167219
        88.417467,24.167923
      </coordinates>
    </LineString>
  </Placemark>
  <Placemark>
    <name>J-237-J-238</name>
    <ExtendedData>
      <Data name="id"><value>J-237-J-238</value></Data>
      <Data name="source"><value>J-237</value></Data>
      <Data name="target"><value>J-238</value></Data>
    </ExtendedData>
    <LineString>
      <coordinates>
        88.417467,24.167923
        88.419271,24.172512
      </coordinates>
    </LineString>
  </Placemark>
  <Placemark>
    <name>J-238-J-239</name>
    <ExtendedData>
      <Data name="id"><value>J-238-J-239</value></Data>
      <Data name="source"><value>J-238</value></Data>
      <Data name="target"><value>J-239</value></Data>
    </ExtendedData>
    <LineString>
      <coordinates>
        88.419271,24.172512
        88.421147,24.177562
      </coordinates>
    </LineString>
  </Placemark>
  <Placemark>
    <name>J-239-J-240</name>
    <ExtendedData>
      <Data name="id"><value>J-239-J-240</value></Data>
      <Data name="source"><value>J-239</value></Data>
      <Data name="target"><value>J-240</value></Data>
    </ExtendedData>
    <LineString>
      <coordinates>
        88.421147,24.177562
        88.421077,24.178589
      </coordinates>
    </LineString>
  </Placemark>
  <Placemark>
    <name>J-219-J-241</name>
    <ExtendedData>
      <Data name="id"><value>J-219-J-241</value></Data>
      <Data name="source"><value>J-219</value></Data>
      <Data name="target"><value>J-241</value></Data>
    </ExtendedData>
    <LineString>
      <coordinates>
        88.396402,24.173617
        88.399071,24.172913
      </coordinates>
    </LineString>
  </Placemark>
  <Placemark>
    <name>J-241-J-242</name>
    <ExtendedData>
      <Data name="id"><value>J-241-J-242</value></Data>
      <Data name="source"><value>J-241</value></Data>
      <Data name="target"><value>J-242</value></Data>
    </ExtendedData>
    <LineString>
      <coordinates>
        88.399071,24.172913
        88.401124,24.172359
      </coordinates>
    </LineString>
  </Placemark>
  <Placemark>
    <name>J-242-J-243</name>
    <ExtendedData>
      <Data name="id"><value>J-242-J-243</value></Data>
      <Data name="source"><value>J-242</value></Data>
      <Data name="target"><value>J-243</value></Data>
    </ExtendedData>
    <LineString>
      <coordinates>
        88.401124,24.172359
        88.406879,24.171982
      </coordinates>
    </LineString>
  </Placemark>
  <Placemark>
    <name>J-243-J-244</name>
    <ExtendedData>
      <Data name="id"><value>J-243-J-244</value></Data>
      <Data name="source"><value>J-243</value></Data>
      <Data name="target"><value>J-244</value></Data>
    </ExtendedData>
    <LineString>
      <coordinates>
        88.406879,24.171982
        88.408027,24.172391
      </coordinates>
    </LineString>
  </Placemark>
  <Placemark>
    <name>J-244-J-245</name>
    <ExtendedData>
      <Data name="id"><value>J-244-J-245</value></Data>
      <Data name="source"><value>J-244</value></Data>
      <Data name="target"><value>J-245</value></Data>
    </ExtendedData>
    <LineString>
      <coordinates>
        88.408027,24.172391
        88.410836,24.172965
      </coordinates>
    </LineString>
  </Placemark>
  <Placemark>
    <name>J-245-J-246</name>
    <ExtendedData>
      <Data name="id"><value>J-245-J-246</value></Data>
      <Data name="source"><value>J-245</value></Data>
      <Data name="target"><value>J-246</value></Data>
    </ExtendedData>
    <LineString>
      <coordinates>
        88.410836,24.172965
        88.413878,24.174713
      </coordinates>
    </LineString>
  </Placemark>
  <Placemark>
    <name>J-246-J-247</name>
    <ExtendedData>
      <Data name="id"><value>J-246-J-247</value></Data>
      <Data name="source"><value>J-246</value></Data>
      <Data name="target"><value>J-247</value></Data>
    </ExtendedData>
    <LineString>
      <coordinates>
        88.413878,24.174713
        88.41695,24.17853
      </coordinates>
    </LineString>
  </Placemark>
  <Placemark>
    <name>J-247-J-248</name>
    <ExtendedData>
      <Data name="id"><value>J-247-J-248</value></Data>
      <Data name="source"><value>J-247</value></Data>
      <Data name="target"><value>J-248</value></Data>
    </ExtendedData>
    <LineString>
      <coordinates>
        88.41695,24.17853
        88.420632,24.17853
      </coordinates>
    </LineString>
  </Placemark>
  <Placemark>
    <name>J-248-J-249</name>
    <ExtendedData>
      <Data name="id"><value>J-248-J-249</value></Data>
      <Data name="source"><value>J-248</value></Data>
      <Data name="target"><value>J-249</value></Data>
    </ExtendedData>
    <LineString>
      <coordinates>
        88.420632,24.17853
        88.422291,24.179128
      </coordinates>
    </LineString>
  </Placemark>
  <Placemark>
    <name>J-85-J-250</name>
    <ExtendedData>
      <Data name="id"><value>J-85-J-250</value></Data>
      <Data name="source"><value>J-85</value></Data>
      <Data name="target"><value>J-250</value></Data>
    </ExtendedData>
    <LineString>
      <coordinates>
        88.39524,24.188608
        88.400105,24.187736
      </coordinates>
    </LineString>
  </Placemark>
  <Placemark>
    <name>J-250-J-251</name>
    <ExtendedData>
      <Data name="id"><value>J-250-J-251</value></Data>
      <Data name="source"><value>J-250</value></Data>
      <Data name="target"><value>J-251</value></Data>
    </ExtendedData>
    <LineString>
      <coordinates>
        88.400105,24.187736
        88.405624,24.185408
      </coordinates>
    </LineString>
  </Placemark>
  <Placemark>
    <name>J-251-J-252</name>
    <ExtendedData>
      <Data name="id"><value>J-251-J-252</value></Data>
      <Data name="source"><value>J-251</value></Data>
      <Data name="target"><value>J-252</value></Data>
    </ExtendedData>
    <LineString>
      <coordinates>
        88.405624,24.185408
        88.406195,24.184454
      </coordinates>
    </LineString>
  </Placemark>
  <Placemark>
    <name>J-252-J-253</name>
    <ExtendedData>
      <Data name="id"><value>J-252-J-253</value></Data>
      <Data name="source"><value>J-252</value></Data>
      <Data name="target"><value>J-253</value></Data>
    </ExtendedData>
    <LineString>
      <coordinates>
        88.406195,24.184454
        88.409412,24.183523
      </coordinates>
    </LineString>
  </Placemark>
  <Placemark>
    <name>J-253-J-254</name>
    <ExtendedData>
      <Data name="id"><value>J-253-J-254</value></Data>
      <Data name="source"><value>J-253</value></Data>
      <Data name="target"><value>J-254</value></Data>
    </ExtendedData>
    <LineString>
      <coordinates>
        88.409412,24.183523
        88.411131,24.183003
      </coordinates>
    </LineString>
  </Placemark>
  <Placemark>
    <name>J-254-J-255</name>
    <ExtendedData>
      <Data name="id"><value>J-254-J-255</value></Data>
      <Data name="source"><value>J-254</value></Data>
      <Data name="target"><value>J-255</value></Data>
    </ExtendedData>
    <LineString>
      <coordinates>
        88.411131,24.183003
        88.416997,24.181226
      </coordinates>
    </LineString>
  </Placemark>
  <Placemark>
    <name>J-255-J-256</name>
    <ExtendedData>
      <Data name="id"><value>J-255-J-256</value></Data>
      <Data name="source"><value>J-255</value></Data>
      <Data name="target"><value>J-256</value></Data>
    </ExtendedData>
    <LineString>
      <coordinates>
        88.416997,24.181226
        88.423069,24.179044
      </coordinates>
    </LineString>
  </Placemark>
  <Placemark>
    <name>J-256-J-257</name>
    <ExtendedData>
      <Data name="id"><value>J-256-J-257</value></Data>
      <Data name="source"><value>J-256</value></Data>
      <Data name="target"><value>J-257</value></Data>
    </ExtendedData>
    <LineString>
      <coordinates>
        88.423069,24.179044
        88.424346,24.178759
      </coordinates>
    </LineString>
  </Placemark>
  <Placemark>
    <name>J-257-J-258</name>
    <ExtendedData>
      <Data name="id"><value>J-257-J-258</value></Data>
      <Data name="source"><value>J-257</value></Data>
      <Data name="target"><value>J-258</value></Data>
    </ExtendedData>
    <LineString>
      <coordinates>
        88.424346,24.178759
        88.424328,24.17851
      </coordinates>
    </LineString>
  </Placemark>
  <Placemark>
    <name>J-257-J-259</name>
    <ExtendedData>
      <Data name="id"><value>J-257-J-259</value></Data>
      <Data name="source"><value>J-257</value></Data>
      <Data name="target"><value>J-259</value></Data>
    </ExtendedData>
    <LineString>
      <coordinates>
        88.424346,24.178759
        88.424448,24.178988
      </coordinates>
    </LineString>
  </Placemark>
  <Placemark>
    <name>J-256-J-260</name>
    <ExtendedData>
      <Data name="id"><value>J-256-J-260</value></Data>
      <Data name="source"><value>J-256</value></Data>
      <Data name="target"><value>J-260</value></Data>
    </ExtendedData>
    <LineString>
      <coordinates>
        88.423069,24.179044
        88.424461,24.179003
      </coordinates>
    </LineString>
  </Placemark>
  <Placemark>
    <name>J-260-J-261</name>
    <ExtendedData>
      <Data name="id"><value>J-260-J-261</value></Data>
      <Data name="source"><value>J-260</value></Data>
      <Data name="target"><value>J-261</value></Data>
    </ExtendedData>
    <LineString>
      <coordinates>
        88.424461,24.179003
        88.424617,24.179395
      </coordinates>
    </LineString>
  </Placemark>
  <Placemark>
    <name>J-261-J-262</name>
    <ExtendedData>
      <Data name="id"><value>J-261-J-262</value></Data>
      <Data name="source"><value>J-261</value></Data>
      <Data name="target"><value>J-262</value></Data>
    </ExtendedData>
    <LineString>
      <coordinates>
        88.424617,24.179395
        88.424269,24.179736
      </coordinates>
    </LineString>
  </Placemark>
  <Placemark>
    <name>J-261-J-263</name>
    <ExtendedData>
      <Data name="id"><value>J-261-J-263</value></Data>
      <Data name="source"><value>J-261</value></Data>
      <Data name="target"><value>J-263</value></Data>
    </ExtendedData>
    <LineString>
      <coordinates>
        88.424617,24.179395
        88.424935,24.180093
      </coordinates>
    </LineString>
  </Placemark>
  <Placemark>
    <name>J-260-J-264</name>
    <ExtendedData>
      <Data name="id"><value>J-260-J-264</value></Data>
      <Data name="source"><value>J-260</value></Data>
      <Data name="target"><value>J-264</value></Data>
    </ExtendedData>
    <LineString>
      <coordinates>
        88.424461,24.179003
        88.425856,24.178759
      </coordinates>
    </LineString>
  </Placemark>
  <Placemark>
    <name>J-264-J-265</name>
    <ExtendedData>
      <Data name="id"><value>J-264-J-265</value></Data>
      <Data name="source"><value>J-264</value></Data>
      <Data name="target"><value>J-265</value></Data>
    </ExtendedData>
    <LineString>
      <coordinates>
        88.425856,24.178759
        88.425825,24.178161
      </coordinates>
    </LineString>
  </Placemark>
  <Placemark>
    <name>J-264-J-266</name>
    <ExtendedData>
      <Data name="id"><value>J-264-J-266</value></Data>
      <Data name="source"><value>J-264</value></Data>
      <Data name="target"><value>J-266</value></Data>
    </ExtendedData>
    <LineString>
      <coordinates>
        88.425856,24.178759
        88.427182,24.178551
      </coordinates>
    </LineString>
  </Placemark>
  <Placemark>
    <name>J-266-J-267</name>
    <ExtendedData>
      <Data name="id"><value>J-266-J-267</value></Data>
      <Data name="source"><value>J-266</value></Data>
      <Data name="target"><value>J-267</value></Data>
    </ExtendedData>
    <LineString>
      <coordinates>
        88.427182,24.178551
        88.427422,24.177751
      </coordinates>
    </LineString>
  </Placemark>
  <Placemark>
    <name>J-266-J-268</name>
    <ExtendedData>
      <Data name="id"><value>J-266-J-268</value></Data>
      <Data name="source"><value>J-266</value></Data>
      <Data name="target"><value>J-268</value></Data>
    </ExtendedData>
    <LineString>
      <coordinates>
        88.427182,24.178551
        88.429826,24.179623
      </coordinates>
    </LineString>
  </Placemark>
  <Placemark>
    <name>J-268-J-269</name>
    <ExtendedData>
      <Data name="id"><value>J-268-J-269</value></Data>
      <Data name="source"><value>J-268</value></Data>
      <Data name="target"><value>J-269</value></Data>
    </ExtendedData>
    <LineString>
      <coordinates>
        88.429826,24.179623
        88.432412,24.178291
      </coordinates>
    </LineString>
  </Placemark>
  <Placemark>
    <name>J-269-J-270</name>
    <ExtendedData>
      <Data name="id"><value>J-269-J-270</value></Data>
      <Data name="source"><value>J-269</value></Data>
      <Data name="target"><value>J-270</value></Data>
    </ExtendedData>
    <LineString>
      <coordinates>
        88.432412,24.178291
        88.435212,24.178565
      </coordinates>
    </LineString>
  </Placemark>
  <Placemark>
    <name>J-264-J-271</name>
    <ExtendedData>
      <Data name="id"><value>J-264-J-271</value></Data>
      <Data name="source"><value>J-264</value></Data>
      <Data name="target"><value>J-271</value></Data>
    </ExtendedData>
    <LineString>
      <coordinates>
        88.425856,24.178759
        88.427416,24.183026
      </coordinates>
    </LineString>
  </Placemark>
  <Placemark>
    <name>J-271-J-272</name>
    <ExtendedData>
      <Data name="id"><value>J-271-J-272</value></Data>
      <Data name="source"><value>J-271</value></Data>
      <Data name="target"><value>J-272</value></Data>
    </ExtendedData>
    <LineString>
      <coordinates>
        88.427416,24.183026
        88.427431,24.183381
      </coordinates>
    </LineString>
  </Placemark>
  <Placemark>
    <name>J-271-J-273</name>
    <ExtendedData>
      <Data name="id"><value>J-271-J-273</value></Data>
      <Data name="source"><value>J-271</value></Data>
      <Data name="target"><value>J-273</value></Data>
    </ExtendedData>
    <LineString>
      <coordinates>
        88.427416,24.183026
        88.427175,24.183255
      </coordinates>
    </LineString>
  </Placemark>
  <Placemark>
    <name>J-250-J-274</name>
    <ExtendedData>
      <Data name="id"><value>J-250-J-274</value></Data>
      <Data name="source"><value>J-250</value></Data>
      <Data name="target"><value>J-274</value></Data>
    </ExtendedData>
    <LineString>
      <coordinates>
        88.400105,24.187736
        88.401294,24.189967
      </coordinates>
    </LineString>
  </Placemark>
  <Placemark>
    <name>J-274-J-275</name>
    <ExtendedData>
      <Data name="id"><value>J-274-J-275</value></Data>
      <Data name="source"><value>J-274</value></Data>
      <Data name="target"><value>J-275</value></Data>
    </ExtendedData>
    <LineString>
      <coordinates>
        88.401294,24.189967
        88.40072,24.192403
      </coordinates>
    </LineString>
  </Placemark>
  <Placemark>
    <name>J-275-J-276</name>
    <ExtendedData>
      <Data name="id"><value>J-275-J-276</value></Data>
      <Data name="source"><value>J-275</value></Data>
      <Data name="target"><value>J-276</value></Data>
    </ExtendedData>
    <LineString>
      <coordinates>
        88.40072,24.192403
        88.397094,24.193696
      </coordinates>
    </LineString>
  </Placemark>
  <Placemark>
    <name>J-276-J-277</name>
    <ExtendedData>
      <Data name="id"><value>J-276-J-277</value></Data>
      <Data name="source"><value>J-276</value></Data>
      <Data name="target"><value>J-277</value></Data>
    </ExtendedData>
    <LineString>
      <coordinates>
        88.397094,24.193696
        88.396224,24.193507
      </coordinates>
    </LineString>
  </Placemark>
  <Placemark>
    <name>J-274-J-278</name>
    <ExtendedData>
      <Data name="id"><value>J-274-J-278</value></Data>
      <Data name="source"><value>J-274</value></Data>
      <Data name="target"><value>J-278</value></Data>
    </ExtendedData>
    <LineString>
      <coordinates>
        88.401294,24.189967
        88.403578,24.190386
      </coordinates>
    </LineString>
  </Placemark>
  <Placemark>
    <name>J-278-J-279</name>
    <ExtendedData>
      <Data name="id"><value>J-278-J-279</value></Data>
      <Data name="source"><value>J-278</value></Data>
      <Data name="target"><value>J-279</value></Data>
    </ExtendedData>
    <LineString>
      <coordinates>
        88.403578,24.190386
        88.404251,24.191291
      </coordinates>
    </LineString>
  </Placemark>
  <Placemark>
    <name>J-279-J-280</name>
    <ExtendedData>
      <Data name="id"><value>J-279-J-280</value></Data>
      <Data name="source"><value>J-279</value></Data>
      <Data name="target"><value>J-280</value></Data>
    </ExtendedData>
    <LineString>
      <coordinates>
        88.404251,24.191291
        88.404632,24.191302
      </coordinates>
    </LineString>
  </Placemark>
  <Placemark>
    <name>J-279-J-281</name>
    <ExtendedData>
      <Data name="id"><value>J-279-J-281</value></Data>
      <Data name="source"><value>J-279</value></Data>
      <Data name="target"><value>J-281</value></Data>
    </ExtendedData>
    <LineString>
      <coordinates>
        88.404251,24.191291
        88.404088,24.192762
      </coordinates>
    </LineString>
  </Placemark>
  <Placemark>
    <name>J-278-J-282</name>
    <ExtendedData>
      <Data name="id"><value>J-278-J-282</value></Data>
      <Data name="source"><value>J-278</value></Data>
      <Data name="target"><value>J-282</value></Data>
    </ExtendedData>
    <LineString>
      <coordinates>
        88.403578,24.190386
        88.404785,24.190442
      </coordinates>
    </LineString>
  </Placemark>
  <Placemark>
    <name>J-282-J-283</name>
    <ExtendedData>
      <Data name="id"><value>J-282-J-283</value></Data>
      <Data name="source"><value>J-282</value></Data>
      <Data name="target"><value>J-283</value></Data>
    </ExtendedData>
    <LineString>
      <coordinates>
        88.404785,24.190442
        88.404728,24.192875
      </coordinates>
    </LineString>
  </Placemark>
  <Placemark>
    <name>J-283-J-284</name>
    <ExtendedData>
      <Data name="id"><value>J-283-J-284</value></Data>
      <Data name="source"><value>J-283</value></Data>
      <Data name="target"><value>J-284</value></Data>
    </ExtendedData>
    <LineString>
      <coordinates>
        88.404728,24.192875
        88.40222,24.192845
      </coordinates>
    </LineString>
  </Placemark>
  <Placemark>
    <name>J-284-J-285</name>
    <ExtendedData>
      <Data name="id"><value>J-284-J-285</value></Data>
      <Data name="source"><value>J-284</value></Data>
      <Data name="target"><value>J-285</value></Data>
    </ExtendedData>
    <LineString>
      <coordinates>
        88.40222,24.192845
        88.40146,24.19274
      </coordinates>
    </LineString>
  </Placemark>
  <Placemark>
    <name>J-275-J-286</name>
    <ExtendedData>
      <Data name="id"><value>J-275-J-286</value></Data>
      <Data name="source"><value>J-275</value></Data>
      <Data name="target"><value>J-286</value></Data>
    </ExtendedData>
    <LineString>
      <coordinates>
        88.40072,24.192403
        88.401408,24.192717
      </coordinates>
    </LineString>
  </Placemark>
  <Placemark>
    <name>J-283-J-287</name>
    <ExtendedData>
      <Data name="id"><value>J-283-J-287</value></Data>
      <Data name="source"><value>J-283</value></Data>
      <Data name="target"><value>J-287</value></Data>
    </ExtendedData>
    <LineString>
      <coordinates>
        88.404728,24.192875
        88.40709,24.192782
      </coordinates>
    </LineString>
  </Placemark>
  <Placemark>
    <name>J-287-J-288</name>
    <ExtendedData>
      <Data name="id"><value>J-287-J-288</value></Data>
      <Data name="source"><value>J-287</value></Data>
      <Data name="target"><value>J-288</value></Data>
    </ExtendedData>
    <LineString>
      <coordinates>
        88.40709,24.192782
        88.40768,24.192963
      </coordinates>
    </LineString>
  </Placemark>
  <Placemark>
    <name>J-282-J-289</name>
    <ExtendedData>
      <Data name="id"><value>J-282-J-289</value></Data>
      <Data name="source"><value>J-282</value></Data>
      <Data name="target"><value>J-289</value></Data>
    </ExtendedData>
    <LineString>
      <coordinates>
        88.404785,24.190442
        88.406741,24.190411
      </coordinates>
    </LineString>
  </Placemark>
  <Placemark>
    <name>J-289-J-290</name>
    <ExtendedData>
      <Data name="id"><value>J-289-J-290</value></Data>
      <Data name="source"><value>J-289</value></Data>
      <Data name="target"><value>J-290</value></Data>
    </ExtendedData>
    <LineString>
      <coordinates>
        88.406741,24.190411
        88.407242,24.190405
      </coordinates>
    </LineString>
  </Placemark>
  <Placemark>
    <name>J-290-J-291</name>
    <ExtendedData>
      <Data name="id"><value>J-290-J-291</value></Data>
      <Data name="source"><value>J-290</value></Data>
      <Data name="target"><value>J-291</value></Data>
    </ExtendedData>
    <LineString>
      <coordinates>
        88.407242,24.190405
        88.406971,24.191408
      </coordinates>
    </LineString>
  </Placemark>
  <Placemark>
    <name>J-291-J-292</name>
    <ExtendedData>
      <Data name="id"><value>J-291-J-292</value></Data>
      <Data name="source"><value>J-291</value></Data>
      <Data name="target"><value>J-292</value></Data>
    </ExtendedData>
    <LineString>
      <coordinates>
        88.406971,24.191408
        88.406836,24.192484
      </coordinates>
    </LineString>
  </Placemark>
  <Placemark>
    <name>J-292-J-293</name>
    <ExtendedData>
      <Data name="id"><value>J-292-J-293</value></Data>
      <Data name="source"><value>J-292</value></Data>
      <Data name="target"><value>J-293</value></Data>
    </ExtendedData>
    <LineString>
      <coordinates>
        88.406836,24.192484
        88.406906,24.19269
      </coordinates>
    </LineString>
  </Placemark>
  <Placemark>
    <name>J-290-J-294</name>
    <ExtendedData>
      <Data name="id"><value>J-290-J-294</value></Data>
      <Data name="source"><value>J-290</value></Data>
      <Data name="target"><value>J-294</value></Data>
    </ExtendedData>
    <LineString>
      <coordinates>
        88.407242,24.190405
        88.408401,24.190678
      </coordinates>
    </LineString>
  </Placemark>
  <Placemark>
    <name>J-294-J-295</name>
    <ExtendedData>
      <Data name="id"><value>J-294-J-295</value></Data>
      <Data name="source"><value>J-294</value></Data>
      <Data name="target"><value>J-295</value></Data>
    </ExtendedData>
    <LineString>
      <coordinates>
        88.408401,24.190678
        88.408381,24.189141
      </coordinates>
    </LineString>
  </Placemark>
  <Placemark>
    <name>J-295-J-296</name>
    <ExtendedData>
      <Data name="id"><value>J-295-J-296</value></Data>
      <Data name="source"><value>J-295</value></Data>
      <Data name="target"><value>J-296</value></Data>
    </ExtendedData>
    <LineString>
      <coordinates>
        88.408381,24.189141
        88.409651,24.188592
      </coordinates>
    </LineString>
  </Placemark>
  <Placemark>
    <name>J-294-J-297</name>
    <ExtendedData>
      <Data name="id"><value>J-294-J-297</value></Data>
      <Data name="source"><value>J-294</value></Data>
      <Data name="target"><value>J-297</value></Data>
    </ExtendedData>
    <LineString>
      <coordinates>
        88.408401,24.190678
        88.410106,24.19276
      </coordinates>
    </LineString>
  </Placemark>
  <Placemark>
    <name>J-297-J-298</name>
    <ExtendedData>
      <Data name="id"><value>J-297-J-298</value></Data>
      <Data name="source"><value>J-297</value></Data>
      <Data name="target"><value>J-298</value></Data>
    </ExtendedData>
    <LineString>
      <coordinates>
        88.410106,24.19276
        88.411568,24.192751
      </coordinates>
    </LineString>
  </Placemark>
  <Placemark>
    <name>J-298-J-299</name>
    <ExtendedData>
      <Data name="id"><value>J-298-J-299</value></Data>
      <Data name="source"><value>J-298</value></Data>
      <Data name="target"><value>J-299</value></Data>
    </ExtendedData>
    <LineString>
      <coordinates>
        88.411568,24.192751
        88.411875,24.193094
      </coordinates>
    </LineString>
  </Placemark>
  <Placemark>
    <name>J-299-J-300</name>
    <ExtendedData>
      <Data name="id"><value>J-299-J-300</value></Data>
      <Data name="source"><value>J-299</value></Data>
      <Data name="target"><value>J-300</value></Data>
    </ExtendedData>
    <LineString>
      <coordinates>
        88.411875,24.193094
        88.412161,24.193583
      </coordinates>
    </LineString>
  </Placemark>
  <Placemark>
    <name>J-299-J-301</name>
    <ExtendedData>
      <Data name="id"><value>J-299-J-301</value></Data>
      <Data name="source"><value>J-299</value></Data>
      <Data name="target"><value>J-301</value></Data>
    </ExtendedData>
    <LineString>
      <coordinates>
        88.411875,24.193094
        88.412539,24.192506
      </coordinates>
    </LineString>
  </Placemark>
  <Placemark>
    <name>J-298-J-302</name>
    <ExtendedData>
      <Data name="id"><value>J-298-J-302</value></Data>
      <Data name="source"><value>J-298</value></Data>
      <Data name="target"><value>J-302</value></Data>
    </ExtendedData>
    <LineString>
      <coordinates>
        88.411568,24.192751
        88.410749,24.191855
      </coordinates>
    </LineString>
  </Placemark>
  <Placemark>
    <name>J-302-J-303</name>
    <ExtendedData>
      <Data name="id"><value>J-302-J-303</value></Data>
      <Data name="source"><value>J-302</value></Data>
      <Data name="target"><value>J-303</value></Data>
    </ExtendedData>
    <LineString>
      <coordinates>
        88.410749,24.191855
        88.410331,24.192276
      </coordinates>
    </LineString>
  </Placemark>
  <Placemark>
    <name>J-303-J-304</name>
    <ExtendedData>
      <Data name="id"><value>J-303-J-304</value></Data>
      <Data name="source"><value>J-303</value></Data>
      <Data name="target"><value>J-304</value></Data>
    </ExtendedData>
    <LineString>
      <coordinates>
        88.410331,24.192276
        88.410072,24.19262
      </coordinates>
    </LineString>
  </Placemark>
  <Placemark>
    <name>J-302-J-305</name>
    <ExtendedData>
      <Data name="id"><value>J-302-J-305</value></Data>
      <Data name="source"><value>J-302</value></Data>
      <Data name="target"><value>J-305</value></Data>
    </ExtendedData>
    <LineString>
      <coordinates>
        88.410749,24.191855
        88.411119,24.191373
      </coordinates>
    </LineString>
  </Placemark>
  <Placemark>
    <name>J-305-J-306</name>
    <ExtendedData>
      <Data name="id"><value>J-305-J-306</value></Data>
      <Data name="source"><value>J-305</value></Data>
      <Data name="target"><value>J-306</value></Data>
    </ExtendedData>
    <LineString>
      <coordinates>
        88.411119,24.191373
        88.410445,24.190704
      </coordinates>
    </LineString>
  </Placemark>
  <Placemark>
    <name>J-305-J-307</name>
    <ExtendedData>
      <Data name="id"><value>J-305-J-307</value></Data>
      <Data name="source"><value>J-305</value></Data>
      <Data name="target"><value>J-307</value></Data>
    </ExtendedData>
    <LineString>
      <coordinates>
        88.411119,24.191373
        88.411762,24.190962
      </coordinates>
    </LineString>
  </Placemark>
  <Placemark>
    <name>J-307-J-308</name>
    <ExtendedData>
      <Data name="id"><value>J-307-J-308</value></Data>
      <Data name="source"><value>J-307</value></Data>
      <Data name="target"><value>J-308</value></Data>
    </ExtendedData>
    <LineString>
      <coordinates>
        88.411762,24.190962
        88.410467,24.189812
      </coordinates>
    </LineString>
  </Placemark>
  <Placemark>
    <name>J-307-J-309</name>
    <ExtendedData>
      <Data name="id"><value>J-307-J-309</value></Data>
      <Data name="source"><value>J-307</value></Data>
      <Data name="target"><value>J-309</value></Data>
    </ExtendedData>
    <LineString>
      <coordinates>
        88.411762,24.190962
        88.414181,24.18882
      </coordinates>
    </LineString>
  </Placemark>
  <Placemark>
    <name>J-309-J-310</name>
    <ExtendedData>
      <Data name="id"><value>J-309-J-310</value></Data>
      <Data name="source"><value>J-309</value></Data>
      <Data name="target"><value>J-310</value></Data>
    </ExtendedData>
    <LineString>
      <coordinates>
        88.414181,24.18882
        88.415314,24.187797
      </coordinates>
    </LineString>
  </Placemark>
  <Placemark>
    <name>J-297-J-311</name>
    <ExtendedData>
      <Data name="id"><value>J-297-J-311</value></Data>
      <Data name="source"><value>J-297</value></Data>
      <Data name="target"><value>J-311</value></Data>
    </ExtendedData>
    <LineString>
      <coordinates>
        88.410106,24.19276
        88.412522,24.194161
      </coordinates>
    </LineString>
  </Placemark>
  <Placemark>
    <name>J-311-J-312</name>
    <ExtendedData>
      <Data name="id"><value>J-311-J-312</value></Data>
      <Data name="source"><value>J-311</value></Data>
      <Data name="target"><value>J-312</value></Data>
    </ExtendedData>
    <LineString>
      <coordinates>
        88.412522,24.194161
        88.413491,24.19479
      </coordinates>
    </LineString>
  </Placemark>
  <Placemark>
    <name>J-312-J-313</name>
    <ExtendedData>
      <Data name="id"><value>J-312-J-313</value></Data>
      <Data name="source"><value>J-312</value></Data>
      <Data name="target"><value>J-313</value></Data>
    </ExtendedData>
    <LineString>
      <coordinates>
        88.413491,24.19479
        88.415837,24.191661
      </coordinates>
    </LineString>
  </Placemark>
  <Placemark>
    <name>J-313-J-314</name>
    <ExtendedData>
      <Data name="id"><value>J-313-J-314</value></Data>
      <Data name="source"><value>J-313</value></Data>
      <Data name="target"><value>J-314</value></Data>
    </ExtendedData>
    <LineString>
      <coordinates>
        88.415837,24.191661
        88.417646,24.190332
      </coordinates>
    </LineString>
  </Placemark>
  <Placemark>
    <name>J-314-J-315</name>
    <ExtendedData>
      <Data name="id"><value>J-314-J-315</value></Data>
      <Data name="source"><value>J-314</value></Data>
      <Data name="target"><value>J-315</value></Data>
    </ExtendedData>
    <LineString>
      <coordinates>
        88.417646,24.190332
        88.418425,24.192309
      </coordinates>
    </LineString>
  </Placemark>
  <Placemark>
    <name>J-315-J-316</name>
    <ExtendedData>
      <Data name="id"><value>J-315-J-316</value></Data>
      <Data name="source"><value>J-315</value></Data>
      <Data name="target"><value>J-316</value></Data>
    </ExtendedData>
    <LineString>
      <coordinates>
        88.418425,24.192309
        88.418966,24.192747
      </coordinates>
    </LineString>
  </Placemark>
  <Placemark>
    <name>J-314-J-317</name>
    <ExtendedData>
      <Data name="id"><value>J-314-J-317</value></Data>
      <Data name="source"><value>J-314</value></Data>
      <Data name="target"><value>J-317</value></Data>
    </ExtendedData>
    <LineString>
      <coordinates>
        88.417646,24.190332
        88.419077,24.188646
      </coordinates>
    </LineString>
  </Placemark>
  <Placemark>
    <name>J-317-J-318</name>
    <ExtendedData>
      <Data name="id"><value>J-317-J-318</value></Data>
      <Data name="source"><value>J-317</value></Data>
      <Data name="target"><value>J-318</value></Data>
    </ExtendedData>
    <LineString>
      <coordinates>
        88.419077,24.188646
        88.420039,24.187588
      </coordinates>
    </LineString>
  </Placemark>
  <Placemark>
    <name>J-312-J-319</name>
    <ExtendedData>
      <Data name="id"><value>J-312-J-319</value></Data>
      <Data name="source"><value>J-312</value></Data>
      <Data name="target"><value>J-319</value></Data>
    </ExtendedData>
    <LineString>
      <coordinates>
        88.413491,24.19479
        88.414247,24.194747
      </coordinates>
    </LineString>
  </Placemark>
  <Placemark>
    <name>J-319-J-320</name>
    <ExtendedData>
      <Data name="id"><value>J-319-J-320</value></Data>
      <Data name="source"><value>J-319</value></Data>
      <Data name="target"><value>J-320</value></Data>
    </ExtendedData>
    <LineString>
      <coordinates>
        88.414247,24.194747
        88.415291,24.19336
      </coordinates>
    </LineString>
  </Placemark>
  <Placemark>
    <name>J-319-J-321</name>
    <ExtendedData>
      <Data name="id"><value>J-319-J-321</value></Data>
      <Data name="source"><value>J-319</value></Data>
      <Data name="target"><value>J-321</value></Data>
    </ExtendedData>
    <LineString>
      <coordinates>
        88.414247,24.194747
        88.414799,24.195045
      </coordinates>
    </LineString>
  </Placemark>
  <Placemark>
    <name>J-321-J-322</name>
    <ExtendedData>
      <Data name="id"><value>J-321-J-322</value></Data>
      <Data name="source"><value>J-321</value></Data>
      <Data name="target"><value>J-322</value></Data>
    </ExtendedData>
    <LineString>
      <coordinates>
        88.414799,24.195045
        88.415583,24.195772
      </coordinates>
    </LineString>
  </Placemark>
  <Placemark>
    <name>J-321-J-323</name>
    <ExtendedData>
      <Data name="id"><value>J-321-J-323</value></Data>
      <Data name="source"><value>J-321</value></Data>
      <Data name="target"><value>J-323</value></Data>
    </ExtendedData>
    <LineString>
      <coordinates>
        88.414799,24.195045
        88.417186,24.194015
      </coordinates>
    </LineString>
  </Placemark>
  <Placemark>
    <name>J-323-J-324</name>
    <ExtendedData>
      <Data name="id"><value>J-323-J-324</value></Data>
      <Data name="source"><value>J-323</value></Data>
      <Data name="target"><value>J-324</value></Data>
    </ExtendedData>
    <LineString>
      <coordinates>
        88.417186,24.194015
        88.418142,24.193307
      </coordinates>
    </LineString>
  </Placemark>
  <Placemark>
    <name>J-324-J-325</name>
    <ExtendedData>
      <Data name="id"><value>J-324-J-325</value></Data>
      <Data name="source"><value>J-324</value></Data>
      <Data name="target"><value>J-325</value></Data>
    </ExtendedData>
    <LineString>
      <coordinates>
        88.418142,24.193307
        88.421303,24.191978
      </coordinates>
    </LineString>
  </Placemark>
  <Placemark>
    <name>J-325-J-326</name>
    <ExtendedData>
      <Data name="id"><value>J-325-J-326</value></Data>
      <Data name="source"><value>J-325</value></Data>
      <Data name="target"><value>J-326</value></Data>
    </ExtendedData>
    <LineString>
      <coordinates>
        88.421303,24.191978
        88.422681,24.188954
      </coordinates>
    </LineString>
  </Placemark>
  <Placemark>
    <name>J-326-J-327</name>
    <ExtendedData>
      <Data name="id"><value>J-326-J-327</value></Data>
      <Data name="source"><value>J-326</value></Data>
      <Data name="target"><value>J-327</value></Data>
    </ExtendedData>
    <LineString>
      <coordinates>
        88.422681,24.188954
        88.424083,24.18763
      </coordinates>
    </LineString>
  </Placemark>
  <Placemark>
    <name>J-325-J-328</name>
    <ExtendedData>
      <Data name="id"><value>J-325-J-328</value></Data>
      <Data name="source"><value>J-325</value></Data>
      <Data name="target"><value>J-328</value></Data>
    </ExtendedData>
    <LineString>
      <coordinates>
        88.421303,24.191978
        88.423538,24.189187
      </coordinates>
    </LineString>
  </Placemark>
  <Placemark>
    <name>J-328-J-329</name>
    <ExtendedData>
      <Data name="id"><value>J-328-J-329</value></Data>
      <Data name="source"><value>J-328</value></Data>
      <Data name="target"><value>J-329</value></Data>
    </ExtendedData>
    <LineString>
      <coordinates>
        88.423538,24.189187
        88.425785,24.185016
      </coordinates>
    </LineString>
  </Placemark>
  <Placemark>
    <name>J-329-J-330</name>
    <ExtendedData>
      <Data name="id"><value>J-329-J-330</value></Data>
      <Data name="source"><value>J-329</value></Data>
      <Data name="target"><value>J-330</value></Data>
    </ExtendedData>
    <LineString>
      <coordinates>
        88.425785,24.185016
        88.426981,24.183518
      </coordinates>
    </LineString>
  </Placemark>
  <Placemark>
    <name>J-328-J-331</name>
    <ExtendedData>
      <Data name="id"><value>J-328-J-331</value></Data>
      <Data name="source"><value>J-328</value></Data>
      <Data name="target"><value>J-331</value></Data>
    </ExtendedData>
    <LineString>
      <coordinates>
        88.423538,24.189187
        88.426037,24.18612
      </coordinates>
    </LineString>
  </Placemark>
  <Placemark>
    <name>J-331-J-332</name>
    <ExtendedData>
      <Data name="id"><value>J-331-J-332</value></Data>
      <Data name="source"><value>J-331</value></Data>
      <Data name="target"><value>J-332</value></Data>
    </ExtendedData>
    <LineString>
      <coordinates>
        88.426037,24.18612
        88.427383,24.184451
      </coordinates>
    </LineString>
  </Placemark>
  <Placemark>
    <name>J-332-J-333</name>
    <ExtendedData>
      <Data name="id"><value>J-332-J-333</value></Data>
      <Data name="source"><value>J-332</value></Data>
      <Data name="target"><value>J-333</value></Data>
    </ExtendedData>
    <LineString>
      <coordinates>
        88.427383,24.184451
        88.427448,24.183716
      </coordinates>
    </LineString>
  </Placemark>
  <Placemark>
    <name>J-146-J-334</name>
    <ExtendedData>
      <Data name="id"><value>J-146-J-334</value></Data>
      <Data name="source"><value>J-146</value></Data>
      <Data name="target"><value>J-334</value></Data>
    </ExtendedData>
    <LineString>
      <coordinates>
        88.376795,24.166736
        88.37404,24.167252
      </coordinates>
    </LineString>
  </Placemark>
  <Placemark>
    <name>J-334-J-335</name>
    <ExtendedData>
      <Data name="id"><value>J-334-J-335</value></Data>
      <Data name="source"><value>J-334</value></Data>
      <Data name="target"><value>J-335</value></Data>
    </ExtendedData>
    <LineString>
      <coordinates>
        88.37404,24.167252
        88.369166,24.168264
      </coordinates>
    </LineString>
  </Placemark>
  <Placemark>
    <name>J-335-J-336</name>
    <ExtendedData>
      <Data name="id"><value>J-335-J-336</value></Data>
      <Data name="source"><value>J-335</value></Data>
      <Data name="target"><value>J-336</value></Data>
    </ExtendedData>
    <LineString>
      <coordinates>
        88.369166,24.168264
        88.365006,24.169642
      </coordinates>
    </LineString>
  </Placemark>
  <Placemark>
    <name>J-336-J-337</name>
    <ExtendedData>
      <Data name="id"><value>J-336-J-337</value></Data>
      <Data name="source"><value>J-336</value></Data>
      <Data name="target"><value>J-337</value></Data>
    </ExtendedData>
    <LineString>
      <coordinates>
        88.365006,24.169642
        88.363592,24.169876
      </coordinates>
    </LineString>
  </Placemark>
</Document>
</kml>