<?xml version="1.0" encoding="UTF-8"?>
<kml xmlns="http://www.opengis.net/kml/2.2">
<Document>
  <name>Ayeshbag Distribution Central Sector Part-I-E1 (1100M3)</name>
  <Placemark>
    <name>J-1</name>
    <ExtendedData>
      <Data name="id"><value>J-1</value></Data>
    </ExtendedData>
    <Point>
      <coordinates>88.2975474,24.1530708</coordinates>
    </Point>
  </Placemark>
  <Placemark>
    <name>J-2</name>
    <ExtendedData>
      <Data name="id"><value>J-2</value></Data>
    </ExtendedData>
    <Point>
      <coordinates>88.2981196,24.1531609</coordinates>
    </Point>
  </Placemark>
  <Placemark>
    <name>J-3</name>
    <ExtendedData>
      <Data name="id"><value>J-3</value></Data>
    </ExtendedData>
    <Point>
      <coordinates>88.2977851,24.1584665</coordinates>
    </Point>
  </Placemark>
  <Placemark>
    <name>J-4</name>
    <ExtendedData>
      <Data name="id"><value>J-4</value></Data>
    </ExtendedData>
    <Point>
      <coordinates>88.2990944,24.1582877</coordinates>
    </Point>
  </Placemark>
  <Placemark>
    <name>J-5</name>
    <ExtendedData>
      <Data name="id"><value>J-5</value></Data>
    </ExtendedData>
    <Point>
      <coordinates>88.2970064,24.1599857</coordinates>
    </Point>
  </Placemark>
  <Placemark>
    <name>J-6</name>
    <ExtendedData>
      <Data name="id"><value>J-6</value></Data>
    </ExtendedData>
    <Point>
      <coordinates>88.2991708,24.159731</coordinates>
    </Point>
  </Placemark>
  <Placemark>
    <name>J-7</name>
    <ExtendedData>
      <Data name="id"><value>J-7</value></Data>
    </ExtendedData>
    <Point>
      <coordinates>88.2991499,24.1599517</coordinates>
    </Point>
  </Placemark>
  <Placemark>
    <name>J-8</name>
    <ExtendedData>
      <Data name="id"><value>J-8</value></Data>
    </ExtendedData>
    <Point>
      <coordinates>88.2995555,24.1597174</coordinates>
    </Point>
  </Placemark>
  <Placemark>
    <name>J-9</name>
    <ExtendedData>
      <Data name="id"><value>J-9</value></Data>
    </ExtendedData>
    <Point>
      <coordinates>88.2997108,24.1594838</coordinates>
    </Point>
  </Placemark>
  <Placemark>
    <name>J-11</name>
    <ExtendedData>
      <Data name="id"><value>J-11</value></Data>
    </ExtendedData>
    <Point>
      <coordinates>88.2968627,24.1601232</coordinates>
    </Point>
  </Placemark>
  <Placemark>
    <name>J-12</name>
    <ExtendedData>
      <Data name="id"><value>J-12</value></Data>
    </ExtendedData>
    <Point>
      <coordinates>88.2982491,24.1602525</coordinates>
    </Point>
  </Placemark>
  <Placemark>
    <name>J-13</name>
    <ExtendedData>
      <Data name="id"><value>J-13</value></Data>
    </ExtendedData>
    <Point>
      <coordinates>88.2991009,24.1599777</coordinates>
    </Point>
  </Placemark>
  <Placemark>
    <name>J-14</name>
    <ExtendedData>
      <Data name="id"><value>J-14</value></Data>
    </ExtendedData>
    <Point>
      <coordinates>88.2985128,24.1610578</coordinates>
    </Point>
  </Placemark>
  <Placemark>
    <name>J-15</name>
    <ExtendedData>
      <Data name="id"><value>J-15</value></Data>
    </ExtendedData>
    <Point>
      <coordinates>88.299927,24.1608929</coordinates>
    </Point>
  </Placemark>
  <Placemark>
    <name>J-28</name>
    <ExtendedData>
      <Data name="id"><value>J-28</value></Data>
    </ExtendedData>
    <Point>
      <coordinates>88.2990452,24.1593848</coordinates>
    </Point>
  </Placemark>
  <Placemark>
    <name>J-30</name>
    <ExtendedData>
      <Data name="id"><value>J-30</value></Data>
    </ExtendedData>
    <Point>
      <coordinates>88.2957436,24.1527744</coordinates>
    </Point>
  </Placemark>
  <Placemark>
    <name>J-78</name>
    <ExtendedData>
      <Data name="id"><value>J-78</value></Data>
    </ExtendedData>
    <Point>
      <coordinates>88.2984815,24.1531931</coordinates>
    </Point>
  </Placemark>
  <Placemark>
    <name>J-79</name>
    <ExtendedData>
      <Data name="id"><value>J-79</value></Data>
    </ExtendedData>
    <Point>
      <coordinates>88.2991632,24.1578619</coordinates>
    </Point>
  </Placemark>
  <Placemark>
    <name>J-80</name>
    <ExtendedData>
      <Data name="id"><value>J-80</value></Data>
    </ExtendedData>
    <Point>
      <coordinates>88.3013956,24.1574598</coordinates>
    </Point>
  </Placemark>
  <Placemark>
    <name>J-81</name>
    <ExtendedData>
      <Data name="id"><value>J-81</value></Data>
    </ExtendedData>
    <Point>
      <coordinates>88.299318,24.1589257</coordinates>
    </Point>
  </Placemark>
  <Placemark>
    <name>J-82</name>
    <ExtendedData>
      <Data name="id"><value>J-82</value></Data>
    </ExtendedData>
    <Point>
      <coordinates>88.2997085,24.1594524</coordinates>
    </Point>
  </Placemark>
  <Placemark>
    <name>J-83</name>
    <ExtendedData>
      <Data name="id"><value>J-83</value></Data>
    </ExtendedData>
    <Point>
      <coordinates>88.2990447,24.159343</coordinates>
    </Point>
  </Placemark>
  <Placemark>
    <name>J-84</name>
    <ExtendedData>
      <Data name="id"><value>J-84</value></Data>
    </ExtendedData>
    <Point>
      <coordinates>88.3016466,24.1590608</coordinates>
    </Point>
  </Placemark>
  <Placemark>
    <name>J-85</name>
    <ExtendedData>
      <Data name="id"><value>J-85</value></Data>
    </ExtendedData>
    <Point>
      <coordinates>88.2996606,24.1590078</coordinates>
    </Point>
  </Placemark>
  <Placemark>
    <name>J-86</name>
    <ExtendedData>
      <Data name="id"><value>J-86</value></Data>
    </ExtendedData>
    <Point>
      <coordinates>88.301742,24.1599188</coordinates>
    </Point>
  </Placemark>
  <Placemark>
    <name>J-87</name>
    <ExtendedData>
      <Data name="id"><value>J-87</value></Data>
    </ExtendedData>
    <Point>
      <coordinates>88.3019148,24.157175</coordinates>
    </Point>
  </Placemark>
  <Placemark>
    <name>J-88</name>
    <ExtendedData>
      <Data name="id"><value>J-88</value></Data>
    </ExtendedData>
    <Point>
      <coordinates>88.3018963,24.1575234</coordinates>
    </Point>
  </Placemark>
  <Placemark>
    <name>J-89</name>
    <ExtendedData>
      <Data name="id"><value>J-89</value></Data>
    </ExtendedData>
    <Point>
      <coordinates>88.3030546,24.1567145</coordinates>
    </Point>
  </Placemark>
  <Placemark>
    <name>J-90</name>
    <ExtendedData>
      <Data name="id"><value>J-90</value></Data>
    </ExtendedData>
    <Point>
      <coordinates>88.3038281,24.1567521</coordinates>
    </Point>
  </Placemark>
  <Placemark>
    <name>J-91</name>
    <ExtendedData>
      <Data name="id"><value>J-91</value></Data>
    </ExtendedData>
    <Point>
      <coordinates>88.3033767,24.155492</coordinates>
    </Point>
  </Placemark>
  <Placemark>
    <name>J-92</name>
    <ExtendedData>
      <Data name="id"><value>J-92</value></Data>
    </ExtendedData>
    <Point>
      <coordinates>88.298568,24.1531734</coordinates>
    </Point>
  </Placemark>
  <Placemark>
    <name>J-93</name>
    <ExtendedData>
      <Data name="id"><value>J-93</value></Data>
    </ExtendedData>
    <Point>
      <coordinates>88.2985869,24.1523645</coordinates>
    </Point>
  </Placemark>
  <Placemark>
    <name>J-94</name>
    <ExtendedData>
      <Data name="id"><value>J-94</value></Data>
    </ExtendedData>
    <Point>
      <coordinates>88.2998806,24.1531258</coordinates>
    </Point>
  </Placemark>
  <Placemark>
    <name>J-95</name>
    <ExtendedData>
      <Data name="id"><value>J-95</value></Data>
    </ExtendedData>
    <Point>
      <coordinates>88.3009222,24.1561183</coordinates>
    </Point>
  </Placemark>
  <Placemark>
    <name>J-96</name>
    <ExtendedData>
      <Data name="id"><value>J-96</value></Data>
    </ExtendedData>
    <Point>
      <coordinates>88.2989964,24.1564946</coordinates>
    </Point>
  </Placemark>
  <Placemark>
    <name>J-97</name>
    <ExtendedData>
      <Data name="id"><value>J-97</value></Data>
    </ExtendedData>
    <Point>
      <coordinates>88.3012518,24.157446</coordinates>
    </Point>
  </Placemark>
  <Placemark>
    <name>J-98</name>
    <ExtendedData>
      <Data name="id"><value>J-98</value></Data>
    </ExtendedData>
    <Point>
      <coordinates>88.3019912,24.1555004</coordinates>
    </Point>
  </Placemark>
  <Placemark>
    <name>J-99</name>
    <ExtendedData>
      <Data name="id"><value>J-99</value></Data>
    </ExtendedData>
    <Point>
      <coordinates>88.2999774,24.153122</coordinates>
    </Point>
  </Placemark>
  <Placemark>
    <name>J-100</name>
    <ExtendedData>
      <Data name="id"><value>J-100</value></Data>
    </ExtendedData>
    <Point>
      <coordinates>88.2996709,24.1521076</coordinates>
    </Point>
  </Placemark>
  <Placemark>
    <name>J-101</name>
    <ExtendedData>
      <Data name="id"><value>J-101</value></Data>
    </ExtendedData>
    <Point>
      <coordinates>88.2984498,24.1514694</coordinates>
    </Point>
  </Placemark>
  <Placemark>
    <name>J-102</name>
    <ExtendedData>
      <Data name="id"><value>J-102</value></Data>
    </ExtendedData>
    <Point>
      <coordinates>88.299646,24.1520755</coordinates>
    </Point>
  </Placemark>
  <Placemark>
    <name>J-103</name>
    <ExtendedData>
      <Data name="id"><value>J-103</value></Data>
    </ExtendedData>
    <Point>
      <coordinates>88.29842,24.1509322</coordinates>
    </Point>
  </Placemark>
  <Placemark>
    <name>J-104</name>
    <ExtendedData>
      <Data name="id"><value>J-104</value></Data>
    </ExtendedData>
    <Point>
      <coordinates>88.2957462,24.1489822</coordinates>
    </Point>
  </Placemark>
  <Placemark>
    <name>J-105</name>
    <ExtendedData>
      <Data name="id"><value>J-105</value></Data>
    </ExtendedData>
    <Point>
      <coordinates>88.2969279,24.148698</coordinates>
    </Point>
  </Placemark>
  <Placemark>
    <name>J-106</name>
    <ExtendedData>
      <Data name="id"><value>J-106</value></Data>
    </ExtendedData>
    <Point>
      <coordinates>88.2953203,24.1466852</coordinates>
    </Point>
  </Placemark>
  <Placemark>
    <name>J-107</name>
    <ExtendedData>
      <Data name="id"><value>J-107</value></Data>
    </ExtendedData>
    <Point>
      <coordinates>88.2952301,24.1463691</coordinates>
    </Point>
  </Placemark>
  <Placemark>
    <name>J-108</name>
    <ExtendedData>
      <Data name="id"><value>J-108</value></Data>
    </ExtendedData>
    <Point>
      <coordinates>88.2958311,24.1463589</coordinates>
    </Point>
  </Placemark>
  <Placemark>
    <name>J-115</name>
    <ExtendedData>
      <Data name="id"><value>J-115</value></Data>
    </ExtendedData>
    <Point>
      <coordinates>88.2949942,24.1447451</coordinates>
    </Point>
  </Placemark>
  <Placemark>
    <name>J-118</name>
    <ExtendedData>
      <Data name="id"><value>J-118</value></Data>
    </ExtendedData>
    <Point>
      <coordinates>88.3003965,24.1477489</coordinates>
    </Point>
  </Placemark>
  <Placemark>
    <name>J-119</name>
    <ExtendedData>
      <Data name="id"><value>J-119</value></Data>
    </ExtendedData>
    <Point>
      <coordinates>88.3062184,24.147468</coordinates>
    </Point>
  </Placemark>
  <Placemark>
    <name>J-120</name>
    <ExtendedData>
      <Data name="id"><value>J-120</value></Data>
    </ExtendedData>
    <Point>
      <coordinates>88.3114576,24.1512811</coordinates>
    </Point>
  </Placemark>
  <Placemark>
    <name>J-121</name>
    <ExtendedData>
      <Data name="id"><value>J-121</value></Data>
    </ExtendedData>
    <Point>
      <coordinates>88.3088011,24.1474992</coordinates>
    </Point>
  </Placemark>
  <Placemark>
    <name>J-122</name>
    <ExtendedData>
      <Data name="id"><value>J-122</value></Data>
    </ExtendedData>
    <Point>
      <coordinates>88.308878,24.1493108</coordinates>
    </Point>
  </Placemark>
  <Placemark>
    <name>J-123</name>
    <ExtendedData>
      <Data name="id"><value>J-123</value></Data>
    </ExtendedData>
    <Point>
      <coordinates>88.3109001,24.1476094</coordinates>
    </Point>
  </Placemark>
  <Placemark>
    <name>J-124</name>
    <ExtendedData>
      <Data name="id"><value>J-124</value></Data>
    </ExtendedData>
    <Point>
      <coordinates>88.311545,24.1512825</coordinates>
    </Point>
  </Placemark>
  <Placemark>
    <name>J-125</name>
    <ExtendedData>
      <Data name="id"><value>J-125</value></Data>
    </ExtendedData>
    <Point>
      <coordinates>88.3108377,24.1463552</coordinates>
    </Point>
  </Placemark>
  <Placemark>
    <name>J-126</name>
    <ExtendedData>
      <Data name="id"><value>J-126</value></Data>
    </ExtendedData>
    <Point>
      <coordinates>88.3107875,24.1445626</coordinates>
    </Point>
  </Placemark>
  <Placemark>
    <name>J-127</name>
    <ExtendedData>
      <Data name="id"><value>J-127</value></Data>
    </ExtendedData>
    <Point>
      <coordinates>88.3005951,24.1459429</coordinates>
    </Point>
  </Placemark>
  <Placemark>
    <name>J-128</name>
    <ExtendedData>
      <Data name="id"><value>J-128</value></Data>
    </ExtendedData>
    <Point>
      <coordinates>88.30191,24.1459704</coordinates>
    </Point>
  </Placemark>
  <Placemark>
    <name>J-129</name>
    <ExtendedData>
      <Data name="id"><value>J-129</value></Data>
    </ExtendedData>
    <Point>
      <coordinates>88.3021401,24.1459838</coordinates>
    </Point>
  </Placemark>
  <Placemark>
    <name>J-130</name>
    <ExtendedData>
      <Data name="id"><value>J-130</value></Data>
    </ExtendedData>
    <Point>
      <coordinates>88.3020677,24.1473433</coordinates>
    </Point>
  </Placemark>
  <Placemark>
    <name>J-131</name>
    <ExtendedData>
      <Data name="id"><value>J-131</value></Data>
    </ExtendedData>
    <Point>
      <coordinates>88.3026956,24.1474019</coordinates>
    </Point>
  </Placemark>
  <Placemark>
    <name>J-132</name>
    <ExtendedData>
      <Data name="id"><value>J-132</value></Data>
    </ExtendedData>
    <Point>
      <coordinates>88.3009969,24.1476186</coordinates>
    </Point>
  </Placemark>
  <Placemark>
    <name>J-133</name>
    <ExtendedData>
      <Data name="id"><value>J-133</value></Data>
    </ExtendedData>
    <Point>
      <coordinates>88.3035957,24.1459935</coordinates>
    </Point>
  </Placemark>
  <Placemark>
    <name>J-134</name>
    <ExtendedData>
      <Data name="id"><value>J-134</value></Data>
    </ExtendedData>
    <Point>
      <coordinates>88.3048642,24.1460297</coordinates>
    </Point>
  </Placemark>
  <Placemark>
    <name>J-135</name>
    <ExtendedData>
      <Data name="id"><value>J-135</value></Data>
    </ExtendedData>
    <Point>
      <coordinates>88.3035268,24.1455343</coordinates>
    </Point>
  </Placemark>
  <Placemark>
    <name>J-136</name>
    <ExtendedData>
      <Data name="id"><value>J-136</value></Data>
    </ExtendedData>
    <Point>
      <coordinates>88.3018846,24.1451746</coordinates>
    </Point>
  </Placemark>
  <Placemark>
    <name>J-137</name>
    <ExtendedData>
      <Data name="id"><value>J-137</value></Data>
    </ExtendedData>
    <Point>
      <coordinates>88.3002579,24.1445043</coordinates>
    </Point>
  </Placemark>
  <Placemark>
    <name>J-138</name>
    <ExtendedData>
      <Data name="id"><value>J-138</value></Data>
    </ExtendedData>
    <Point>
      <coordinates>88.3018822,24.1445627</coordinates>
    </Point>
  </Placemark>
  <Placemark>
    <name>J-139</name>
    <ExtendedData>
      <Data name="id"><value>J-139</value></Data>
    </ExtendedData>
    <Point>
      <coordinates>88.3018877,24.1451044</coordinates>
    </Point>
  </Placemark>
  <Placemark>
    <name>J-140</name>
    <ExtendedData>
      <Data name="id"><value>J-140</value></Data>
    </ExtendedData>
    <Point>
      <coordinates>88.3032439,24.1447809</coordinates>
    </Point>
  </Placemark>
  <Placemark>
    <name>J-141</name>
    <ExtendedData>
      <Data name="id"><value>J-141</value></Data>
    </ExtendedData>
    <Point>
      <coordinates>88.303295,24.1453786</coordinates>
    </Point>
  </Placemark>
  <Placemark>
    <name>J-142</name>
    <ExtendedData>
      <Data name="id"><value>J-142</value></Data>
    </ExtendedData>
    <Point>
      <coordinates>88.30348,24.1455126</coordinates>
    </Point>
  </Placemark>
  <Placemark>
    <name>J-143</name>
    <ExtendedData>
      <Data name="id"><value>J-143</value></Data>
    </ExtendedData>
    <Point>
      <coordinates>88.3044616,24.1454926</coordinates>
    </Point>
  </Placemark>
  <Placemark>
    <name>J-144</name>
    <ExtendedData>
      <Data name="id"><value>J-144</value></Data>
    </ExtendedData>
    <Point>
      <coordinates>88.3031828,24.1437437</coordinates>
    </Point>
  </Placemark>
  <Placemark>
    <name>J-145</name>
    <ExtendedData>
      <Data name="id"><value>J-145</value></Data>
    </ExtendedData>
    <Point>
      <coordinates>88.3041103,24.1448361</coordinates>
    </Point>
  </Placemark>
  <Placemark>
    <name>J-146</name>
    <ExtendedData>
      <Data name="id"><value>J-146</value></Data>
    </ExtendedData>
    <Point>
      <coordinates>88.3040275,24.143877</coordinates>
    </Point>
  </Placemark>
  <Placemark>
    <name>J-147</name>
    <ExtendedData>
      <Data name="id"><value>J-147</value></Data>
    </ExtendedData>
    <Point>
      <coordinates>88.3052363,24.1448101</coordinates>
    </Point>
  </Placemark>
  <Placemark>
    <name>J-148</name>
    <ExtendedData>
      <Data name="id"><value>J-148</value></Data>
    </ExtendedData>
    <Point>
      <coordinates>88.3049872,24.1441742</coordinates>
    </Point>
  </Placemark>
  <Placemark>
    <name>J-149</name>
    <ExtendedData>
      <Data name="id"><value>J-149</value></Data>
    </ExtendedData>
    <Point>
      <coordinates>88.306046,24.1447978</coordinates>
    </Point>
  </Placemark>
  <Placemark>
    <name>J-150</name>
    <ExtendedData>
      <Data name="id"><value>J-150</value></Data>
    </ExtendedData>
    <Point>
      <coordinates>88.3018465,24.1429554</coordinates>
    </Point>
  </Placemark>
  <Placemark>
    <name>J-151</name>
    <ExtendedData>
      <Data name="id"><value>J-151</value></Data>
    </ExtendedData>
    <Point>
      <coordinates>88.2999828,24.1434701</coordinates>
    </Point>
  </Placemark>
  <Placemark>
    <name>J-152</name>
    <ExtendedData>
      <Data name="id"><value>J-152</value></Data>
    </ExtendedData>
    <Point>
      <coordinates>88.300954,24.1423798</coordinates>
    </Point>
  </Placemark>
  <Placemark>
    <name>J-153</name>
    <ExtendedData>
      <Data name="id"><value>J-153</value></Data>
    </ExtendedData>
    <Point>
      <coordinates>88.3025344,24.1433112</coordinates>
    </Point>
  </Placemark>
  <Placemark>
    <name>J-154</name>
    <ExtendedData>
      <Data name="id"><value>J-154</value></Data>
    </ExtendedData>
    <Point>
      <coordinates>88.3046008,24.1434499</coordinates>
    </Point>
  </Placemark>
  <Placemark>
    <name>J-155</name>
    <ExtendedData>
      <Data name="id"><value>J-155</value></Data>
    </ExtendedData>
    <Point>
      <coordinates>88.3047696,24.14393</coordinates>
    </Point>
  </Placemark>
  <Placemark>
    <name>J-156</name>
    <ExtendedData>
      <Data name="id"><value>J-156</value></Data>
    </ExtendedData>
    <Point>
      <coordinates>88.3049064,24.1441605</coordinates>
    </Point>
  </Placemark>
  <Placemark>
    <name>J-157</name>
    <ExtendedData>
      <Data name="id"><value>J-157</value></Data>
    </ExtendedData>
    <Point>
      <coordinates>88.305933,24.1437615</coordinates>
    </Point>
  </Placemark>
  <Placemark>
    <name>J-158</name>
    <ExtendedData>
      <Data name="id"><value>J-158</value></Data>
    </ExtendedData>
    <Point>
      <coordinates>88.3060644,24.1447505</coordinates>
    </Point>
  </Placemark>
  <Placemark>
    <name>J-159</name>
    <ExtendedData>
      <Data name="id"><value>J-159</value></Data>
    </ExtendedData>
    <Point>
      <coordinates>88.2985219,24.1410924</coordinates>
    </Point>
  </Placemark>
  <Placemark>
    <name>J-160</name>
    <ExtendedData>
      <Data name="id"><value>J-160</value></Data>
    </ExtendedData>
    <Point>
      <coordinates>88.2980279,24.141147</coordinates>
    </Point>
  </Placemark>
  <Placemark>
    <name>J-161</name>
    <ExtendedData>
      <Data name="id"><value>J-161</value></Data>
    </ExtendedData>
    <Point>
      <coordinates>88.2993371,24.1407444</coordinates>
    </Point>
  </Placemark>
  <Placemark>
    <name>J-162</name>
    <ExtendedData>
      <Data name="id"><value>J-162</value></Data>
    </ExtendedData>
    <Point>
      <coordinates>88.2999129,24.1415015</coordinates>
    </Point>
  </Placemark>
  <Placemark>
    <name>J-163</name>
    <ExtendedData>
      <Data name="id"><value>J-163</value></Data>
    </ExtendedData>
    <Point>
      <coordinates>88.2987375,24.1400226</coordinates>
    </Point>
  </Placemark>
  <Placemark>
    <name>J-164</name>
    <ExtendedData>
      <Data name="id"><value>J-164</value></Data>
    </ExtendedData>
    <Point>
      <coordinates>88.3011932,24.1407436</coordinates>
    </Point>
  </Placemark>
  <Placemark>
    <name>J-165</name>
    <ExtendedData>
      <Data name="id"><value>J-165</value></Data>
    </ExtendedData>
    <Point>
      <coordinates>88.3030397,24.1375695</coordinates>
    </Point>
  </Placemark>
  <Placemark>
    <name>J-166</name>
    <ExtendedData>
      <Data name="id"><value>J-166</value></Data>
    </ExtendedData>
    <Point>
      <coordinates>88.3054655,24.1371918</coordinates>
    </Point>
  </Placemark>
  <Placemark>
    <name>J-167</name>
    <ExtendedData>
      <Data name="id"><value>J-167</value></Data>
    </ExtendedData>
    <Point>
      <coordinates>88.3087596,24.1383008</coordinates>
    </Point>
  </Placemark>
  <Placemark>
    <name>J-168</name>
    <ExtendedData>
      <Data name="id"><value>J-168</value></Data>
    </ExtendedData>
    <Point>
      <coordinates>88.3100977,24.1380204</coordinates>
    </Point>
  </Placemark>
  <Placemark>
    <name>J-169</name>
    <ExtendedData>
      <Data name="id"><value>J-169</value></Data>
    </ExtendedData>
    <Point>
      <coordinates>88.3102661,24.1396011</coordinates>
    </Point>
  </Placemark>
  <Placemark>
    <name>J-170</name>
    <ExtendedData>
      <Data name="id"><value>J-170</value></Data>
    </ExtendedData>
    <Point>
      <coordinates>88.3094571,24.1397133</coordinates>
    </Point>
  </Placemark>
  <Placemark>
    <name>J-171</name>
    <ExtendedData>
      <Data name="id"><value>J-171</value></Data>
    </ExtendedData>
    <Point>
      <coordinates>88.3104982,24.1405281</coordinates>
    </Point>
  </Placemark>
  <Placemark>
    <name>J-172</name>
    <ExtendedData>
      <Data name="id"><value>J-172</value></Data>
    </ExtendedData>
    <Point>
      <coordinates>88.3112302,24.140508</coordinates>
    </Point>
  </Placemark>
  <Placemark>
    <name>J-173</name>
    <ExtendedData>
      <Data name="id"><value>J-173</value></Data>
    </ExtendedData>
    <Point>
      <coordinates>88.310589,24.1414096</coordinates>
    </Point>
  </Placemark>
  <Placemark>
    <name>J-174</name>
    <ExtendedData>
      <Data name="id"><value>J-174</value></Data>
    </ExtendedData>
    <Point>
      <coordinates>88.3111748,24.1414071</coordinates>
    </Point>
  </Placemark>
  <Placemark>
    <name>J-175</name>
    <ExtendedData>
      <Data name="id"><value>J-175</value></Data>
    </ExtendedData>
    <Point>
      <coordinates>88.3108632,24.1426891</coordinates>
    </Point>
  </Placemark>
  <Placemark>
    <name>J-176</name>
    <ExtendedData>
      <Data name="id"><value>J-176</value></Data>
    </ExtendedData>
    <Point>
      <coordinates>88.3107924,24.1444764</coordinates>
    </Point>
  </Placemark>
  <Placemark>
    <name>J-177</name>
    <ExtendedData>
      <Data name="id"><value>J-177</value></Data>
    </ExtendedData>
    <Point>
      <coordinates>88.3145293,24.1437144</coordinates>
    </Point>
  </Placemark>
  <Placemark>
    <name>J-178</name>
    <ExtendedData>
      <Data name="id"><value>J-178</value></Data>
    </ExtendedData>
    <Point>
      <coordinates>88.3184111,24.1439145</coordinates>
    </Point>
  </Placemark>
  <Placemark>
    <name>J-179</name>
    <ExtendedData>
      <Data name="id"><value>J-179</value></Data>
    </ExtendedData>
    <Point>
      <coordinates>88.3029523,24.1364296</coordinates>
    </Point>
  </Placemark>
  <Placemark>
    <name>J-180</name>
    <ExtendedData>
      <Data name="id"><value>J-180</value></Data>
    </ExtendedData>
    <Point>
      <coordinates>88.3039688,24.1362809</coordinates>
    </Point>
  </Placemark>
  <Placemark>
    <name>J-181</name>
    <ExtendedData>
      <Data name="id"><value>J-181</value></Data>
    </ExtendedData>
    <Point>
      <coordinates>88.3033406,24.1344764</coordinates>
    </Point>
  </Placemark>
  <Placemark>
    <name>J-182</name>
    <ExtendedData>
      <Data name="id"><value>J-182</value></Data>
    </ExtendedData>
    <Point>
      <coordinates>88.3077117,24.1334332</coordinates>
    </Point>
  </Placemark>
  <Placemark>
    <name>J-183</name>
    <ExtendedData>
      <Data name="id"><value>J-183</value></Data>
    </ExtendedData>
    <Point>
      <coordinates>88.3066408,24.134519</coordinates>
    </Point>
  </Placemark>
  <Placemark>
    <name>J-184</name>
    <ExtendedData>
      <Data name="id"><value>J-184</value></Data>
    </ExtendedData>
    <Point>
      <coordinates>88.3076748,24.1327384</coordinates>
    </Point>
  </Placemark>
  <Placemark>
    <name>J-185</name>
    <ExtendedData>
      <Data name="id"><value>J-185</value></Data>
    </ExtendedData>
    <Point>
      <coordinates>88.3087319,24.1324507</coordinates>
    </Point>
  </Placemark>
  <Placemark>
    <name>J-186</name>
    <ExtendedData>
      <Data name="id"><value>J-186</value></Data>
    </ExtendedData>
    <Point>
      <coordinates>88.3090694,24.1324345</coordinates>
    </Point>
  </Placemark>
  <Placemark>
    <name>J-187</name>
    <ExtendedData>
      <Data name="id"><value>J-187</value></Data>
    </ExtendedData>
    <Point>
      <coordinates>88.3090292,24.1319153</coordinates>
    </Point>
  </Placemark>
  <Placemark>
    <name>J-188</name>
    <ExtendedData>
      <Data name="id"><value>J-188</value></Data>
    </ExtendedData>
    <Point>
      <coordinates>88.3099648,24.1326353</coordinates>
    </Point>
  </Placemark>
  <Placemark>
    <name>J-189</name>
    <ExtendedData>
      <Data name="id"><value>J-189</value></Data>
    </ExtendedData>
    <Point>
      <coordinates>88.3104971,24.1326548</coordinates>
    </Point>
  </Placemark>
  <Placemark>
    <name>J-190</name>
    <ExtendedData>
      <Data name="id"><value>J-190</value></Data>
    </ExtendedData>
    <Point>
      <coordinates>88.3085837,24.1322443</coordinates>
    </Point>
  </Placemark>
  <Placemark>
    <name>J-191</name>
    <ExtendedData>
      <Data name="id"><value>J-191</value></Data>
    </ExtendedData>
    <Point>
      <coordinates>88.3076423,24.1324133</coordinates>
    </Point>
  </Placemark>
  <Placemark>
    <name>J-192</name>
    <ExtendedData>
      <Data name="id"><value>J-192</value></Data>
    </ExtendedData>
    <Point>
      <coordinates>88.3085395,24.1322405</coordinates>
    </Point>
  </Placemark>
  <Placemark>
    <name>J-193</name>
    <ExtendedData>
      <Data name="id"><value>J-193</value></Data>
    </ExtendedData>
    <Point>
      <coordinates>88.3074167,24.1290186</coordinates>
    </Point>
  </Placemark>
  <Placemark>
    <name>J-194</name>
    <ExtendedData>
      <Data name="id"><value>J-194</value></Data>
    </ExtendedData>
    <Point>
      <coordinates>88.3060177,24.1291372</coordinates>
    </Point>
  </Placemark>
  <Placemark>
    <name>J-195</name>
    <ExtendedData>
      <Data name="id"><value>J-195</value></Data>
    </ExtendedData>
    <Point>
      <coordinates>88.3074884,24.1269761</coordinates>
    </Point>
  </Placemark>
  <Placemark>
    <name>J-196</name>
    <ExtendedData>
      <Data name="id"><value>J-196</value></Data>
    </ExtendedData>
    <Point>
      <coordinates>88.303996,24.1327628</coordinates>
    </Point>
  </Placemark>
  <Placemark>
    <name>J-197</name>
    <ExtendedData>
      <Data name="id"><value>J-197</value></Data>
    </ExtendedData>
    <Point>
      <coordinates>88.300898,24.1316067</coordinates>
    </Point>
  </Placemark>
  <Placemark>
    <name>J-198</name>
    <ExtendedData>
      <Data name="id"><value>J-198</value></Data>
    </ExtendedData>
    <Point>
      <coordinates>88.3007224,24.1293255</coordinates>
    </Point>
  </Placemark>
  <Placemark>
    <name>J-199</name>
    <ExtendedData>
      <Data name="id"><value>J-199</value></Data>
    </ExtendedData>
    <Point>
      <coordinates>88.3005038,24.1288163</coordinates>
    </Point>
  </Placemark>
  <Placemark>
    <name>J-200</name>
    <ExtendedData>
      <Data name="id"><value>J-200</value></Data>
    </ExtendedData>
    <Point>
      <coordinates>88.304099,24.1304639</coordinates>
    </Point>
  </Placemark>
  <Placemark>
    <name>J-201</name>
    <ExtendedData>
      <Data name="id"><value>J-201</value></Data>
    </ExtendedData>
    <Point>
      <coordinates>88.3044114,24.1282602</coordinates>
    </Point>
  </Placemark>
  <Placemark>
    <name>J-202</name>
    <ExtendedData>
      <Data name="id"><value>J-202</value></Data>
    </ExtendedData>
    <Point>
      <coordinates>88.2976118,24.1402156</coordinates>
    </Point>
  </Placemark>
  <Placemark>
    <name>J-203</name>
    <ExtendedData>
      <Data name="id"><value>J-203</value></Data>
    </ExtendedData>
    <Point>
      <coordinates>88.2972967,24.1397218</coordinates>
    </Point>
  </Placemark>
  <Placemark>
    <name>J-204</name>
    <ExtendedData>
      <Data name="id"><value>J-204</value></Data>
    </ExtendedData>
    <Point>
      <coordinates>88.2974703,24.1392387</coordinates>
    </Point>
  </Placemark>
  <Placemark>
    <name>J-205</name>
    <ExtendedData>
      <Data name="id"><value>J-205</value></Data>
    </ExtendedData>
    <Point>
      <coordinates>88.297811,24.1391248</coordinates>
    </Point>
  </Placemark>
  <Placemark>
    <name>J-206</name>
    <ExtendedData>
      <Data name="id"><value>J-206</value></Data>
    </ExtendedData>
    <Point>
      <coordinates>88.2970872,24.138474</coordinates>
    </Point>
  </Placemark>
  <Placemark>
    <name>J-207</name>
    <ExtendedData>
      <Data name="id"><value>J-207</value></Data>
    </ExtendedData>
    <Point>
      <coordinates>88.29635,24.1374345</coordinates>
    </Point>
  </Placemark>
  <Placemark>
    <name>J-208</name>
    <ExtendedData>
      <Data name="id"><value>J-208</value></Data>
    </ExtendedData>
    <Point>
      <coordinates>88.2970438,24.1384131</coordinates>
    </Point>
  </Placemark>
  <Placemark>
    <name>J-209</name>
    <ExtendedData>
      <Data name="id"><value>J-209</value></Data>
    </ExtendedData>
    <Point>
      <coordinates>88.2960801,24.1364797</coordinates>
    </Point>
  </Placemark>
  <Placemark>
    <name>J-210</name>
    <ExtendedData>
      <Data name="id"><value>J-210</value></Data>
    </ExtendedData>
    <Point>
      <coordinates>88.2958381,24.1371242</coordinates>
    </Point>
  </Placemark>
  <Placemark>
    <name>J-211</name>
    <ExtendedData>
      <Data name="id"><value>J-211</value></Data>
    </ExtendedData>
    <Point>
      <coordinates>88.2956679,24.1374228</coordinates>
    </Point>
  </Placemark>
  <Placemark>
    <name>J-212</name>
    <ExtendedData>
      <Data name="id"><value>J-212</value></Data>
    </ExtendedData>
    <Point>
      <coordinates>88.2951426,24.1414593</coordinates>
    </Point>
  </Placemark>
  <Placemark>
    <name>J-213</name>
    <ExtendedData>
      <Data name="id"><value>J-213</value></Data>
    </ExtendedData>
    <Point>
      <coordinates>88.2949193,24.1434665</coordinates>
    </Point>
  </Placemark>
  <Placemark>
    <name>J-214</name>
    <ExtendedData>
      <Data name="id"><value>J-214</value></Data>
    </ExtendedData>
    <Point>
      <coordinates>88.2949653,24.1442182</coordinates>
    </Point>
  </Placemark>
  <Placemark>
    <name>J-218</name>
    <ExtendedData>
      <Data name="id"><value>J-218</value></Data>
    </ExtendedData>
    <Point>
      <coordinates>88.2958254,24.1348881</coordinates>
    </Point>
  </Placemark>
  <Placemark>
    <name>J-219</name>
    <ExtendedData>
      <Data name="id"><value>J-219</value></Data>
    </ExtendedData>
    <Point>
      <coordinates>88.2966612,24.1347465</coordinates>
    </Point>
  </Placemark>
  <Placemark>
    <name>J-220</name>
    <ExtendedData>
      <Data name="id"><value>J-220</value></Data>
    </ExtendedData>
    <Point>
      <coordinates>88.2955161,24.1340498</coordinates>
    </Point>
  </Placemark>
  <Placemark>
    <name>J-221</name>
    <ExtendedData>
      <Data name="id"><value>J-221</value></Data>
    </ExtendedData>
    <Point>
      <coordinates>88.296251,24.1339068</coordinates>
    </Point>
  </Placemark>
  <Placemark>
    <name>J-222</name>
    <ExtendedData>
      <Data name="id"><value>J-222</value></Data>
    </ExtendedData>
    <Point>
      <coordinates>88.2948262,24.1325056</coordinates>
    </Point>
  </Placemark>
  <Placemark>
    <name>J-223</name>
    <ExtendedData>
      <Data name="id"><value>J-223</value></Data>
    </ExtendedData>
    <Point>
      <coordinates>88.2957861,24.1324254</coordinates>
    </Point>
  </Placemark>
  <Placemark>
    <name>J-224</name>
    <ExtendedData>
      <Data name="id"><value>J-224</value></Data>
    </ExtendedData>
    <Point>
      <coordinates>88.2944275,24.1311073</coordinates>
    </Point>
  </Placemark>
  <Placemark>
    <name>J-225</name>
    <ExtendedData>
      <Data name="id"><value>J-225</value></Data>
    </ExtendedData>
    <Point>
      <coordinates>88.2952938,24.1309875</coordinates>
    </Point>
  </Placemark>
  <Placemark>
    <name>J-226</name>
    <ExtendedData>
      <Data name="id"><value>J-226</value></Data>
    </ExtendedData>
    <Point>
      <coordinates>88.2942025,24.1291582</coordinates>
    </Point>
  </Placemark>
  <Placemark>
    <name>J-227</name>
    <ExtendedData>
      <Data name="id"><value>J-227</value></Data>
    </ExtendedData>
    <Point>
      <coordinates>88.2982314,24.1283283</coordinates>
    </Point>
  </Placemark>
  <Placemark>
    <name>J-228</name>
    <ExtendedData>
      <Data name="id"><value>J-228</value></Data>
    </ExtendedData>
    <Point>
      <coordinates>88.2999818,24.1281817</coordinates>
    </Point>
  </Placemark>
  <Placemark>
    <name>J-229</name>
    <ExtendedData>
      <Data name="id"><value>J-229</value></Data>
    </ExtendedData>
    <Point>
      <coordinates>88.2941745,24.128941</coordinates>
    </Point>
  </Placemark>
  <Placemark>
    <name>J-230</name>
    <ExtendedData>
      <Data name="id"><value>J-230</value></Data>
    </ExtendedData>
    <Point>
      <coordinates>88.2951924,24.1287969</coordinates>
    </Point>
  </Placemark>
  <Placemark>
    <name>J-231</name>
    <ExtendedData>
      <Data name="id"><value>J-231</value></Data>
    </ExtendedData>
    <Point>
      <coordinates>88.2940106,24.1279436</coordinates>
    </Point>
  </Placemark>
  <Placemark>
    <name>J-232</name>
    <ExtendedData>
      <Data name="id"><value>J-232</value></Data>
    </ExtendedData>
    <Point>
      <coordinates>88.2962871,24.127591</coordinates>
    </Point>
  </Placemark>
  <Placemark>
    <name>J-233</name>
    <ExtendedData>
      <Data name="id"><value>J-233</value></Data>
    </ExtendedData>
    <Point>
      <coordinates>88.293736,24.126829</coordinates>
    </Point>
  </Placemark>
  <Placemark>
    <name>J-234</name>
    <ExtendedData>
      <Data name="id"><value>J-234</value></Data>
    </ExtendedData>
    <Point>
      <coordinates>88.2963937,24.1262617</coordinates>
    </Point>
  </Placemark>
  <Placemark>
    <name>J-235</name>
    <ExtendedData>
      <Data name="id"><value>J-235</value></Data>
    </ExtendedData>
    <Point>
      <coordinates>88.294701,24.1254786</coordinates>
    </Point>
  </Placemark>
  <Placemark>
    <name>J-236</name>
    <ExtendedData>
      <Data name="id"><value>J-236</value></Data>
    </ExtendedData>
    <Point>
      <coordinates>88.2962281,24.1252299</coordinates>
    </Point>
  </Placemark>
  <Placemark>
    <name>J-237</name>
    <ExtendedData>
      <Data name="id"><value>J-237</value></Data>
    </ExtendedData>
    <Point>
      <coordinates>88.2944173,24.1243609</coordinates>
    </Point>
  </Placemark>
  <Placemark>
    <name>J-239</name>
    <ExtendedData>
      <Data name="id"><value>J-239</value></Data>
    </ExtendedData>
    <Point>
      <coordinates>88.2938353,24.1249281</coordinates>
    </Point>
  </Placemark>
  <Placemark>
    <name>J-240</name>
    <ExtendedData>
      <Data name="id"><value>J-240</value></Data>
    </ExtendedData>
    <Point>
      <coordinates>88.2934589,24.124243</coordinates>
    </Point>
  </Placemark>
  <Placemark>
    <name>J-241</name>
    <ExtendedData>
      <Data name="id"><value>J-241</value></Data>
    </ExtendedData>
    <Point>
      <coordinates>88.2938073,24.124882</coordinates>
    </Point>
  </Placemark>
  <Placemark>
    <name>J-242</name>
    <ExtendedData>
      <Data name="id"><value>J-242</value></Data>
    </ExtendedData>
    <Point>
      <coordinates>88.2941108,24.1242082</coordinates>
    </Point>
  </Placemark>
  <Placemark>
    <name>J-243</name>
    <ExtendedData>
      <Data name="id"><value>J-243</value></Data>
    </ExtendedData>
    <Point>
      <coordinates>88.29436,24.1243216</coordinates>
    </Point>
  </Placemark>
  <Placemark>
    <name>J-244</name>
    <ExtendedData>
      <Data name="id"><value>J-244</value></Data>
    </ExtendedData>
    <Point>
      <coordinates>88.2933133,24.1232459</coordinates>
    </Point>
  </Placemark>
  <Placemark>
    <name>J-245</name>
    <ExtendedData>
      <Data name="id"><value>J-245</value></Data>
    </ExtendedData>
    <Point>
      <coordinates>88.2930991,24.1220717</coordinates>
    </Point>
  </Placemark>
  <Placemark>
    <name>J-246</name>
    <ExtendedData>
      <Data name="id"><value>J-246</value></Data>
    </ExtendedData>
    <Point>
      <coordinates>88.2915957,24.1234698</coordinates>
    </Point>
  </Placemark>
  <Placemark>
    <name>J-247</name>
    <ExtendedData>
      <Data name="id"><value>J-247</value></Data>
    </ExtendedData>
    <Point>
      <coordinates>88.2915086,24.1232382</coordinates>
    </Point>
  </Placemark>
  <Placemark>
    <name>J-248</name>
    <ExtendedData>
      <Data name="id"><value>J-248</value></Data>
    </ExtendedData>
    <Point>
      <coordinates>88.2913836,24.12351</coordinates>
    </Point>
  </Placemark>
  <Placemark>
    <name>J-249</name>
    <ExtendedData>
      <Data name="id"><value>J-249</value></Data>
    </ExtendedData>
    <Point>
      <coordinates>88.2910952,24.1232455</coordinates>
    </Point>
  </Placemark>
  <Placemark>
    <name>J-250</name>
    <ExtendedData>
      <Data name="id"><value>J-250</value></Data>
    </ExtendedData>
    <Point>
      <coordinates>88.291115,24.1235474</coordinates>
    </Point>
  </Placemark>
  <Placemark>
    <name>J-251</name>
    <ExtendedData>
      <Data name="id"><value>J-251</value></Data>
    </ExtendedData>
    <Point>
      <coordinates>88.290868,24.1236379</coordinates>
    </Point>
  </Placemark>
  <Placemark>
    <name>J-252</name>
    <ExtendedData>
      <Data name="id"><value>J-252</value></Data>
    </ExtendedData>
    <Point>
      <coordinates>88.2917549,24.1241298</coordinates>
    </Point>
  </Placemark>
  <Placemark>
    <name>J-253</name>
    <ExtendedData>
      <Data name="id"><value>J-253</value></Data>
    </ExtendedData>
    <Point>
      <coordinates>88.2930512,24.1257291</coordinates>
    </Point>
  </Placemark>
  <Placemark>
    <name>J-254</name>
    <ExtendedData>
      <Data name="id"><value>J-254</value></Data>
    </ExtendedData>
    <Point>
      <coordinates>88.2921862,24.1245192</coordinates>
    </Point>
  </Placemark>
  <Placemark>
    <name>J-255</name>
    <ExtendedData>
      <Data name="id"><value>J-255</value></Data>
    </ExtendedData>
    <Point>
      <coordinates>88.2918024,24.1241733</coordinates>
    </Point>
  </Placemark>
  <Placemark>
    <name>J-256</name>
    <ExtendedData>
      <Data name="id"><value>J-256</value></Data>
    </ExtendedData>
    <Point>
      <coordinates>88.2908001,24.1270123</coordinates>
    </Point>
  </Placemark>
  <Placemark>
    <name>J-257</name>
    <ExtendedData>
      <Data name="id"><value>J-257</value></Data>
    </ExtendedData>
    <Point>
      <coordinates>88.2918134,24.1288723</coordinates>
    </Point>
  </Placemark>
  <Placemark>
    <name>J-258</name>
    <ExtendedData>
      <Data name="id"><value>J-258</value></Data>
    </ExtendedData>
    <Point>
      <coordinates>88.2900515,24.1277535</coordinates>
    </Point>
  </Placemark>
  <Placemark>
    <name>J-259</name>
    <ExtendedData>
      <Data name="id"><value>J-259</value></Data>
    </ExtendedData>
    <Point>
      <coordinates>88.2890561,24.1280978</coordinates>
    </Point>
  </Placemark>
  <Placemark>
    <name>J-260</name>
    <ExtendedData>
      <Data name="id"><value>J-260</value></Data>
    </ExtendedData>
    <Point>
      <coordinates>88.2878764,24.1285781</coordinates>
    </Point>
  </Placemark>
  <Placemark>
    <name>J-261</name>
    <ExtendedData>
      <Data name="id"><value>J-261</value></Data>
    </ExtendedData>
    <Point>
      <coordinates>88.2876795,24.1289941</coordinates>
    </Point>
  </Placemark>
  <Placemark>
    <name>J-262</name>
    <ExtendedData>
      <Data name="id"><value>J-262</value></Data>
    </ExtendedData>
    <Point>
      <coordinates>88.2858066,24.1282419</coordinates>
    </Point>
  </Placemark>
  <Placemark>
    <name>J-263</name>
    <ExtendedData>
      <Data name="id"><value>J-263</value></Data>
    </ExtendedData>
    <Point>
      <coordinates>88.2854682,24.1281488</coordinates>
    </Point>
  </Placemark>
  <Placemark>
    <name>J-264</name>
    <ExtendedData>
      <Data name="id"><value>J-264</value></Data>
    </ExtendedData>
    <Point>
      <coordinates>88.2856572,24.1287737</coordinates>
    </Point>
  </Placemark>
  <Placemark>
    <name>J-265</name>
    <ExtendedData>
      <Data name="id"><value>J-265</value></Data>
    </ExtendedData>
    <Point>
      <coordinates>88.2854936,24.129357</coordinates>
    </Point>
  </Placemark>
  <Placemark>
    <name>J-266</name>
    <ExtendedData>
      <Data name="id"><value>J-266</value></Data>
    </ExtendedData>
    <Point>
      <coordinates>88.2824337,24.1281182</coordinates>
    </Point>
  </Placemark>
  <Placemark>
    <name>J-267</name>
    <ExtendedData>
      <Data name="id"><value>J-267</value></Data>
    </ExtendedData>
    <Point>
      <coordinates>88.2810012,24.1281675</coordinates>
    </Point>
  </Placemark>
  <Placemark>
    <name>J-268</name>
    <ExtendedData>
      <Data name="id"><value>J-268</value></Data>
    </ExtendedData>
    <Point>
      <coordinates>88.2909064,24.129672</coordinates>
    </Point>
  </Placemark>
  <Placemark>
    <name>J-269</name>
    <ExtendedData>
      <Data name="id"><value>J-269</value></Data>
    </ExtendedData>
    <Point>
      <coordinates>88.2917796,24.1289358</coordinates>
    </Point>
  </Placemark>
  <Placemark>
    <name>J-270</name>
    <ExtendedData>
      <Data name="id"><value>J-270</value></Data>
    </ExtendedData>
    <Point>
      <coordinates>88.2903098,24.1300549</coordinates>
    </Point>
  </Placemark>
  <Placemark>
    <name>J-271</name>
    <ExtendedData>
      <Data name="id"><value>J-271</value></Data>
    </ExtendedData>
    <Point>
      <coordinates>88.2913743,24.1304056</coordinates>
    </Point>
  </Placemark>
  <Placemark>
    <name>J-272</name>
    <ExtendedData>
      <Data name="id"><value>J-272</value></Data>
    </ExtendedData>
    <Point>
      <coordinates>88.287884,24.1339814</coordinates>
    </Point>
  </Placemark>
  <Placemark>
    <name>J-273</name>
    <ExtendedData>
      <Data name="id"><value>J-273</value></Data>
    </ExtendedData>
    <Point>
      <coordinates>88.2876684,24.1330976</coordinates>
    </Point>
  </Placemark>
  <Placemark>
    <name>J-274</name>
    <ExtendedData>
      <Data name="id"><value>J-274</value></Data>
    </ExtendedData>
    <Point>
      <coordinates>88.2873766,24.1337256</coordinates>
    </Point>
  </Placemark>
  <Placemark>
    <name>J-275</name>
    <ExtendedData>
      <Data name="id"><value>J-275</value></Data>
    </ExtendedData>
    <Point>
      <coordinates>88.2868718,24.1319782</coordinates>
    </Point>
  </Placemark>
  <Placemark>
    <name>J-276</name>
    <ExtendedData>
      <Data name="id"><value>J-276</value></Data>
    </ExtendedData>
    <Point>
      <coordinates>88.2868027,24.1316766</coordinates>
    </Point>
  </Placemark>
  <Placemark>
    <name>J-277</name>
    <ExtendedData>
      <Data name="id"><value>J-277</value></Data>
    </ExtendedData>
    <Point>
      <coordinates>88.286446,24.1353879</coordinates>
    </Point>
  </Placemark>
  <Placemark>
    <name>J-278</name>
    <ExtendedData>
      <Data name="id"><value>J-278</value></Data>
    </ExtendedData>
    <Point>
      <coordinates>88.2857519,24.1356234</coordinates>
    </Point>
  </Placemark>
  <Placemark>
    <name>J-279</name>
    <ExtendedData>
      <Data name="id"><value>J-279</value></Data>
    </ExtendedData>
    <Point>
      <coordinates>88.2852946,24.1350571</coordinates>
    </Point>
  </Placemark>
  <Placemark>
    <name>J-280</name>
    <ExtendedData>
      <Data name="id"><value>J-280</value></Data>
    </ExtendedData>
    <Point>
      <coordinates>88.2855577,24.1359619</coordinates>
    </Point>
  </Placemark>
  <Placemark>
    <name>J-281</name>
    <ExtendedData>
      <Data name="id"><value>J-281</value></Data>
    </ExtendedData>
    <Point>
      <coordinates>88.2865938,24.1364647</coordinates>
    </Point>
  </Placemark>
  <Placemark>
    <name>J-282</name>
    <ExtendedData>
      <Data name="id"><value>J-282</value></Data>
    </ExtendedData>
    <Point>
      <coordinates>88.2840057,24.1358859</coordinates>
    </Point>
  </Placemark>
  <Placemark>
    <name>J-283</name>
    <ExtendedData>
      <Data name="id"><value>J-283</value></Data>
    </ExtendedData>
    <Point>
      <coordinates>88.2804215,24.1356919</coordinates>
    </Point>
  </Placemark>
  <Placemark>
    <name>J-284</name>
    <ExtendedData>
      <Data name="id"><value>J-284</value></Data>
    </ExtendedData>
    <Point>
      <coordinates>88.2771892,24.1349108</coordinates>
    </Point>
  </Placemark>
  <Placemark>
    <name>J-285</name>
    <ExtendedData>
      <Data name="id"><value>J-285</value></Data>
    </ExtendedData>
    <Point>
      <coordinates>88.2776931,24.1348274</coordinates>
    </Point>
  </Placemark>
  <Placemark>
    <name>J-286</name>
    <ExtendedData>
      <Data name="id"><value>J-286</value></Data>
    </ExtendedData>
    <Point>
      <coordinates>88.2772285,24.1341949</coordinates>
    </Point>
  </Placemark>
  <Placemark>
    <name>J-287</name>
    <ExtendedData>
      <Data name="id"><value>J-287</value></Data>
    </ExtendedData>
    <Point>
      <coordinates>88.2762122,24.1349638</coordinates>
    </Point>
  </Placemark>
  <Placemark>
    <name>J-288</name>
    <ExtendedData>
      <Data name="id"><value>J-288</value></Data>
    </ExtendedData>
    <Point>
      <coordinates>88.3044619,24.1532163</coordinates>
    </Point>
  </Placemark>
  <Placemark>
    <name>J-289</name>
    <ExtendedData>
      <Data name="id"><value>J-289</value></Data>
    </ExtendedData>
    <Point>
      <coordinates>88.3031129,24.1549084</coordinates>
    </Point>
  </Placemark>
  <Placemark>
    <name>J-290</name>
    <ExtendedData>
      <Data name="id"><value>J-290</value></Data>
    </ExtendedData>
    <Point>
      <coordinates>88.3020948,24.1554568</coordinates>
    </Point>
  </Placemark>
  <Placemark>
    <name>J-291</name>
    <ExtendedData>
      <Data name="id"><value>J-291</value></Data>
    </ExtendedData>
    <Point>
      <coordinates>88.3047469,24.1532164</coordinates>
    </Point>
  </Placemark>
  <Placemark>
    <name>J-292</name>
    <ExtendedData>
      <Data name="id"><value>J-292</value></Data>
    </ExtendedData>
    <Point>
      <coordinates>88.3047621,24.1521162</coordinates>
    </Point>
  </Placemark>
  <Placemark>
    <name>J-293</name>
    <ExtendedData>
      <Data name="id"><value>J-293</value></Data>
    </ExtendedData>
    <Point>
      <coordinates>88.3067162,24.152903</coordinates>
    </Point>
  </Placemark>
  <Placemark>
    <name>J-294</name>
    <ExtendedData>
      <Data name="id"><value>J-294</value></Data>
    </ExtendedData>
    <Point>
      <coordinates>88.3068621,24.1524058</coordinates>
    </Point>
  </Placemark>
  <Placemark>
    <name>J-295</name>
    <ExtendedData>
      <Data name="id"><value>J-295</value></Data>
    </ExtendedData>
    <Point>
      <coordinates>88.3100847,24.1530037</coordinates>
    </Point>
  </Placemark>
  <Placemark>
    <name>J-296</name>
    <ExtendedData>
      <Data name="id"><value>J-296</value></Data>
    </ExtendedData>
    <Point>
      <coordinates>88.3119771,24.1533605</coordinates>
    </Point>
  </Placemark>
  <Placemark>
    <name>J-297</name>
    <ExtendedData>
      <Data name="id"><value>J-297</value></Data>
    </ExtendedData>
    <Point>
      <coordinates>88.3130696,24.153602</coordinates>
    </Point>
  </Placemark>
  <Placemark>
    <name>J-298</name>
    <ExtendedData>
      <Data name="id"><value>J-298</value></Data>
    </ExtendedData>
    <Point>
      <coordinates>88.3116673,24.1519605</coordinates>
    </Point>
  </Placemark>
  <Placemark>
    <name>J-299</name>
    <ExtendedData>
      <Data name="id"><value>J-299</value></Data>
    </ExtendedData>
    <Point>
      <coordinates>88.3115616,24.1513723</coordinates>
    </Point>
  </Placemark>
  <Placemark>
    <name>J-300</name>
    <ExtendedData>
      <Data name="id"><value>J-300</value></Data>
    </ExtendedData>
    <Point>
      <coordinates>88.3121555,24.1519528</coordinates>
    </Point>
  </Placemark>
  <Placemark>
    <name>J-301</name>
    <ExtendedData>
      <Data name="id"><value>J-301</value></Data>
    </ExtendedData>
    <Point>
      <coordinates>88.3122667,24.1507601</coordinates>
    </Point>
  </Placemark>
  <Placemark>
    <name>J-302</name>
    <ExtendedData>
      <Data name="id"><value>J-302</value></Data>
    </ExtendedData>
    <Point>
      <coordinates>88.3125056,24.1519559</coordinates>
    </Point>
  </Placemark>
  <Placemark>
    <name>J-303</name>
    <ExtendedData>
      <Data name="id"><value>J-303</value></Data>
    </ExtendedData>
    <Point>
      <coordinates>88.3128866,24.1519703</coordinates>
    </Point>
  </Placemark>
  <Placemark>
    <name>J-304</name>
    <ExtendedData>
      <Data name="id"><value>J-304</value></Data>
    </ExtendedData>
    <Point>
      <coordinates>88.3126789,24.1525628</coordinates>
    </Point>
  </Placemark>
  <Placemark>
    <name>J-305</name>
    <ExtendedData>
      <Data name="id"><value>J-305</value></Data>
    </ExtendedData>
    <Point>
      <coordinates>88.3126234,24.151356</coordinates>
    </Point>
  </Placemark>
  <Placemark>
    <name>J-306</name>
    <ExtendedData>
      <Data name="id"><value>J-306</value></Data>
    </ExtendedData>
    <Point>
      <coordinates>88.3134032,24.1519459</coordinates>
    </Point>
  </Placemark>
  <Placemark>
    <name>J-307</name>
    <ExtendedData>
      <Data name="id"><value>J-307</value></Data>
    </ExtendedData>
    <Point>
      <coordinates>88.3134247,24.1510547</coordinates>
    </Point>
  </Placemark>
  <Placemark>
    <name>J-308</name>
    <ExtendedData>
      <Data name="id"><value>J-308</value></Data>
    </ExtendedData>
    <Point>
      <coordinates>88.3164516,24.1513657</coordinates>
    </Point>
  </Placemark>
  <Placemark>
    <name>J-309</name>
    <ExtendedData>
      <Data name="id"><value>J-309</value></Data>
    </ExtendedData>
    <Point>
      <coordinates>88.32506,24.149125</coordinates>
    </Point>
  </Placemark>
  <Placemark>
    <name>J-310</name>
    <ExtendedData>
      <Data name="id"><value>J-310</value></Data>
    </ExtendedData>
    <Point>
      <coordinates>88.3235797,24.1442636</coordinates>
    </Point>
  </Placemark>
  <Placemark>
    <name>J-311</name>
    <ExtendedData>
      <Data name="id"><value>J-311</value></Data>
    </ExtendedData>
    <Point>
      <coordinates>88.3197495,24.1436077</coordinates>
    </Point>
  </Placemark>
  <Placemark>
    <name>J-312</name>
    <ExtendedData>
      <Data name="id"><value>J-312</value></Data>
    </ExtendedData>
    <Point>
      <coordinates>88.3183282,24.1416385</coordinates>
    </Point>
  </Placemark>
  <Placemark>
    <name>J-313</name>
    <ExtendedData>
      <Data name="id"><value>J-313</value></Data>
    </ExtendedData>
    <Point>
      <coordinates>88.315741,24.14174</coordinates>
    </Point>
  </Placemark>
  <Placemark>
    <name>J-314</name>
    <ExtendedData>
      <Data name="id"><value>J-314</value></Data>
    </ExtendedData>
    <Point>
      <coordinates>88.3178608,24.1389421</coordinates>
    </Point>
  </Placemark>
  <Placemark>
    <name>J-315</name>
    <ExtendedData>
      <Data name="id"><value>J-315</value></Data>
    </ExtendedData>
    <Point>
      <coordinates>88.3184725,24.1389404</coordinates>
    </Point>
  </Placemark>
  <Placemark>
    <name>J-316</name>
    <ExtendedData>
      <Data name="id"><value>J-316</value></Data>
    </ExtendedData>
    <Point>
      <coordinates>88.3171051,24.1373336</coordinates>
    </Point>
  </Placemark>
  <Placemark>
    <name>J-317</name>
    <ExtendedData>
      <Data name="id"><value>J-317</value></Data>
    </ExtendedData>
    <Point>
      <coordinates>88.3164678,24.1339739</coordinates>
    </Point>
  </Placemark>
  <Placemark>
    <name>J-318</name>
    <ExtendedData>
      <Data name="id"><value>J-318</value></Data>
    </ExtendedData>
    <Point>
      <coordinates>88.3141721,24.1341605</coordinates>
    </Point>
  </Placemark>
  <Placemark>
    <name>J-319</name>
    <ExtendedData>
      <Data name="id"><value>J-319</value></Data>
    </ExtendedData>
    <Point>
      <coordinates>88.3169913,24.1328301</coordinates>
    </Point>
  </Placemark>
  <Placemark>
    <name>J-320</name>
    <ExtendedData>
      <Data name="id"><value>J-320</value></Data>
    </ExtendedData>
    <Point>
      <coordinates>88.3181268,24.1326994</coordinates>
    </Point>
  </Placemark>
  <Placemark>
    <name>J-321</name>
    <ExtendedData>
      <Data name="id"><value>J-321</value></Data>
    </ExtendedData>
    <Point>
      <coordinates>88.317269,24.1308993</coordinates>
    </Point>
  </Placemark>
  <Placemark>
    <name>J-322</name>
    <ExtendedData>
      <Data name="id"><value>J-322</value></Data>
    </ExtendedData>
    <Point>
      <coordinates>88.3165246,24.1293669</coordinates>
    </Point>
  </Placemark>
  <Placemark>
    <name>J-323</name>
    <ExtendedData>
      <Data name="id"><value>J-323</value></Data>
    </ExtendedData>
    <Point>
      <coordinates>88.3157105,24.1292572</coordinates>
    </Point>
  </Placemark>
  <Placemark>
    <name>J-324</name>
    <ExtendedData>
      <Data name="id"><value>J-324</value></Data>
    </ExtendedData>
    <Point>
      <coordinates>88.3154796,24.1291398</coordinates>
    </Point>
  </Placemark>
  <Placemark>
    <name>J-438</name>
    <ExtendedData>
      <Data name="id"><value>J-438</value></Data>
    </ExtendedData>
    <Point>
      <coordinates>88.312144,24.153855</coordinates>
    </Point>
  </Placemark>
  <Placemark>
    <name>J-439</name>
    <ExtendedData>
      <Data name="id"><value>J-439</value></Data>
    </ExtendedData>
    <Point>
      <coordinates>88.3116064,24.1542328</coordinates>
    </Point>
  </Placemark>
  <Placemark>
    <name>J-440</name>
    <ExtendedData>
      <Data name="id"><value>J-440</value></Data>
    </ExtendedData>
    <Point>
      <coordinates>88.311447,24.1547896</coordinates>
    </Point>
  </Placemark>
  <Placemark>
    <name>J-441</name>
    <ExtendedData>
      <Data name="id"><value>J-441</value></Data>
    </ExtendedData>
    <Point>
      <coordinates>88.3113035,24.1550292</coordinates>
    </Point>
  </Placemark>
  <Placemark>
    <name>J-442</name>
    <ExtendedData>
      <Data name="id"><value>J-442</value></Data>
    </ExtendedData>
    <Point>
      <coordinates>88.31092,24.1542052</coordinates>
    </Point>
  </Placemark>
  <Placemark>
    <name>J-443</name>
    <ExtendedData>
      <Data name="id"><value>J-443</value></Data>
    </ExtendedData>
    <Point>
      <coordinates>88.3114628,24.1543333</coordinates>
    </Point>
  </Placemark>
  <Placemark>
    <name>J-444</name>
    <ExtendedData>
      <Data name="id"><value>J-444</value></Data>
    </ExtendedData>
    <Point>
      <coordinates>88.3105695,24.1548478</coordinates>
    </Point>
  </Placemark>
  <Placemark>
    <name>J-445</name>
    <ExtendedData>
      <Data name="id"><value>J-445</value></Data>
    </ExtendedData>
    <Point>
      <coordinates>88.3101997,24.1547038</coordinates>
    </Point>
  </Placemark>
  <Placemark>
    <name>J-446</name>
    <ExtendedData>
      <Data name="id"><value>J-446</value></Data>
    </ExtendedData>
    <Point>
      <coordinates>88.3101916,24.1553497</coordinates>
    </Point>
  </Placemark>
  <Placemark>
    <name>J-447</name>
    <ExtendedData>
      <Data name="id"><value>J-447</value></Data>
    </ExtendedData>
    <Point>
      <coordinates>88.3121717,24.1540122</coordinates>
    </Point>
  </Placemark>
  <Placemark>
    <name>J-448</name>
    <ExtendedData>
      <Data name="id"><value>J-448</value></Data>
    </ExtendedData>
    <Point>
      <coordinates>88.3125335,24.1540069</coordinates>
    </Point>
  </Placemark>
  <Placemark>
    <name>J-449</name>
    <ExtendedData>
      <Data name="id"><value>J-449</value></Data>
    </ExtendedData>
    <Point>
      <coordinates>88.3127644,24.1539921</coordinates>
    </Point>
  </Placemark>
  <Placemark>
    <name>J-450</name>
    <ExtendedData>
      <Data name="id"><value>J-450</value></Data>
    </ExtendedData>
    <Point>
      <coordinates>88.3125175,24.1542705</coordinates>
    </Point>
  </Placemark>
  <Placemark>
    <name>J-451</name>
    <ExtendedData>
      <Data name="id"><value>J-451</value></Data>
    </ExtendedData>
    <Point>
      <coordinates>88.3131103,24.1594999</coordinates>
    </Point>
  </Placemark>
  <Placemark>
    <name>J-452</name>
    <ExtendedData>
      <Data name="id"><value>J-452</value></Data>
    </ExtendedData>
    <Point>
      <coordinates>88.313912,24.1595256</coordinates>
    </Point>
  </Placemark>
  <Placemark>
    <name>J-453</name>
    <ExtendedData>
      <Data name="id"><value>J-453</value></Data>
    </ExtendedData>
    <Point>
      <coordinates>88.313414,24.1612669</coordinates>
    </Point>
  </Placemark>
  <Placemark>
    <name>J-454</name>
    <ExtendedData>
      <Data name="id"><value>J-454</value></Data>
    </ExtendedData>
    <Point>
      <coordinates>88.3123704,24.161322</coordinates>
    </Point>
  </Placemark>
  <Placemark>
    <name>J-455</name>
    <ExtendedData>
      <Data name="id"><value>J-455</value></Data>
    </ExtendedData>
    <Point>
      <coordinates>88.3134619,24.1619442</coordinates>
    </Point>
  </Placemark>
  <Placemark>
    <name>J-456</name>
    <ExtendedData>
      <Data name="id"><value>J-456</value></Data>
    </ExtendedData>
    <Point>
      <coordinates>88.312842,24.1619579</coordinates>
    </Point>
  </Placemark>
  <Placemark>
    <name>J-457</name>
    <ExtendedData>
      <Data name="id"><value>J-457</value></Data>
    </ExtendedData>
    <Point>
      <coordinates>88.3139765,24.1642516</coordinates>
    </Point>
  </Placemark>
  <Placemark>
    <name>J-458</name>
    <ExtendedData>
      <Data name="id"><value>J-458</value></Data>
    </ExtendedData>
    <Point>
      <coordinates>88.3190759,24.1638263</coordinates>
    </Point>
  </Placemark>
  <Placemark>
    <name>J-459</name>
    <ExtendedData>
      <Data name="id"><value>J-459</value></Data>
    </ExtendedData>
    <Point>
      <coordinates>88.3190951,24.1637029</coordinates>
    </Point>
  </Placemark>
  <Placemark>
    <name>J-460</name>
    <ExtendedData>
      <Data name="id"><value>J-460</value></Data>
    </ExtendedData>
    <Point>
      <coordinates>88.3190779,24.1634488</coordinates>
    </Point>
  </Placemark>
  <Placemark>
    <name>J-461</name>
    <ExtendedData>
      <Data name="id"><value>J-461</value></Data>
    </ExtendedData>
    <Point>
      <coordinates>88.3194216,24.1633868</coordinates>
    </Point>
  </Placemark>
  <Placemark>
    <name>J-462</name>
    <ExtendedData>
      <Data name="id"><value>J-462</value></Data>
    </ExtendedData>
    <Point>
      <coordinates>88.3195674,24.1636587</coordinates>
    </Point>
  </Placemark>
  <Placemark>
    <name>J-463</name>
    <ExtendedData>
      <Data name="id"><value>J-463</value></Data>
    </ExtendedData>
    <Point>
      <coordinates>88.3224553,24.1643929</coordinates>
    </Point>
  </Placemark>
  <Placemark>
    <name>J-464</name>
    <ExtendedData>
      <Data name="id"><value>J-464</value></Data>
    </ExtendedData>
    <Point>
      <coordinates>88.3265855,24.1638525</coordinates>
    </Point>
  </Placemark>
  <Placemark>
    <name>J-465</name>
    <ExtendedData>
      <Data name="id"><value>J-465</value></Data>
    </ExtendedData>
    <Point>
      <coordinates>88.3278649,24.1637904</coordinates>
    </Point>
  </Placemark>
  <Placemark>
    <name>J-466</name>
    <ExtendedData>
      <Data name="id"><value>J-466</value></Data>
    </ExtendedData>
    <Point>
      <coordinates>88.3275448,24.1678073</coordinates>
    </Point>
  </Placemark>
  <Placemark>
    <name>J-467</name>
    <ExtendedData>
      <Data name="id"><value>J-467</value></Data>
    </ExtendedData>
    <Point>
      <coordinates>88.3282406,24.1679238</coordinates>
    </Point>
  </Placemark>
  <Placemark>
    <name>J-468</name>
    <ExtendedData>
      <Data name="id"><value>J-468</value></Data>
    </ExtendedData>
    <Point>
      <coordinates>88.3273267,24.1684174</coordinates>
    </Point>
  </Placemark>
  <Placemark>
    <name>J-469</name>
    <ExtendedData>
      <Data name="id"><value>J-469</value></Data>
    </ExtendedData>
    <Point>
      <coordinates>88.3280304,24.1692321</coordinates>
    </Point>
  </Placemark>
  <Placemark>
    <name>J-470</name>
    <ExtendedData>
      <Data name="id"><value>J-470</value></Data>
    </ExtendedData>
    <Point>
      <coordinates>88.3317156,24.1706694</coordinates>
    </Point>
  </Placemark>
  <Placemark>
    <name>J-471</name>
    <ExtendedData>
      <Data name="id"><value>J-471</value></Data>
    </ExtendedData>
    <Point>
      <coordinates>88.3315787,24.1717477</coordinates>
    </Point>
  </Placemark>
  <Placemark>
    <name>J-472</name>
    <ExtendedData>
      <Data name="id"><value>J-472</value></Data>
    </ExtendedData>
    <Point>
      <coordinates>88.331266,24.1721926</coordinates>
    </Point>
  </Placemark>
  <Placemark>
    <name>J-473</name>
    <ExtendedData>
      <Data name="id"><value>J-473</value></Data>
    </ExtendedData>
    <Point>
      <coordinates>88.3281189,24.1711632</coordinates>
    </Point>
  </Placemark>
  <Placemark>
    <name>J-474</name>
    <ExtendedData>
      <Data name="id"><value>J-474</value></Data>
    </ExtendedData>
    <Point>
      <coordinates>88.3277178,24.17117</coordinates>
    </Point>
  </Placemark>
  <Placemark>
    <name>J-475</name>
    <ExtendedData>
      <Data name="id"><value>J-475</value></Data>
    </ExtendedData>
    <Point>
      <coordinates>88.3279368,24.171891</coordinates>
    </Point>
  </Placemark>
  <Placemark>
    <name>J-476</name>
    <ExtendedData>
      <Data name="id"><value>J-476</value></Data>
    </ExtendedData>
    <Point>
      <coordinates>88.3249833,24.168449</coordinates>
    </Point>
  </Placemark>
  <Placemark>
    <name>J-477</name>
    <ExtendedData>
      <Data name="id"><value>J-477</value></Data>
    </ExtendedData>
    <Point>
      <coordinates>88.3250314,24.1677338</coordinates>
    </Point>
  </Placemark>
  <Placemark>
    <name>J-478</name>
    <ExtendedData>
      <Data name="id"><value>J-478</value></Data>
    </ExtendedData>
    <Point>
      <coordinates>88.3245762,24.1685039</coordinates>
    </Point>
  </Placemark>
  <Placemark>
    <name>J-479</name>
    <ExtendedData>
      <Data name="id"><value>J-479</value></Data>
    </ExtendedData>
    <Point>
      <coordinates>88.3246607,24.1693323</coordinates>
    </Point>
  </Placemark>
  <Placemark>
    <name>J-480</name>
    <ExtendedData>
      <Data name="id"><value>J-480</value></Data>
    </ExtendedData>
    <Point>
      <coordinates>88.3252109,24.1685171</coordinates>
    </Point>
  </Placemark>
  <Placemark>
    <name>J-481</name>
    <ExtendedData>
      <Data name="id"><value>J-481</value></Data>
    </ExtendedData>
    <Point>
      <coordinates>88.324818,24.1702094</coordinates>
    </Point>
  </Placemark>
  <Placemark>
    <name>J-482</name>
    <ExtendedData>
      <Data name="id"><value>J-482</value></Data>
    </ExtendedData>
    <Point>
      <coordinates>88.3248091,24.17045</coordinates>
    </Point>
  </Placemark>
  <Placemark>
    <name>J-483</name>
    <ExtendedData>
      <Data name="id"><value>J-483</value></Data>
    </ExtendedData>
    <Point>
      <coordinates>88.3253287,24.1700727</coordinates>
    </Point>
  </Placemark>
  <Placemark>
    <name>J-484</name>
    <ExtendedData>
      <Data name="id"><value>J-484</value></Data>
    </ExtendedData>
    <Point>
      <coordinates>88.3256516,24.1699709</coordinates>
    </Point>
  </Placemark>
  <Placemark>
    <name>J-485</name>
    <ExtendedData>
      <Data name="id"><value>J-485</value></Data>
    </ExtendedData>
    <Point>
      <coordinates>88.3259491,24.1710846</coordinates>
    </Point>
  </Placemark>
  <Placemark>
    <name>J-486</name>
    <ExtendedData>
      <Data name="id"><value>J-486</value></Data>
    </ExtendedData>
    <Point>
      <coordinates>88.3259754,24.1719331</coordinates>
    </Point>
  </Placemark>
  <Placemark>
    <name>J-487</name>
    <ExtendedData>
      <Data name="id"><value>J-487</value></Data>
    </ExtendedData>
    <Point>
      <coordinates>88.3259875,24.1722569</coordinates>
    </Point>
  </Placemark>
  <Placemark>
    <name>J-488</name>
    <ExtendedData>
      <Data name="id"><value>J-488</value></Data>
    </ExtendedData>
    <Point>
      <coordinates>88.3231134,24.1689691</coordinates>
    </Point>
  </Placemark>
  <Placemark>
    <name>J-489</name>
    <ExtendedData>
      <Data name="id"><value>J-489</value></Data>
    </ExtendedData>
    <Point>
      <coordinates>88.3235015,24.1697602</coordinates>
    </Point>
  </Placemark>
  <Placemark>
    <name>J-490</name>
    <ExtendedData>
      <Data name="id"><value>J-490</value></Data>
    </ExtendedData>
    <Point>
      <coordinates>88.3243254,24.1700676</coordinates>
    </Point>
  </Placemark>
  <Placemark>
    <name>J-491</name>
    <ExtendedData>
      <Data name="id"><value>J-491</value></Data>
    </ExtendedData>
    <Point>
      <coordinates>88.3247111,24.169974</coordinates>
    </Point>
  </Placemark>
  <Placemark>
    <name>J-492</name>
    <ExtendedData>
      <Data name="id"><value>J-492</value></Data>
    </ExtendedData>
    <Point>
      <coordinates>88.3237029,24.1703975</coordinates>
    </Point>
  </Placemark>
  <Placemark>
    <name>J-493</name>
    <ExtendedData>
      <Data name="id"><value>J-493</value></Data>
    </ExtendedData>
    <Point>
      <coordinates>88.3236947,24.1707339</coordinates>
    </Point>
  </Placemark>
  <Placemark>
    <name>J-494</name>
    <ExtendedData>
      <Data name="id"><value>J-494</value></Data>
    </ExtendedData>
    <Point>
      <coordinates>88.3231117,24.1701072</coordinates>
    </Point>
  </Placemark>
  <Placemark>
    <name>J-495</name>
    <ExtendedData>
      <Data name="id"><value>J-495</value></Data>
    </ExtendedData>
    <Point>
      <coordinates>88.3239768,24.1706993</coordinates>
    </Point>
  </Placemark>
  <Placemark>
    <name>J-496</name>
    <ExtendedData>
      <Data name="id"><value>J-496</value></Data>
    </ExtendedData>
    <Point>
      <coordinates>88.3243374,24.170587</coordinates>
    </Point>
  </Placemark>
  <Placemark>
    <name>J-497</name>
    <ExtendedData>
      <Data name="id"><value>J-497</value></Data>
    </ExtendedData>
    <Point>
      <coordinates>88.3248044,24.1715453</coordinates>
    </Point>
  </Placemark>
  <Placemark>
    <name>J-498</name>
    <ExtendedData>
      <Data name="id"><value>J-498</value></Data>
    </ExtendedData>
    <Point>
      <coordinates>88.3249874,24.17208</coordinates>
    </Point>
  </Placemark>
  <Placemark>
    <name>J-500</name>
    <ExtendedData>
      <Data name="id"><value>J-500</value></Data>
    </ExtendedData>
    <Point>
      <coordinates>88.3140649,24.1647328</coordinates>
    </Point>
  </Placemark>
  <Placemark>
    <name>J-502</name>
    <ExtendedData>
      <Data name="id"><value>J-502</value></Data>
    </ExtendedData>
    <Point>
      <coordinates>88.3124355,24.1657243</coordinates>
    </Point>
  </Placemark>
  <Placemark>
    <name>J-503</name>
    <ExtendedData>
      <Data name="id"><value>J-503</value></Data>
    </ExtendedData>
    <Point>
      <coordinates>88.3113048,24.166053</coordinates>
    </Point>
  </Placemark>
  <Placemark>
    <name>J-504</name>
    <ExtendedData>
      <Data name="id"><value>J-504</value></Data>
    </ExtendedData>
    <Point>
      <coordinates>88.3134561,24.166322</coordinates>
    </Point>
  </Placemark>
  <Placemark>
    <name>J-505</name>
    <ExtendedData>
      <Data name="id"><value>J-505</value></Data>
    </ExtendedData>
    <Point>
      <coordinates>88.3141843,24.1662008</coordinates>
    </Point>
  </Placemark>
  <Placemark>
    <name>J-506</name>
    <ExtendedData>
      <Data name="id"><value>J-506</value></Data>
    </ExtendedData>
    <Point>
      <coordinates>88.3123039,24.1649853</coordinates>
    </Point>
  </Placemark>
  <Placemark>
    <name>J-507</name>
    <ExtendedData>
      <Data name="id"><value>J-507</value></Data>
    </ExtendedData>
    <Point>
      <coordinates>88.3105759,24.1654353</coordinates>
    </Point>
  </Placemark>
  <Placemark>
    <name>J-508</name>
    <ExtendedData>
      <Data name="id"><value>J-508</value></Data>
    </ExtendedData>
    <Point>
      <coordinates>88.3105221,24.1647966</coordinates>
    </Point>
  </Placemark>
  <Placemark>
    <name>J-509</name>
    <ExtendedData>
      <Data name="id"><value>J-509</value></Data>
    </ExtendedData>
    <Point>
      <coordinates>88.3093118,24.1656066</coordinates>
    </Point>
  </Placemark>
  <Placemark>
    <name>J-510</name>
    <ExtendedData>
      <Data name="id"><value>J-510</value></Data>
    </ExtendedData>
    <Point>
      <coordinates>88.3085395,24.1649652</coordinates>
    </Point>
  </Placemark>
  <Placemark>
    <name>J-511</name>
    <ExtendedData>
      <Data name="id"><value>J-511</value></Data>
    </ExtendedData>
    <Point>
      <coordinates>88.3078618,24.164888</coordinates>
    </Point>
  </Placemark>
  <Placemark>
    <name>J-512</name>
    <ExtendedData>
      <Data name="id"><value>J-512</value></Data>
    </ExtendedData>
    <Point>
      <coordinates>88.3085821,24.1653215</coordinates>
    </Point>
  </Placemark>
  <Placemark>
    <name>J-513</name>
    <ExtendedData>
      <Data name="id"><value>J-513</value></Data>
    </ExtendedData>
    <Point>
      <coordinates>88.3080487,24.1655642</coordinates>
    </Point>
  </Placemark>
  <Placemark>
    <name>J-514</name>
    <ExtendedData>
      <Data name="id"><value>J-514</value></Data>
    </ExtendedData>
    <Point>
      <coordinates>88.3087134,24.165961</coordinates>
    </Point>
  </Placemark>
  <Placemark>
    <name>J-515</name>
    <ExtendedData>
      <Data name="id"><value>J-515</value></Data>
    </ExtendedData>
    <Point>
      <coordinates>88.3087738,24.1660066</coordinates>
    </Point>
  </Placemark>
  <Placemark>
    <name>J-516</name>
    <ExtendedData>
      <Data name="id"><value>J-516</value></Data>
    </ExtendedData>
    <Point>
      <coordinates>88.3087313,24.1667624</coordinates>
    </Point>
  </Placemark>
  <Placemark>
    <name>J-517</name>
    <ExtendedData>
      <Data name="id"><value>J-517</value></Data>
    </ExtendedData>
    <Point>
      <coordinates>88.3074327,24.1668363</coordinates>
    </Point>
  </Placemark>
  <Placemark>
    <name>J-518</name>
    <ExtendedData>
      <Data name="id"><value>J-518</value></Data>
    </ExtendedData>
    <Point>
      <coordinates>88.3075845,24.1676701</coordinates>
    </Point>
  </Placemark>
  <Placemark>
    <name>J-519</name>
    <ExtendedData>
      <Data name="id"><value>J-519</value></Data>
    </ExtendedData>
    <Point>
      <coordinates>88.3072588,24.1662487</coordinates>
    </Point>
  </Placemark>
  <Placemark>
    <name>J-520</name>
    <ExtendedData>
      <Data name="id"><value>J-520</value></Data>
    </ExtendedData>
    <Point>
      <coordinates>88.307396,24.1670576</coordinates>
    </Point>
  </Placemark>
  <Placemark>
    <name>J-521</name>
    <ExtendedData>
      <Data name="id"><value>J-521</value></Data>
    </ExtendedData>
    <Point>
      <coordinates>88.3070765,24.1670861</coordinates>
    </Point>
  </Placemark>
  <Placemark>
    <name>J-522</name>
    <ExtendedData>
      <Data name="id"><value>J-522</value></Data>
    </ExtendedData>
    <Point>
      <coordinates>88.3074382,24.1675285</coordinates>
    </Point>
  </Placemark>
  <Placemark>
    <name>J-523</name>
    <ExtendedData>
      <Data name="id"><value>J-523</value></Data>
    </ExtendedData>
    <Point>
      <coordinates>88.306881,24.1676082</coordinates>
    </Point>
  </Placemark>
  <Placemark>
    <name>J-524</name>
    <ExtendedData>
      <Data name="id"><value>J-524</value></Data>
    </ExtendedData>
    <Point>
      <coordinates>88.3075458,24.1682407</coordinates>
    </Point>
  </Placemark>
  <Placemark>
    <name>J-525</name>
    <ExtendedData>
      <Data name="id"><value>J-525</value></Data>
    </ExtendedData>
    <Point>
      <coordinates>88.3064027,24.1686346</coordinates>
    </Point>
  </Placemark>
  <Placemark>
    <name>J-526</name>
    <ExtendedData>
      <Data name="id"><value>J-526</value></Data>
    </ExtendedData>
    <Point>
      <coordinates>88.3100563,24.1696583</coordinates>
    </Point>
  </Placemark>
  <Placemark>
    <name>J-527</name>
    <ExtendedData>
      <Data name="id"><value>J-527</value></Data>
    </ExtendedData>
    <Point>
      <coordinates>88.310009,24.1700235</coordinates>
    </Point>
  </Placemark>
  <Placemark>
    <name>J-528</name>
    <ExtendedData>
      <Data name="id"><value>J-528</value></Data>
    </ExtendedData>
    <Point>
      <coordinates>88.3067022,24.1663171</coordinates>
    </Point>
  </Placemark>
  <Placemark>
    <name>J-529</name>
    <ExtendedData>
      <Data name="id"><value>J-529</value></Data>
    </ExtendedData>
    <Point>
      <coordinates>88.3066752,24.1650966</coordinates>
    </Point>
  </Placemark>
  <Placemark>
    <name>J-530</name>
    <ExtendedData>
      <Data name="id"><value>J-530</value></Data>
    </ExtendedData>
    <Point>
      <coordinates>88.3066193,24.164476</coordinates>
    </Point>
  </Placemark>
  <Placemark>
    <name>J-531</name>
    <ExtendedData>
      <Data name="id"><value>J-531</value></Data>
    </ExtendedData>
    <Point>
      <coordinates>88.3051935,24.1646772</coordinates>
    </Point>
  </Placemark>
  <Placemark>
    <name>J-532</name>
    <ExtendedData>
      <Data name="id"><value>J-532</value></Data>
    </ExtendedData>
    <Point>
      <coordinates>88.3049535,24.1629686</coordinates>
    </Point>
  </Placemark>
  <Placemark>
    <name>J-533</name>
    <ExtendedData>
      <Data name="id"><value>J-533</value></Data>
    </ExtendedData>
    <Point>
      <coordinates>88.3062224,24.1663638</coordinates>
    </Point>
  </Placemark>
  <Placemark>
    <name>J-534</name>
    <ExtendedData>
      <Data name="id"><value>J-534</value></Data>
    </ExtendedData>
    <Point>
      <coordinates>88.3063042,24.1670634</coordinates>
    </Point>
  </Placemark>
  <Placemark>
    <name>J-535</name>
    <ExtendedData>
      <Data name="id"><value>J-535</value></Data>
    </ExtendedData>
    <Point>
      <coordinates>88.3059376,24.1663576</coordinates>
    </Point>
  </Placemark>
  <Placemark>
    <name>J-536</name>
    <ExtendedData>
      <Data name="id"><value>J-536</value></Data>
    </ExtendedData>
    <Point>
      <coordinates>88.3060384,24.1676196</coordinates>
    </Point>
  </Placemark>
  <Placemark>
    <name>J-537</name>
    <ExtendedData>
      <Data name="id"><value>J-537</value></Data>
    </ExtendedData>
    <Point>
      <coordinates>88.3053333,24.166428</coordinates>
    </Point>
  </Placemark>
  <Placemark>
    <name>J-538</name>
    <ExtendedData>
      <Data name="id"><value>J-538</value></Data>
    </ExtendedData>
    <Point>
      <coordinates>88.3053533,24.1672524</coordinates>
    </Point>
  </Placemark>
  <Placemark>
    <name>J-539</name>
    <ExtendedData>
      <Data name="id"><value>J-539</value></Data>
    </ExtendedData>
    <Point>
      <coordinates>88.3051248,24.166443</coordinates>
    </Point>
  </Placemark>
  <Placemark>
    <name>J-540</name>
    <ExtendedData>
      <Data name="id"><value>J-540</value></Data>
    </ExtendedData>
    <Point>
      <coordinates>88.3050882,24.1658746</coordinates>
    </Point>
  </Placemark>
  <Placemark>
    <name>J-541</name>
    <ExtendedData>
      <Data name="id"><value>J-541</value></Data>
    </ExtendedData>
    <Point>
      <coordinates>88.3010805,24.1670311</coordinates>
    </Point>
  </Placemark>
  <Placemark>
    <name>J-542</name>
    <ExtendedData>
      <Data name="id"><value>J-542</value></Data>
    </ExtendedData>
    <Point>
      <coordinates>88.2992986,24.167109</coordinates>
    </Point>
  </Placemark>
  <Placemark>
    <name>J-543</name>
    <ExtendedData>
      <Data name="id"><value>J-543</value></Data>
    </ExtendedData>
    <Point>
      <coordinates>88.298554,24.166969</coordinates>
    </Point>
  </Placemark>
  <Placemark>
    <name>J-544</name>
    <ExtendedData>
      <Data name="id"><value>J-544</value></Data>
    </ExtendedData>
    <Point>
      <coordinates>88.3007088,24.1656793</coordinates>
    </Point>
  </Placemark>
  <Placemark>
    <name>J-545</name>
    <ExtendedData>
      <Data name="id"><value>J-545</value></Data>
    </ExtendedData>
    <Point>
      <coordinates>88.300191,24.1649727</coordinates>
    </Point>
  </Placemark>
  <Placemark>
    <name>J-546</name>
    <ExtendedData>
      <Data name="id"><value>J-546</value></Data>
    </ExtendedData>
    <Point>
      <coordinates>88.2995788,24.1661513</coordinates>
    </Point>
  </Placemark>
  <Placemark>
    <name>J-547</name>
    <ExtendedData>
      <Data name="id"><value>J-547</value></Data>
    </ExtendedData>
    <Point>
      <coordinates>88.2994985,24.1653635</coordinates>
    </Point>
  </Placemark>
  <Placemark>
    <name>J-548</name>
    <ExtendedData>
      <Data name="id"><value>J-548</value></Data>
    </ExtendedData>
    <Point>
      <coordinates>88.2994183,24.1664579</coordinates>
    </Point>
  </Placemark>
  <Placemark>
    <name>J-549</name>
    <ExtendedData>
      <Data name="id"><value>J-549</value></Data>
    </ExtendedData>
    <Point>
      <coordinates>88.2993144,24.1670328</coordinates>
    </Point>
  </Placemark>
  <Placemark>
    <name>J-550</name>
    <ExtendedData>
      <Data name="id"><value>J-550</value></Data>
    </ExtendedData>
    <Point>
      <coordinates>88.2989173,24.1663293</coordinates>
    </Point>
  </Placemark>
  <Placemark>
    <name>J-551</name>
    <ExtendedData>
      <Data name="id"><value>J-551</value></Data>
    </ExtendedData>
    <Point>
      <coordinates>88.2988056,24.165626</coordinates>
    </Point>
  </Placemark>
  <Placemark>
    <name>J-552</name>
    <ExtendedData>
      <Data name="id"><value>J-552</value></Data>
    </ExtendedData>
    <Point>
      <coordinates>88.2986845,24.1663104</coordinates>
    </Point>
  </Placemark>
  <Placemark>
    <name>J-553</name>
    <ExtendedData>
      <Data name="id"><value>J-553</value></Data>
    </ExtendedData>
    <Point>
      <coordinates>88.2986016,24.1657913</coordinates>
    </Point>
  </Placemark>
  <Placemark>
    <name>J-554</name>
    <ExtendedData>
      <Data name="id"><value>J-554</value></Data>
    </ExtendedData>
    <Point>
      <coordinates>88.2980587,24.1664813</coordinates>
    </Point>
  </Placemark>
  <Placemark>
    <name>J-555</name>
    <ExtendedData>
      <Data name="id"><value>J-555</value></Data>
    </ExtendedData>
    <Point>
      <coordinates>88.3148187,24.1689035</coordinates>
    </Point>
  </Placemark>
  <Placemark>
    <name>J-556</name>
    <ExtendedData>
      <Data name="id"><value>J-556</value></Data>
    </ExtendedData>
    <Point>
      <coordinates>88.3156754,24.1717962</coordinates>
    </Point>
  </Placemark>
  <Placemark>
    <name>J-557</name>
    <ExtendedData>
      <Data name="id"><value>J-557</value></Data>
    </ExtendedData>
    <Point>
      <coordinates>88.3172684,24.17683</coordinates>
    </Point>
  </Placemark>
  <Placemark>
    <name>J-558</name>
    <ExtendedData>
      <Data name="id"><value>J-558</value></Data>
    </ExtendedData>
    <Point>
      <coordinates>88.3146706,24.177261</coordinates>
    </Point>
  </Placemark>
  <Placemark>
    <name>J-559</name>
    <ExtendedData>
      <Data name="id"><value>J-559</value></Data>
    </ExtendedData>
    <Point>
      <coordinates>88.3215573,24.1750349</coordinates>
    </Point>
  </Placemark>
  <Placemark>
    <name>J-560</name>
    <ExtendedData>
      <Data name="id"><value>J-560</value></Data>
    </ExtendedData>
    <Point>
      <coordinates>88.3222419,24.1764303</coordinates>
    </Point>
  </Placemark>
  <Placemark>
    <name>J-561</name>
    <ExtendedData>
      <Data name="id"><value>J-561</value></Data>
    </ExtendedData>
    <Point>
      <coordinates>88.3193061,24.180284</coordinates>
    </Point>
  </Placemark>
  <Placemark>
    <name>J-562</name>
    <ExtendedData>
      <Data name="id"><value>J-562</value></Data>
    </ExtendedData>
    <Point>
      <coordinates>88.3197428,24.1800129</coordinates>
    </Point>
  </Placemark>
  <Placemark>
    <name>J-563</name>
    <ExtendedData>
      <Data name="id"><value>J-563</value></Data>
    </ExtendedData>
    <Point>
      <coordinates>88.3204829,24.1792352</coordinates>
    </Point>
  </Placemark>
  <Placemark>
    <name>J-564</name>
    <ExtendedData>
      <Data name="id"><value>J-564</value></Data>
    </ExtendedData>
    <Point>
      <coordinates>88.3204683,24.1798889</coordinates>
    </Point>
  </Placemark>
  <Placemark>
    <name>J-565</name>
    <ExtendedData>
      <Data name="id"><value>J-565</value></Data>
    </ExtendedData>
    <Point>
      <coordinates>88.3212115,24.1797349</coordinates>
    </Point>
  </Placemark>
  <Placemark>
    <name>J-566</name>
    <ExtendedData>
      <Data name="id"><value>J-566</value></Data>
    </ExtendedData>
    <Point>
      <coordinates>88.3203325,24.1805437</coordinates>
    </Point>
  </Placemark>
  <Placemark>
    <name>J-567</name>
    <ExtendedData>
      <Data name="id"><value>J-567</value></Data>
    </ExtendedData>
    <Point>
      <coordinates>88.3203701,24.180733</coordinates>
    </Point>
  </Placemark>
  <Placemark>
    <name>J-568</name>
    <ExtendedData>
      <Data name="id"><value>J-568</value></Data>
    </ExtendedData>
    <Point>
      <coordinates>88.3199013,24.1808743</coordinates>
    </Point>
  </Placemark>
  <Placemark>
    <name>J-569</name>
    <ExtendedData>
      <Data name="id"><value>J-569</value></Data>
    </ExtendedData>
    <Point>
      <coordinates>88.31976,24.1809866</coordinates>
    </Point>
  </Placemark>
  <Placemark>
    <name>J-570</name>
    <ExtendedData>
      <Data name="id"><value>J-570</value></Data>
    </ExtendedData>
    <Point>
      <coordinates>88.3199843,24.1813245</coordinates>
    </Point>
  </Placemark>
  <Placemark>
    <name>J-571</name>
    <ExtendedData>
      <Data name="id"><value>J-571</value></Data>
    </ExtendedData>
    <Point>
      <coordinates>88.321895,24.1807589</coordinates>
    </Point>
  </Placemark>
  <Placemark>
    <name>J-572</name>
    <ExtendedData>
      <Data name="id"><value>J-572</value></Data>
    </ExtendedData>
    <Point>
      <coordinates>88.3210111,24.1791892</coordinates>
    </Point>
  </Placemark>
  <Placemark>
    <name>J-573</name>
    <ExtendedData>
      <Data name="id"><value>J-573</value></Data>
    </ExtendedData>
    <Point>
      <coordinates>88.3215334,24.1807602</coordinates>
    </Point>
  </Placemark>
  <Placemark>
    <name>J-574</name>
    <ExtendedData>
      <Data name="id"><value>J-574</value></Data>
    </ExtendedData>
    <Point>
      <coordinates>88.3160274,24.1716481</coordinates>
    </Point>
  </Placemark>
  <Placemark>
    <name>J-575</name>
    <ExtendedData>
      <Data name="id"><value>J-575</value></Data>
    </ExtendedData>
    <Point>
      <coordinates>88.3159744,24.1713967</coordinates>
    </Point>
  </Placemark>
  <Placemark>
    <name>J-576</name>
    <ExtendedData>
      <Data name="id"><value>J-576</value></Data>
    </ExtendedData>
    <Point>
      <coordinates>88.3165285,24.1715238</coordinates>
    </Point>
  </Placemark>
  <Placemark>
    <name>J-577</name>
    <ExtendedData>
      <Data name="id"><value>J-577</value></Data>
    </ExtendedData>
    <Point>
      <coordinates>88.3159698,24.1711226</coordinates>
    </Point>
  </Placemark>
  <Placemark>
    <name>J-578</name>
    <ExtendedData>
      <Data name="id"><value>J-578</value></Data>
    </ExtendedData>
    <Point>
      <coordinates>88.3168413,24.1714252</coordinates>
    </Point>
  </Placemark>
  <Placemark>
    <name>J-579</name>
    <ExtendedData>
      <Data name="id"><value>J-579</value></Data>
    </ExtendedData>
    <Point>
      <coordinates>88.3169753,24.1721077</coordinates>
    </Point>
  </Placemark>
  <Placemark>
    <name>J-580</name>
    <ExtendedData>
      <Data name="id"><value>J-580</value></Data>
    </ExtendedData>
    <Point>
      <coordinates>88.3165914,24.1721898</coordinates>
    </Point>
  </Placemark>
  <Placemark>
    <name>J-581</name>
    <ExtendedData>
      <Data name="id"><value>J-581</value></Data>
    </ExtendedData>
    <Point>
      <coordinates>88.3164341,24.1715949</coordinates>
    </Point>
  </Placemark>
  <Placemark>
    <name>J-582</name>
    <ExtendedData>
      <Data name="id"><value>J-582</value></Data>
    </ExtendedData>
    <Point>
      <coordinates>88.3169476,24.1725037</coordinates>
    </Point>
  </Placemark>
  <Placemark>
    <name>J-583</name>
    <ExtendedData>
      <Data name="id"><value>J-583</value></Data>
    </ExtendedData>
    <Point>
      <coordinates>88.3170643,24.1729224</coordinates>
    </Point>
  </Placemark>
  <Placemark>
    <name>J-584</name>
    <ExtendedData>
      <Data name="id"><value>J-584</value></Data>
    </ExtendedData>
    <Point>
      <coordinates>88.3170894,24.17324</coordinates>
    </Point>
  </Placemark>
  <Placemark>
    <name>J-585</name>
    <ExtendedData>
      <Data name="id"><value>J-585</value></Data>
    </ExtendedData>
    <Point>
      <coordinates>88.3160116,24.1730753</coordinates>
    </Point>
  </Placemark>
  <Placemark>
    <name>J-586</name>
    <ExtendedData>
      <Data name="id"><value>J-586</value></Data>
    </ExtendedData>
    <Point>
      <coordinates>88.3169263,24.1713831</coordinates>
    </Point>
  </Placemark>
  <Placemark>
    <name>J-587</name>
    <ExtendedData>
      <Data name="id"><value>J-587</value></Data>
    </ExtendedData>
    <Point>
      <coordinates>88.3167446,24.1707342</coordinates>
    </Point>
  </Placemark>
  <Placemark>
    <name>J-588</name>
    <ExtendedData>
      <Data name="id"><value>J-588</value></Data>
    </ExtendedData>
    <Point>
      <coordinates>88.316078,24.1709033</coordinates>
    </Point>
  </Placemark>
  <Placemark>
    <name>J-589</name>
    <ExtendedData>
      <Data name="id"><value>J-589</value></Data>
    </ExtendedData>
    <Point>
      <coordinates>88.3161232,24.1710367</coordinates>
    </Point>
  </Placemark>
  <Placemark>
    <name>J-590</name>
    <ExtendedData>
      <Data name="id"><value>J-590</value></Data>
    </ExtendedData>
    <Point>
      <coordinates>88.3155072,24.1710046</coordinates>
    </Point>
  </Placemark>
  <Placemark>
    <name>J-591</name>
    <ExtendedData>
      <Data name="id"><value>J-591</value></Data>
    </ExtendedData>
    <Point>
      <coordinates>88.3173677,24.1711706</coordinates>
    </Point>
  </Placemark>
  <Placemark>
    <name>J-592</name>
    <ExtendedData>
      <Data name="id"><value>J-592</value></Data>
    </ExtendedData>
    <Point>
      <coordinates>88.3179957,24.1703834</coordinates>
    </Point>
  </Placemark>
  <Placemark>
    <name>J-593</name>
    <ExtendedData>
      <Data name="id"><value>J-593</value></Data>
    </ExtendedData>
    <Point>
      <coordinates>88.3176838,24.1709724</coordinates>
    </Point>
  </Placemark>
  <Placemark>
    <name>J-594</name>
    <ExtendedData>
      <Data name="id"><value>J-594</value></Data>
    </ExtendedData>
    <Point>
      <coordinates>88.3187266,24.170792</coordinates>
    </Point>
  </Placemark>
  <Placemark>
    <name>J-595</name>
    <ExtendedData>
      <Data name="id"><value>J-595</value></Data>
    </ExtendedData>
    <Point>
      <coordinates>88.3189666,24.172008</coordinates>
    </Point>
  </Placemark>
  <Placemark>
    <name>J-596</name>
    <ExtendedData>
      <Data name="id"><value>J-596</value></Data>
    </ExtendedData>
    <Point>
      <coordinates>88.3177489,24.1709172</coordinates>
    </Point>
  </Placemark>
  <Placemark>
    <name>J-597</name>
    <ExtendedData>
      <Data name="id"><value>J-597</value></Data>
    </ExtendedData>
    <Point>
      <coordinates>88.3176336,24.1706076</coordinates>
    </Point>
  </Placemark>
  <Placemark>
    <name>J-598</name>
    <ExtendedData>
      <Data name="id"><value>J-598</value></Data>
    </ExtendedData>
    <Point>
      <coordinates>88.3181351,24.170569</coordinates>
    </Point>
  </Placemark>
  <Placemark>
    <name>J-599</name>
    <ExtendedData>
      <Data name="id"><value>J-599</value></Data>
    </ExtendedData>
    <Point>
      <coordinates>88.3178256,24.1695192</coordinates>
    </Point>
  </Placemark>
  <Placemark>
    <name>J-600</name>
    <ExtendedData>
      <Data name="id"><value>J-600</value></Data>
    </ExtendedData>
    <Point>
      <coordinates>88.3184485,24.1701429</coordinates>
    </Point>
  </Placemark>
  <Placemark>
    <name>J-601</name>
    <ExtendedData>
      <Data name="id"><value>J-601</value></Data>
    </ExtendedData>
    <Point>
      <coordinates>88.3182862,24.1699703</coordinates>
    </Point>
  </Placemark>
  <Placemark>
    <name>J-602</name>
    <ExtendedData>
      <Data name="id"><value>J-602</value></Data>
    </ExtendedData>
    <Point>
      <coordinates>88.3186366,24.1699907</coordinates>
    </Point>
  </Placemark>
  <Placemark>
    <name>J-603</name>
    <ExtendedData>
      <Data name="id"><value>J-603</value></Data>
    </ExtendedData>
    <Point>
      <coordinates>88.3189494,24.1706138</coordinates>
    </Point>
  </Placemark>
  <Placemark>
    <name>J-604</name>
    <ExtendedData>
      <Data name="id"><value>J-604</value></Data>
    </ExtendedData>
    <Point>
      <coordinates>88.3209364,24.1693896</coordinates>
    </Point>
  </Placemark>
  <Placemark>
    <name>R-1</name>
    <ExtendedData>
      <Data name="id"><value>R-1</value></Data>
    </ExtendedData>
    <Point>
      <coordinates>88.2974587,24.1534847</coordinates>
    </Point>
  </Placemark>
  <Placemark>
    <name>P-1</name>
    <ExtendedData>
      <Data name="id"><value>P-1</value></Data>
      <Data name="source"><value>R-1</value></Data>
      <Data name="target"><value>J-1</value></Data>
    </ExtendedData>
    <LineString>
      <coordinates>
        88.2974587,24.1534847
        88.2975474,24.1530708
      </coordinates>
    </LineString>
  </Placemark>
  <Placemark>
    <name>P-2</name>
    <ExtendedData>
      <Data name="id"><value>P-2</value></Data>
      <Data name="source"><value>J-1</value></Data>
      <Data name="target"><value>J-2</value></Data>
    </ExtendedData>
    <LineString>
      <coordinates>
        88.2975474,24.1530708
        88.2981196,24.1531609
      </coordinates>
    </LineString>
  </Placemark>
  <Placemark>
    <name>P-3</name>
    <ExtendedData>
      <Data name="id"><value>P-3</value></Data>
      <Data name="source"><value>J-2</value></Data>
      <Data name="target"><value>J-3</value></Data>
    </ExtendedData>
    <LineString>
      <coordinates>
        88.2981196,24.1531609
        88.2977851,24.1584665
      </coordinates>
    </LineString>
  </Placemark>
  <Placemark>
    <name>P-4</name>
    <ExtendedData>
      <Data name="id"><value>P-4</value></Data>
      <Data name="source"><value>J-3</value></Data>
      <Data name="target"><value>J-4</value></Data>
    </ExtendedData>
    <LineString>
      <coordinates>
        88.2977851,24.1584665
        88.2990944,24.1582877
      </coordinates>
    </LineString>
  </Placemark>
  <Placemark>
    <name>P-5</name>
    <ExtendedData>
      <Data name="id"><value>P-5</value></Data>
      <Data name="source"><value>J-3</value></Data>
      <Data name="target"><value>J-5</value></Data>
    </ExtendedData>
    <LineString>
      <coordinates>
        88.2977851,24.1584665
        88.2970064,24.1599857
      </coordinates>
    </LineString>
  </Placemark>
  <Placemark>
    <name>P-6</name>
    <ExtendedData>
      <Data name="id"><value>P-6</value></Data>
      <Data name="source"><value>J-5</value></Data>
      <Data name="target"><value>J-6</value></Data>
    </ExtendedData>
    <LineString>
      <coordinates>
        88.2970064,24.1599857
        88.2991708,24.159731
      </coordinates>
    </LineString>
  </Placemark>
  <Placemark>
    <name>P-7</name>
    <ExtendedData>
      <Data name="id"><value>P-7</value></Data>
      <Data name="source"><value>J-6</value></Data>
      <Data name="target"><value>J-7</value></Data>
    </ExtendedData>
    <LineString>
      <coordinates>
        88.2991708,24.159731
        88.2991499,24.1599517
      </coordinates>
    </LineString>
  </Placemark>
  <Placemark>
    <name>P-8</name>
    <ExtendedData>
      <Data name="id"><value>P-8</value></Data>
      <Data name="source"><value>J-6</value></Data>
      <Data name="target"><value>J-8</value></Data>
    </ExtendedData>
    <LineString>
      <coordinates>
        88.2991708,24.159731
        88.2995555,24.1597174
      </coordinates>
    </LineString>
  </Placemark>
  <Placemark>
    <name>P-9</name>
    <ExtendedData>
      <Data name="id"><value>P-9</value></Data>
      <Data name="source"><value>J-8</value></Data>
      <Data name="target"><value>J-9</value></Data>
    </ExtendedData>
    <LineString>
      <coordinates>
        88.2995555,24.1597174
        88.2997108,24.1594838
      </coordinates>
    </LineString>
  </Placemark>
  <Placemark>
    <name>P-10</name>
    <ExtendedData>
      <Data name="id"><value>P-10</value></Data>
      <Data name="source"><value>J-8</value></Data>
      <Data name="target"><value>J-15</value></Data>
    </ExtendedData>
    <LineString>
      <coordinates>
        88.2995555,24.1597174
        88.299927,24.1608929
      </coordinates>
    </LineString>
  </Placemark>
  <Placemark>
    <name>P-11</name>
    <ExtendedData>
      <Data name="id"><value>P-11</value></Data>
      <Data name="source"><value>J-5</value></Data>
      <Data name="target"><value>J-11</value></Data>
    </ExtendedData>
    <LineString>
      <coordinates>
        88.2970064,24.1599857
        88.2968627,24.1601232
      </coordinates>
    </LineString>
  </Placemark>
  <Placemark>
    <name>P-12</name>
    <ExtendedData>
      <Data name="id"><value>P-12</value></Data>
      <Data name="source"><value>J-11</value></Data>
      <Data name="target"><value>J-12</value></Data>
    </ExtendedData>
    <LineString>
      <coordinates>
        88.2968627,24.1601232
        88.2982491,24.1602525
      </coordinates>
    </LineString>
  </Placemark>
  <Placemark>
    <name>P-13</name>
    <ExtendedData>
      <Data name="id"><value>P-13</value></Data>
      <Data name="source"><value>J-12</value></Data>
      <Data name="target"><value>J-13</value></Data>
    </ExtendedData>
    <LineString>
      <coordinates>
        88.2982491,24.1602525
        88.2991009,24.1599777
      </coordinates>
    </LineString>
  </Placemark>
  <Placemark>
    <name>P-15</name>
    <ExtendedData>
      <Data name="id"><value>P-15</value></Data>
      <Data name="source"><value>J-14</value></Data>
      <Data name="target"><value>J-15</value></Data>
    </ExtendedData>
    <LineString>
      <coordinates>
        88.2985128,24.1610578
        88.299927,24.1608929
      </coordinates>
    </LineString>
  </Placemark>
  <Placemark>
    <name>P-28</name>
    <ExtendedData>
      <Data name="id"><value>P-28</value></Data>
      <Data name="source"><value>J-6</value></Data>
      <Data name="target"><value>J-28</value></Data>
    </ExtendedData>
    <LineString>
      <coordinates>
        88.2991708,24.159731
        88.2990452,24.1593848
      </coordinates>
    </LineString>
  </Placemark>
  <Placemark>
    <name>P-30</name>
    <ExtendedData>
      <Data name="id"><value>P-30</value></Data>
      <Data name="source"><value>J-1</value></Data>
      <Data name="target"><value>J-30</value></Data>
    </ExtendedData>
    <LineString>
      <coordinates>
        88.2975474,24.1530708
        88.2957436,24.1527744
      </coordinates>
    </LineString>
  </Placemark>
  <Placemark>
    <name>P-78</name>
    <ExtendedData>
      <Data name="id"><value>P-78</value></Data>
      <Data name="source"><value>J-2</value></Data>
      <Data name="target"><value>J-78</value></Data>
    </ExtendedData>
    <LineString>
      <coordinates>
        88.2981196,24.1531609
        88.2984815,24.1531931
      </coordinates>
    </LineString>
  </Placemark>
  <Placemark>
    <name>P-79</name>
    <ExtendedData>
      <Data name="id"><value>P-79</value></Data>
      <Data name="source"><value>J-78</value></Data>
      <Data name="target"><value>J-79</value></Data>
    </ExtendedData>
    <LineString>
      <coordinates>
        88.2984815,24.1531931
        88.2991632,24.1578619
      </coordinates>
    </LineString>
  </Placemark>
  <Placemark>
    <name>P-80</name>
    <ExtendedData>
      <Data name="id"><value>P-80</value></Data>
      <Data name="source"><value>J-79</value></Data>
      <Data name="target"><value>J-80</value></Data>
    </ExtendedData>
    <LineString>
      <coordinates>
        88.2991632,24.1578619
        88.3013956,24.1574598
      </coordinates>
    </LineString>
  </Placemark>
  <Placemark>
    <name>P-81</name>
    <ExtendedData>
      <Data name="id"><value>P-81</value></Data>
      <Data name="source"><value>J-79</value></Data>
      <Data name="target"><value>J-81</value></Data>
    </ExtendedData>
    <LineString>
      <coordinates>
        88.2991632,24.1578619
        88.299318,24.1589257
      </coordinates>
    </LineString>
  </Placemark>
  <Placemark>
    <name>P-82</name>
    <ExtendedData>
      <Data name="id"><value>P-82</value></Data>
      <Data name="source"><value>J-81</value></Data>
      <Data name="target"><value>J-82</value></Data>
    </ExtendedData>
    <LineString>
      <coordinates>
        88.299318,24.1589257
        88.2997085,24.1594524
      </coordinates>
    </LineString>
  </Placemark>
  <Placemark>
    <name>P-83</name>
    <ExtendedData>
      <Data name="id"><value>P-83</value></Data>
      <Data name="source"><value>J-81</value></Data>
      <Data name="target"><value>J-83</value></Data>
    </ExtendedData>
    <LineString>
      <coordinates>
        88.299318,24.1589257
        88.2990447,24.159343
      </coordinates>
    </LineString>
  </Placemark>
  <Placemark>
    <name>P-84</name>
    <ExtendedData>
      <Data name="id"><value>P-84</value></Data>
      <Data name="source"><value>J-80</value></Data>
      <Data name="target"><value>J-84</value></Data>
    </ExtendedData>
    <LineString>
      <coordinates>
        88.3013956,24.1574598
        88.3016466,24.1590608
      </coordinates>
    </LineString>
  </Placemark>
  <Placemark>
    <name>P-85</name>
    <ExtendedData>
      <Data name="id"><value>P-85</value></Data>
      <Data name="source"><value>J-84</value></Data>
      <Data name="target"><value>J-85</value></Data>
    </ExtendedData>
    <LineString>
      <coordinates>
        88.3016466,24.1590608
        88.2996606,24.1590078
      </coordinates>
    </LineString>
  </Placemark>
  <Placemark>
    <name>P-86</name>
    <ExtendedData>
      <Data name="id"><value>P-86</value></Data>
      <Data name="source"><value>J-84</value></Data>
      <Data name="target"><value>J-86</value></Data>
    </ExtendedData>
    <LineString>
      <coordinates>
        88.3016466,24.1590608
        88.301742,24.1599188
      </coordinates>
    </LineString>
  </Placemark>
  <Placemark>
    <name>P-87</name>
    <ExtendedData>
      <Data name="id"><value>P-87</value></Data>
      <Data name="source"><value>J-80</value></Data>
      <Data name="target"><value>J-87</value></Data>
    </ExtendedData>
    <LineString>
      <coordinates>
        88.3013956,24.1574598
        88.3019148,24.157175
      </coordinates>
    </LineString>
  </Placemark>
  <Placemark>
    <name>P-88</name>
    <ExtendedData>
      <Data name="id"><value>P-88</value></Data>
      <Data name="source"><value>J-87</value></Data>
      <Data name="target"><value>J-88</value></Data>
    </ExtendedData>
    <LineString>
      <coordinates>
        88.3019148,24.157175
        88.3018963,24.1575234
      </coordinates>
    </LineString>
  </Placemark>
  <Placemark>
    <name>P-89</name>
    <ExtendedData>
      <Data name="id"><value>P-89</value></Data>
      <Data name="source"><value>J-87</value></Data>
      <Data name="target"><value>J-89</value></Data>
    </ExtendedData>
    <LineString>
      <coordinates>
        88.3019148,24.157175
        88.3030546,24.1567145
      </coordinates>
    </LineString>
  </Placemark>
  <Placemark>
    <name>P-90</name>
    <ExtendedData>
      <Data name="id"><value>P-90</value></Data>
      <Data name="source"><value>J-89</value></Data>
      <Data name="target"><value>J-90</value></Data>
    </ExtendedData>
    <LineString>
      <coordinates>
        88.3030546,24.1567145
        88.3038281,24.1567521
      </coordinates>
    </LineString>
  </Placemark>
  <Placemark>
    <name>P-91</name>
    <ExtendedData>
      <Data name="id"><value>P-91</value></Data>
      <Data name="source"><value>J-89</value></Data>
      <Data name="target"><value>J-91</value></Data>
    </ExtendedData>
    <LineString>
      <coordinates>
        88.3030546,24.1567145
        88.3033767,24.155492
      </coordinates>
    </LineString>
  </Placemark>
  <Placemark>
    <name>P-92</name>
    <ExtendedData>
      <Data name="id"><value>P-92</value></Data>
      <Data name="source"><value>J-78</value></Data>
      <Data name="target"><value>J-92</value></Data>
    </ExtendedData>
    <LineString>
      <coordinates>
        88.2984815,24.1531931
        88.298568,24.1531734
      </coordinates>
    </LineString>
  </Placemark>
  <Placemark>
    <name>P-93</name>
    <ExtendedData>
      <Data name="id"><value>P-93</value></Data>
      <Data name="source"><value>J-92</value></Data>
      <Data name="target"><value>J-93</value></Data>
    </ExtendedData>
    <LineString>
      <coordinates>
        88.298568,24.1531734
        88.2985869,24.1523645
      </coordinates>
    </LineString>
  </Placemark>
  <Placemark>
    <name>P-94</name>
    <ExtendedData>
      <Data name="id"><value>P-94</value></Data>
      <Data name="source"><value>J-92</value></Data>
      <Data name="target"><value>J-94</value></Data>
    </ExtendedData>
    <LineString>
      <coordinates>
        88.298568,24.1531734
        88.2998806,24.1531258
      </coordinates>
    </LineString>
  </Placemark>
  <Placemark>
    <name>P-95</name>
    <ExtendedData>
      <Data name="id"><value>P-95</value></Data>
      <Data name="source"><value>J-94</value></Data>
      <Data name="target"><value>J-95</value></Data>
    </ExtendedData>
    <LineString>
      <coordinates>
        88.2998806,24.1531258
        88.3009222,24.1561183
      </coordinates>
    </LineString>
  </Placemark>
  <Placemark>
    <name>P-96</name>
    <ExtendedData>
      <Data name="id"><value>P-96</value></Data>
      <Data name="source"><value>J-95</value></Data>
      <Data name="target"><value>J-96</value></Data>
    </ExtendedData>
    <LineString>
      <coordinates>
        88.3009222,24.1561183
        88.2989964,24.1564946
      </coordinates>
    </LineString>
  </Placemark>
  <Placemark>
    <name>P-97</name>
    <ExtendedData>
      <Data name="id"><value>P-97</value></Data>
      <Data name="source"><value>J-95</value></Data>
      <Data name="target"><value>J-97</value></Data>
    </ExtendedData>
    <LineString>
      <coordinates>
        88.3009222,24.1561183
        88.3012518,24.157446
      </coordinates>
    </LineString>
  </Placemark>
  <Placemark>
    <name>P-98</name>
    <ExtendedData>
      <Data name="id"><value>P-98</value></Data>
      <Data name="source"><value>J-95</value></Data>
      <Data name="target"><value>J-98</value></Data>
    </ExtendedData>
    <LineString>
      <coordinates>
        88.3009222,24.1561183
        88.3019912,24.1555004
      </coordinates>
    </LineString>
  </Placemark>
  <Placemark>
    <name>P-99</name>
    <ExtendedData>
      <Data name="id"><value>P-99</value></Data>
      <Data name="source"><value>J-94</value></Data>
      <Data name="target"><value>J-99</value></Data>
    </ExtendedData>
    <LineString>
      <coordinates>
        88.2998806,24.1531258
        88.2999774,24.153122
      </coordinates>
    </LineString>
  </Placemark>
  <Placemark>
    <name>P-100</name>
    <ExtendedData>
      <Data name="id"><value>P-100</value></Data>
      <Data name="source"><value>J-99</value></Data>
      <Data name="target"><value>J-100</value></Data>
    </ExtendedData>
    <LineString>
      <coordinates>
        88.2999774,24.153122
        88.2996709,24.1521076
      </coordinates>
    </LineString>
  </Placemark>
  <Placemark>
    <name>P-101</name>
    <ExtendedData>
      <Data name="id"><value>P-101</value></Data>
      <Data name="source"><value>J-2</value></Data>
      <Data name="target"><value>J-101</value></Data>
    </ExtendedData>
    <LineString>
      <coordinates>
        88.2981196,24.1531609
        88.2984498,24.1514694
      </coordinates>
    </LineString>
  </Placemark>
  <Placemark>
    <name>P-102</name>
    <ExtendedData>
      <Data name="id"><value>P-102</value></Data>
      <Data name="source"><value>J-101</value></Data>
      <Data name="target"><value>J-102</value></Data>
    </ExtendedData>
    <LineString>
      <coordinates>
        88.2984498,24.1514694
        88.299646,24.1520755
      </coordinates>
    </LineString>
  </Placemark>
  <Placemark>
    <name>P-103</name>
    <ExtendedData>
      <Data name="id"><value>P-103</value></Data>
      <Data name="source"><value>J-101</value></Data>
      <Data name="target"><value>J-103</value></Data>
    </ExtendedData>
    <LineString>
      <coordinates>
        88.2984498,24.1514694
        88.29842,24.1509322
      </coordinates>
    </LineString>
  </Placemark>
  <Placemark>
    <name>P-104</name>
    <ExtendedData>
      <Data name="id"><value>P-104</value></Data>
      <Data name="source"><value>J-30</value></Data>
      <Data name="target"><value>J-104</value></Data>
    </ExtendedData>
    <LineString>
      <coordinates>
        88.2957436,24.1527744
        88.2957462,24.1489822
      </coordinates>
    </LineString>
  </Placemark>
  <Placemark>
    <name>P-105</name>
    <ExtendedData>
      <Data name="id"><value>P-105</value></Data>
      <Data name="source"><value>J-104</value></Data>
      <Data name="target"><value>J-105</value></Data>
    </ExtendedData>
    <LineString>
      <coordinates>
        88.2957462,24.1489822
        88.2969279,24.148698
      </coordinates>
    </LineString>
  </Placemark>
  <Placemark>
    <name>P-106</name>
    <ExtendedData>
      <Data name="id"><value>P-106</value></Data>
      <Data name="source"><value>J-104</value></Data>
      <Data name="target"><value>J-106</value></Data>
    </ExtendedData>
    <LineString>
      <coordinates>
        88.2957462,24.1489822
        88.2953203,24.1466852
      </coordinates>
    </LineString>
  </Placemark>
  <Placemark>
    <name>P-107</name>
    <ExtendedData>
      <Data name="id"><value>P-107</value></Data>
      <Data name="source"><value>J-106</value></Data>
      <Data name="target"><value>J-107</value></Data>
    </ExtendedData>
    <LineString>
      <coordinates>
        88.2953203,24.1466852
        88.2952301,24.1463691
      </coordinates>
    </LineString>
  </Placemark>
  <Placemark>
    <name>P-108</name>
    <ExtendedData>
      <Data name="id"><value>P-108</value></Data>
      <Data name="source"><value>J-107</value></Data>
      <Data name="target"><value>J-108</value></Data>
    </ExtendedData>
    <LineString>
      <coordinates>
        88.2952301,24.1463691
        88.2958311,24.1463589
      </coordinates>
    </LineString>
  </Placemark>
  <Placemark>
    <name>P-115</name>
    <ExtendedData>
      <Data name="id"><value>P-115</value></Data>
      <Data name="source"><value>J-107</value></Data>
      <Data name="target"><value>J-115</value></Data>
    </ExtendedData>
    <LineString>
      <coordinates>
        88.2952301,24.1463691
        88.2949942,24.1447451
      </coordinates>
    </LineString>
  </Placemark>
  <Placemark>
    <name>P-118</name>
    <ExtendedData>
      <Data name="id"><value>P-118</value></Data>
      <Data name="source"><value>J-30</value></Data>
      <Data name="target"><value>J-118</value></Data>
    </ExtendedData>
    <LineString>
      <coordinates>
        88.2957436,24.1527744
        88.3003965,24.1477489
      </coordinates>
    </LineString>
  </Placemark>
  <Placemark>
    <name>P-119</name>
    <ExtendedData>
      <Data name="id"><value>P-119</value></Data>
      <Data name="source"><value>J-118</value></Data>
      <Data name="target"><value>J-119</value></Data>
    </ExtendedData>
    <LineString>
      <coordinates>
        88.3003965,24.1477489
        88.3062184,24.147468
      </coordinates>
    </LineString>
  </Placemark>
  <Placemark>
    <name>P-120</name>
    <ExtendedData>
      <Data name="id"><value>P-120</value></Data>
      <Data name="source"><value>J-119</value></Data>
      <Data name="target"><value>J-120</value></Data>
    </ExtendedData>
    <LineString>
      <coordinates>
        88.3062184,24.147468
        88.3114576,24.1512811
      </coordinates>
    </LineString>
  </Placemark>
  <Placemark>
    <name>P-121</name>
    <ExtendedData>
      <Data name="id"><value>P-121</value></Data>
      <Data name="source"><value>J-119</value></Data>
      <Data name="target"><value>J-121</value></Data>
    </ExtendedData>
    <LineString>
      <coordinates>
        88.3062184,24.147468
        88.3088011,24.1474992
      </coordinates>
    </LineString>
  </Placemark>
  <Placemark>
    <name>P-122</name>
    <ExtendedData>
      <Data name="id"><value>P-122</value></Data>
      <Data name="source"><value>J-121</value></Data>
      <Data name="target"><value>J-122</value></Data>
    </ExtendedData>
    <LineString>
      <coordinates>
        88.3088011,24.1474992
        88.308878,24.1493108
      </coordinates>
    </LineString>
  </Placemark>
  <Placemark>
    <name>P-123</name>
    <ExtendedData>
      <Data name="id"><value>P-123</value></Data>
      <Data name="source"><value>J-121</value></Data>
      <Data name="target"><value>J-123</value></Data>
    </ExtendedData>
    <LineString>
      <coordinates>
        88.3088011,24.1474992
        88.3109001,24.1476094
      </coordinates>
    </LineString>
  </Placemark>
  <Placemark>
    <name>P-124</name>
    <ExtendedData>
      <Data name="id"><value>P-124</value></Data>
      <Data name="source"><value>J-123</value></Data>
      <Data name="target"><value>J-124</value></Data>
    </ExtendedData>
    <LineString>
      <coordinates>
        88.3109001,24.1476094
        88.311545,24.1512825
      </coordinates>
    </LineString>
  </Placemark>
  <Placemark>
    <name>P-125</name>
    <ExtendedData>
      <Data name="id"><value>P-125</value></Data>
      <Data name="source"><value>J-123</value></Data>
      <Data name="target"><value>J-125</value></Data>
    </ExtendedData>
    <LineString>
      <coordinates>
        88.3109001,24.1476094
        88.3108377,24.1463552
      </coordinates>
    </LineString>
  </Placemark>
  <Placemark>
    <name>P-126</name>
    <ExtendedData>
      <Data name="id"><value>P-126</value></Data>
      <Data name="source"><value>J-125</value></Data>
      <Data name="target"><value>J-126</value></Data>
    </ExtendedData>
    <LineString>
      <coordinates>
        88.3108377,24.1463552
        88.3107875,24.1445626
      </coordinates>
    </LineString>
  </Placemark>
  <Placemark>
    <name>P-127</name>
    <ExtendedData>
      <Data name="id"><value>P-127</value></Data>
      <Data name="source"><value>J-118</value></Data>
      <Data name="target"><value>J-127</value></Data>
    </ExtendedData>
    <LineString>
      <coordinates>
        88.3003965,24.1477489
        88.3005951,24.1459429
      </coordinates>
    </LineString>
  </Placemark>
  <Placemark>
    <name>P-128</name>
    <ExtendedData>
      <Data name="id"><value>P-128</value></Data>
      <Data name="source"><value>J-127</value></Data>
      <Data name="target"><value>J-128</value></Data>
    </ExtendedData>
    <LineString>
      <coordinates>
        88.3005951,24.1459429
        88.30191,24.1459704
      </coordinates>
    </LineString>
  </Placemark>
  <Placemark>
    <name>P-129</name>
    <ExtendedData>
      <Data name="id"><value>P-129</value></Data>
      <Data name="source"><value>J-128</value></Data>
      <Data name="target"><value>J-129</value></Data>
    </ExtendedData>
    <LineString>
      <coordinates>
        88.30191,24.1459704
        88.3021401,24.1459838
      </coordinates>
    </LineString>
  </Placemark>
  <Placemark>
    <name>P-130</name>
    <ExtendedData>
      <Data name="id"><value>P-130</value></Data>
      <Data name="source"><value>J-129</value></Data>
      <Data name="target"><value>J-130</value></Data>
    </ExtendedData>
    <LineString>
      <coordinates>
        88.3021401,24.1459838
        88.3020677,24.1473433
      </coordinates>
    </LineString>
  </Placemark>
  <Placemark>
    <name>P-131</name>
    <ExtendedData>
      <Data name="id"><value>P-131</value></Data>
      <Data name="source"><value>J-130</value></Data>
      <Data name="target"><value>J-131</value></Data>
    </ExtendedData>
    <LineString>
      <coordinates>
        88.3020677,24.1473433
        88.3026956,24.1474019
      </coordinates>
    </LineString>
  </Placemark>
  <Placemark>
    <name>P-132</name>
    <ExtendedData>
      <Data name="id"><value>P-132</value></Data>
      <Data name="source"><value>J-130</value></Data>
      <Data name="target"><value>J-132</value></Data>
    </ExtendedData>
    <LineString>
      <coordinates>
        88.3020677,24.1473433
        88.3009969,24.1476186
      </coordinates>
    </LineString>
  </Placemark>
  <Placemark>
    <name>P-133</name>
    <ExtendedData>
      <Data name="id"><value>P-133</value></Data>
      <Data name="source"><value>J-129</value></Data>
      <Data name="target"><value>J-133</value></Data>
    </ExtendedData>
    <LineString>
      <coordinates>
        88.3021401,24.1459838
        88.3035957,24.1459935
      </coordinates>
    </LineString>
  </Placemark>
  <Placemark>
    <name>P-134</name>
    <ExtendedData>
      <Data name="id"><value>P-134</value></Data>
      <Data name="source"><value>J-133</value></Data>
      <Data name="target"><value>J-134</value></Data>
    </ExtendedData>
    <LineString>
      <coordinates>
        88.3035957,24.1459935
        88.3048642,24.1460297
      </coordinates>
    </LineString>
  </Placemark>
  <Placemark>
    <name>P-135</name>
    <ExtendedData>
      <Data name="id"><value>P-135</value></Data>
      <Data name="source"><value>J-133</value></Data>
      <Data name="target"><value>J-135</value></Data>
    </ExtendedData>
    <LineString>
      <coordinates>
        88.3035957,24.1459935
        88.3035268,24.1455343
      </coordinates>
    </LineString>
  </Placemark>
  <Placemark>
    <name>P-136</name>
    <ExtendedData>
      <Data name="id"><value>P-136</value></Data>
      <Data name="source"><value>J-128</value></Data>
      <Data name="target"><value>J-136</value></Data>
    </ExtendedData>
    <LineString>
      <coordinates>
        88.30191,24.1459704
        88.3018846,24.1451746
      </coordinates>
    </LineString>
  </Placemark>
  <Placemark>
    <name>P-137</name>
    <ExtendedData>
      <Data name="id"><value>P-137</value></Data>
      <Data name="source"><value>J-127</value></Data>
      <Data name="target"><value>J-137</value></Data>
    </ExtendedData>
    <LineString>
      <coordinates>
        88.3005951,24.1459429
        88.3002579,24.1445043
      </coordinates>
    </LineString>
  </Placemark>
  <Placemark>
    <name>P-138</name>
    <ExtendedData>
      <Data name="id"><value>P-138</value></Data>
      <Data name="source"><value>J-137</value></Data>
      <Data name="target"><value>J-138</value></Data>
    </ExtendedData>
    <LineString>
      <coordinates>
        88.3002579,24.1445043
        88.3018822,24.1445627
      </coordinates>
    </LineString>
  </Placemark>
  <Placemark>
    <name>P-139</name>
    <ExtendedData>
      <Data name="id"><value>P-139</value></Data>
      <Data name="source"><value>J-138</value></Data>
      <Data name="target"><value>J-139</value></Data>
    </ExtendedData>
    <LineString>
      <coordinates>
        88.3018822,24.1445627
        88.3018877,24.1451044
      </coordinates>
    </LineString>
  </Placemark>
  <Placemark>
    <name>P-140</name>
    <ExtendedData>
      <Data name="id"><value>P-140</value></Data>
      <Data name="source"><value>J-138</value></Data>
      <Data name="target"><value>J-140</value></Data>
    </ExtendedData>
    <LineString>
      <coordinates>
        88.3018822,24.1445627
        88.3032439,24.1447809
      </coordinates>
    </LineString>
  </Placemark>
  <Placemark>
    <name>P-141</name>
    <ExtendedData>
      <Data name="id"><value>P-141</value></Data>
      <Data name="source"><value>J-140</value></Data>
      <Data name="target"><value>J-141</value></Data>
    </ExtendedData>
    <LineString>
      <coordinates>
        88.3032439,24.1447809
        88.303295,24.1453786
      </coordinates>
    </LineString>
  </Placemark>
  <Placemark>
    <name>P-142</name>
    <ExtendedData>
      <Data name="id"><value>P-142</value></Data>
      <Data name="source"><value>J-141</value></Data>
      <Data name="target"><value>J-142</value></Data>
    </ExtendedData>
    <LineString>
      <coordinates>
        88.303295,24.1453786
        88.30348,24.1455126
      </coordinates>
    </LineString>
  </Placemark>
  <Placemark>
    <name>P-143</name>
    <ExtendedData>
      <Data name="id"><value>P-143</value></Data>
      <Data name="source"><value>J-141</value></Data>
      <Data name="target"><value>J-143</value></Data>
    </ExtendedData>
    <LineString>
      <coordinates>
        88.303295,24.1453786
        88.3044616,24.1454926
      </coordinates>
    </LineString>
  </Placemark>
  <Placemark>
    <name>P-144</name>
    <ExtendedData>
      <Data name="id"><value>P-144</value></Data>
      <Data name="source"><value>J-140</value></Data>
      <Data name="target"><value>J-144</value></Data>
    </ExtendedData>
    <LineString>
      <coordinates>
        88.3032439,24.1447809
        88.3031828,24.1437437
      </coordinates>
    </LineString>
  </Placemark>
  <Placemark>
    <name>P-145</name>
    <ExtendedData>
      <Data name="id"><value>P-145</value></Data>
      <Data name="source"><value>J-140</value></Data>
      <Data name="target"><value>J-145</value></Data>
    </ExtendedData>
    <LineString>
      <coordinates>
        88.3032439,24.1447809
        88.3041103,24.1448361
      </coordinates>
    </LineString>
  </Placemark>
  <Placemark>
    <name>P-146</name>
    <ExtendedData>
      <Data name="id"><value>P-146</value></Data>
      <Data name="source"><value>J-145</value></Data>
      <Data name="target"><value>J-146</value></Data>
    </ExtendedData>
    <LineString>
      <coordinates>
        88.3041103,24.1448361
        88.3040275,24.143877
      </coordinates>
    </LineString>
  </Placemark>
  <Placemark>
    <name>P-147</name>
    <ExtendedData>
      <Data name="id"><value>P-147</value></Data>
      <Data name="source"><value>J-145</value></Data>
      <Data name="target"><value>J-147</value></Data>
    </ExtendedData>
    <LineString>
      <coordinates>
        88.3041103,24.1448361
        88.3052363,24.1448101
      </coordinates>
    </LineString>
  </Placemark>
  <Placemark>
    <name>P-148</name>
    <ExtendedData>
      <Data name="id"><value>P-148</value></Data>
      <Data name="source"><value>J-147</value></Data>
      <Data name="target"><value>J-148</value></Data>
    </ExtendedData>
    <LineString>
      <coordinates>
        88.3052363,24.1448101
        88.3049872,24.1441742
      </coordinates>
    </LineString>
  </Placemark>
  <Placemark>
    <name>P-149</name>
    <ExtendedData>
      <Data name="id"><value>P-149</value></Data>
      <Data name="source"><value>J-147</value></Data>
      <Data name="target"><value>J-149</value></Data>
    </ExtendedData>
    <LineString>
      <coordinates>
        88.3052363,24.1448101
        88.306046,24.1447978
      </coordinates>
    </LineString>
  </Placemark>
  <Placemark>
    <name>P-150</name>
    <ExtendedData>
      <Data name="id"><value>P-150</value></Data>
      <Data name="source"><value>J-138</value></Data>
      <Data name="target"><value>J-150</value></Data>
    </ExtendedData>
    <LineString>
      <coordinates>
        88.3018822,24.1445627
        88.3018465,24.1429554
      </coordinates>
    </LineString>
  </Placemark>
  <Placemark>
    <name>P-151</name>
    <ExtendedData>
      <Data name="id"><value>P-151</value></Data>
      <Data name="source"><value>J-137</value></Data>
      <Data name="target"><value>J-151</value></Data>
    </ExtendedData>
    <LineString>
      <coordinates>
        88.3002579,24.1445043
        88.2999828,24.1434701
      </coordinates>
    </LineString>
  </Placemark>
  <Placemark>
    <name>P-152</name>
    <ExtendedData>
      <Data name="id"><value>P-152</value></Data>
      <Data name="source"><value>J-151</value></Data>
      <Data name="target"><value>J-152</value></Data>
    </ExtendedData>
    <LineString>
      <coordinates>
        88.2999828,24.1434701
        88.300954,24.1423798
      </coordinates>
    </LineString>
  </Placemark>
  <Placemark>
    <name>P-153</name>
    <ExtendedData>
      <Data name="id"><value>P-153</value></Data>
      <Data name="source"><value>J-152</value></Data>
      <Data name="target"><value>J-153</value></Data>
    </ExtendedData>
    <LineString>
      <coordinates>
        88.300954,24.1423798
        88.3025344,24.1433112
      </coordinates>
    </LineString>
  </Placemark>
  <Placemark>
    <name>P-154</name>
    <ExtendedData>
      <Data name="id"><value>P-154</value></Data>
      <Data name="source"><value>J-153</value></Data>
      <Data name="target"><value>J-154</value></Data>
    </ExtendedData>
    <LineString>
      <coordinates>
        88.3025344,24.1433112
        88.3046008,24.1434499
      </coordinates>
    </LineString>
  </Placemark>
  <Placemark>
    <name>P-155</name>
    <ExtendedData>
      <Data name="id"><value>P-155</value></Data>
      <Data name="source"><value>J-154</value></Data>
      <Data name="target"><value>J-155</value></Data>
    </ExtendedData>
    <LineString>
      <coordinates>
        88.3046008,24.1434499
        88.3047696,24.14393
      </coordinates>
    </LineString>
  </Placemark>
  <Placemark>
    <name>P-156</name>
    <ExtendedData>
      <Data name="id"><value>P-156</value></Data>
      <Data name="source"><value>J-155</value></Data>
      <Data name="target"><value>J-156</value></Data>
    </ExtendedData>
    <LineString>
      <coordinates>
        88.3047696,24.14393
        88.3049064,24.1441605
      </coordinates>
    </LineString>
  </Placemark>
  <Placemark>
    <name>P-157</name>
    <ExtendedData>
      <Data name="id"><value>P-157</value></Data>
      <Data name="source"><value>J-154</value></Data>
      <Data name="target"><value>J-157</value></Data>
    </ExtendedData>
    <LineString>
      <coordinates>
        88.3046008,24.1434499
        88.305933,24.1437615
      </coordinates>
    </LineString>
  </Placemark>
  <Placemark>
    <name>P-158</name>
    <ExtendedData>
      <Data name="id"><value>P-158</value></Data>
      <Data name="source"><value>J-157</value></Data>
      <Data name="target"><value>J-158</value></Data>
    </ExtendedData>
    <LineString>
      <coordinates>
        88.305933,24.1437615
        88.3060644,24.1447505
      </coordinates>
    </LineString>
  </Placemark>
  <Placemark>
    <name>P-159</name>
    <ExtendedData>
      <Data name="id"><value>P-159</value></Data>
      <Data name="source"><value>J-151</value></Data>
      <Data name="target"><value>J-159</value></Data>
    </ExtendedData>
    <LineString>
      <coordinates>
        88.2999828,24.1434701
        88.2985219,24.1410924
      </coordinates>
    </LineString>
  </Placemark>
  <Placemark>
    <name>P-160</name>
    <ExtendedData>
      <Data name="id"><value>P-160</value></Data>
      <Data name="source"><value>J-159</value></Data>
      <Data name="target"><value>J-160</value></Data>
    </ExtendedData>
    <LineString>
      <coordinates>
        88.2985219,24.1410924
        88.2980279,24.141147
      </coordinates>
    </LineString>
  </Placemark>
  <Placemark>
    <name>P-161</name>
    <ExtendedData>
      <Data name="id"><value>P-161</value></Data>
      <Data name="source"><value>J-159</value></Data>
      <Data name="target"><value>J-161</value></Data>
    </ExtendedData>
    <LineString>
      <coordinates>
        88.2985219,24.1410924
        88.2993371,24.1407444
      </coordinates>
    </LineString>
  </Placemark>
  <Placemark>
    <name>P-162</name>
    <ExtendedData>
      <Data name="id"><value>P-162</value></Data>
      <Data name="source"><value>J-161</value></Data>
      <Data name="target"><value>J-162</value></Data>
    </ExtendedData>
    <LineString>
      <coordinates>
        88.2993371,24.1407444
        88.2999129,24.1415015
      </coordinates>
    </LineString>
  </Placemark>
  <Placemark>
    <name>P-163</name>
    <ExtendedData>
      <Data name="id"><value>P-163</value></Data>
      <Data name="source"><value>J-161</value></Data>
      <Data name="target"><value>J-163</value></Data>
    </ExtendedData>
    <LineString>
      <coordinates>
        88.2993371,24.1407444
        88.2987375,24.1400226
      </coordinates>
    </LineString>
  </Placemark>
  <Placemark>
    <name>P-164</name>
    <ExtendedData>
      <Data name="id"><value>P-164</value></Data>
      <Data name="source"><value>J-152</value></Data>
      <Data name="target"><value>J-164</value></Data>
    </ExtendedData>
    <LineString>
      <coordinates>
        88.300954,24.1423798
        88.3011932,24.1407436
      </coordinates>
    </LineString>
  </Placemark>
  <Placemark>
    <name>P-165</name>
    <ExtendedData>
      <Data name="id"><value>P-165</value></Data>
      <Data name="source"><value>J-164</value></Data>
      <Data name="target"><value>J-165</value></Data>
    </ExtendedData>
    <LineString>
      <coordinates>
        88.3011932,24.1407436
        88.3030397,24.1375695
      </coordinates>
    </LineString>
  </Placemark>
  <Placemark>
    <name>P-166</name>
    <ExtendedData>
      <Data name="id"><value>P-166</value></Data>
      <Data name="source"><value>J-165</value></Data>
      <Data name="target"><value>J-166</value></Data>
    </ExtendedData>
    <LineString>
      <coordinates>
        88.3030397,24.1375695
        88.3054655,24.1371918
      </coordinates>
    </LineString>
  </Placemark>
  <Placemark>
    <name>P-167</name>
    <ExtendedData>
      <Data name="id"><value>P-167</value></Data>
      <Data name="source"><value>J-166</value></Data>
      <Data name="target"><value>J-167</value></Data>
    </ExtendedData>
    <LineString>
      <coordinates>
        88.3054655,24.1371918
        88.3087596,24.1383008
      </coordinates>
    </LineString>
  </Placemark>
  <Placemark>
    <name>P-168</name>
    <ExtendedData>
      <Data name="id"><value>P-168</value></Data>
      <Data name="source"><value>J-167</value></Data>
      <Data name="target"><value>J-168</value></Data>
    </ExtendedData>
    <LineString>
      <coordinates>
        88.3087596,24.1383008
        88.3100977,24.1380204
      </coordinates>
    </LineString>
  </Placemark>
  <Placemark>
    <name>P-169</name>
    <ExtendedData>
      <Data name="id"><value>P-169</value></Data>
      <Data name="source"><value>J-167</value></Data>
      <Data name="target"><value>J-169</value></Data>
    </ExtendedData>
    <LineString>
      <coordinates>
        88.3087596,24.1383008
        88.3102661,24.1396011
      </coordinates>
    </LineString>
  </Placemark>
  <Placemark>
    <name>P-170</name>
    <ExtendedData>
      <Data name="id"><value>P-170</value></Data>
      <Data name="source"><value>J-169</value></Data>
      <Data name="target"><value>J-170</value></Data>
    </ExtendedData>
    <LineString>
      <coordinates>
        88.3102661,24.1396011
        88.3094571,24.1397133
      </coordinates>
    </LineString>
  </Placemark>
  <Placemark>
    <name>P-171</name>
    <ExtendedData>
      <Data name="id"><value>P-171</value></Data>
      <Data name="source"><value>J-169</value></Data>
      <Data name="target"><value>J-171</value></Data>
    </ExtendedData>
    <LineString>
      <coordinates>
        88.3102661,24.1396011
        88.3104982,24.1405281
      </coordinates>
    </LineString>
  </Placemark>
  <Placemark>
    <name>P-172</name>
    <ExtendedData>
      <Data name="id"><value>P-172</value></Data>
      <Data name="source"><value>J-171</value></Data>
      <Data name="target"><value>J-172</value></Data>
    </ExtendedData>
    <LineString>
      <coordinates>
        88.3104982,24.1405281
        88.3112302,24.140508
      </coordinates>
    </LineString>
  </Placemark>
  <Placemark>
    <name>P-173</name>
    <ExtendedData>
      <Data name="id"><value>P-173</value></Data>
      <Data name="source"><value>J-171</value></Data>
      <Data name="target"><value>J-173</value></Data>
    </ExtendedData>
    <LineString>
      <coordinates>
        88.3104982,24.1405281
        88.310589,24.1414096
      </coordinates>
    </LineString>
  </Placemark>
  <Placemark>
    <name>P-174</name>
    <ExtendedData>
      <Data name="id"><value>P-174</value></Data>
      <Data name="source"><value>J-173</value></Data>
      <Data name="target"><value>J-174</value></Data>
    </ExtendedData>
    <LineString>
      <coordinates>
        88.310589,24.1414096
        88.3111748,24.1414071
      </coordinates>
    </LineString>
  </Placemark>
  <Placemark>
    <name>P-175</name>
    <ExtendedData>
      <Data name="id"><value>P-175</value></Data>
      <Data name="source"><value>J-173</value></Data>
      <Data name="target"><value>J-175</value></Data>
    </ExtendedData>
    <LineString>
      <coordinates>
        88.310589,24.1414096
        88.3108632,24.1426891
      </coordinates>
    </LineString>
  </Placemark>
  <Placemark>
    <name>P-176</name>
    <ExtendedData>
      <Data name="id"><value>P-176</value></Data>
      <Data name="source"><value>J-175</value></Data>
      <Data name="target"><value>J-176</value></Data>
    </ExtendedData>
    <LineString>
      <coordinates>
        88.3108632,24.1426891
        88.3107924,24.1444764
      </coordinates>
    </LineString>
  </Placemark>
  <Placemark>
    <name>P-177</name>
    <ExtendedData>
      <Data name="id"><value>P-177</value></Data>
      <Data name="source"><value>J-175</value></Data>
      <Data name="target"><value>J-177</value></Data>
    </ExtendedData>
    <LineString>
      <coordinates>
        88.3108632,24.1426891
        88.3145293,24.1437144
      </coordinates>
    </LineString>
  </Placemark>
  <Placemark>
    <name>P-178</name>
    <ExtendedData>
      <Data name="id"><value>P-178</value></Data>
      <Data name="source"><value>J-177</value></Data>
      <Data name="target"><value>J-178</value></Data>
    </ExtendedData>
    <LineString>
      <coordinates>
        88.3145293,24.1437144
        88.3184111,24.1439145
      </coordinates>
    </LineString>
  </Placemark>
  <Placemark>
    <name>P-179</name>
    <ExtendedData>
      <Data name="id"><value>P-179</value></Data>
      <Data name="source"><value>J-165</value></Data>
      <Data name="target"><value>J-179</value></Data>
    </ExtendedData>
    <LineString>
      <coordinates>
        88.3030397,24.1375695
        88.3029523,24.1364296
      </coordinates>
    </LineString>
  </Placemark>
  <Placemark>
    <name>P-180</name>
    <ExtendedData>
      <Data name="id"><value>P-180</value></Data>
      <Data name="source"><value>J-179</value></Data>
      <Data name="target"><value>J-180</value></Data>
    </ExtendedData>
    <LineString>
      <coordinates>
        88.3029523,24.1364296
        88.3039688,24.1362809
      </coordinates>
    </LineString>
  </Placemark>
  <Placemark>
    <name>P-181</name>
    <ExtendedData>
      <Data name="id"><value>P-181</value></Data>
      <Data name="source"><value>J-179</value></Data>
      <Data name="target"><value>J-181</value></Data>
    </ExtendedData>
    <LineString>
      <coordinates>
        88.3029523,24.1364296
        88.3033406,24.1344764
      </coordinates>
    </LineString>
  </Placemark>
  <Placemark>
    <name>P-182</name>
    <ExtendedData>
      <Data name="id"><value>P-182</value></Data>
      <Data name="source"><value>J-181</value></Data>
      <Data name="target"><value>J-182</value></Data>
    </ExtendedData>
    <LineString>
      <coordinates>
        88.3033406,24.1344764
        88.3077117,24.1334332
      </coordinates>
    </LineString>
  </Placemark>
  <Placemark>
    <name>P-183</name>
    <ExtendedData>
      <Data name="id"><value>P-183</value></Data>
      <Data name="source"><value>J-182</value></Data>
      <Data name="target"><value>J-183</value></Data>
    </ExtendedData>
    <LineString>
      <coordinates>
        88.3077117,24.1334332
        88.3066408,24.134519
      </coordinates>
    </LineString>
  </Placemark>
  <Placemark>
    <name>P-184</name>
    <ExtendedData>
      <Data name="id"><value>P-184</value></Data>
      <Data name="source"><value>J-182</value></Data>
      <Data name="target"><value>J-184</value></Data>
    </ExtendedData>
    <LineString>
      <coordinates>
        88.3077117,24.1334332
        88.3076748,24.1327384
      </coordinates>
    </LineString>
  </Placemark>
  <Placemark>
    <name>P-185</name>
    <ExtendedData>
      <Data name="id"><value>P-185</value></Data>
      <Data name="source"><value>J-184</value></Data>
      <Data name="target"><value>J-185</value></Data>
    </ExtendedData>
    <LineString>
      <coordinates>
        88.3076748,24.1327384
        88.3087319,24.1324507
      </coordinates>
    </LineString>
  </Placemark>
  <Placemark>
    <name>P-186</name>
    <ExtendedData>
      <Data name="id"><value>P-186</value></Data>
      <Data name="source"><value>J-185</value></Data>
      <Data name="target"><value>J-186</value></Data>
    </ExtendedData>
    <LineString>
      <coordinates>
        88.3087319,24.1324507
        88.3090694,24.1324345
      </coordinates>
    </LineString>
  </Placemark>
  <Placemark>
    <name>P-187</name>
    <ExtendedData>
      <Data name="id"><value>P-187</value></Data>
      <Data name="source"><value>J-186</value></Data>
      <Data name="target"><value>J-187</value></Data>
    </ExtendedData>
    <LineString>
      <coordinates>
        88.3090694,24.1324345
        88.3090292,24.1319153
      </coordinates>
    </LineString>
  </Placemark>
  <Placemark>
    <name>P-188</name>
    <ExtendedData>
      <Data name="id"><value>P-188</value></Data>
      <Data name="source"><value>J-186</value></Data>
      <Data name="target"><value>J-188</value></Data>
    </ExtendedData>
    <LineString>
      <coordinates>
        88.3090694,24.1324345
        88.3099648,24.1326353
      </coordinates>
    </LineString>
  </Placemark>
  <Placemark>
    <name>P-189</name>
    <ExtendedData>
      <Data name="id"><value>P-189</value></Data>
      <Data name="source"><value>J-188</value></Data>
      <Data name="target"><value>J-189</value></Data>
    </ExtendedData>
    <LineString>
      <coordinates>
        88.3099648,24.1326353
        88.3104971,24.1326548
      </coordinates>
    </LineString>
  </Placemark>
  <Placemark>
    <name>P-190</name>
    <ExtendedData>
      <Data name="id"><value>P-190</value></Data>
      <Data name="source"><value>J-185</value></Data>
      <Data name="target"><value>J-190</value></Data>
    </ExtendedData>
    <LineString>
      <coordinates>
        88.3087319,24.1324507
        88.3085837,24.1322443
      </coordinates>
    </LineString>
  </Placemark>
  <Placemark>
    <name>P-191</name>
    <ExtendedData>
      <Data name="id"><value>P-191</value></Data>
      <Data name="source"><value>J-184</value></Data>
      <Data name="target"><value>J-191</value></Data>
    </ExtendedData>
    <LineString>
      <coordinates>
        88.3076748,24.1327384
        88.3076423,24.1324133
      </coordinates>
    </LineString>
  </Placemark>
  <Placemark>
    <name>P-192</name>
    <ExtendedData>
      <Data name="id"><value>P-192</value></Data>
      <Data name="source"><value>J-191</value></Data>
      <Data name="target"><value>J-192</value></Data>
    </ExtendedData>
    <LineString>
      <coordinates>
        88.3076423,24.1324133
        88.3085395,24.1322405
      </coordinates>
    </LineString>
  </Placemark>
  <Placemark>
    <name>P-193</name>
    <ExtendedData>
      <Data name="id"><value>P-193</value></Data>
      <Data name="source"><value>J-191</value></Data>
      <Data name="target"><value>J-193</value></Data>
    </ExtendedData>
    <LineString>
      <coordinates>
        88.3076423,24.1324133
        88.3074167,24.1290186
      </coordinates>
    </LineString>
  </Placemark>
  <Placemark>
    <name>P-194</name>
    <ExtendedData>
      <Data name="id"><value>P-194</value></Data>
      <Data name="source"><value>J-193</value></Data>
      <Data name="target"><value>J-194</value></Data>
    </ExtendedData>
    <LineString>
      <coordinates>
        88.3074167,24.1290186
        88.3060177,24.1291372
      </coordinates>
    </LineString>
  </Placemark>
  <Placemark>
    <name>P-195</name>
    <ExtendedData>
      <Data name="id"><value>P-195</value></Data>
      <Data name="source"><value>J-193</value></Data>
      <Data name="target"><value>J-195</value></Data>
    </ExtendedData>
    <LineString>
      <coordinates>
        88.3074167,24.1290186
        88.3074884,24.1269761
      </coordinates>
    </LineString>
  </Placemark>
  <Placemark>
    <name>P-196</name>
    <ExtendedData>
      <Data name="id"><value>P-196</value></Data>
      <Data name="source"><value>J-181</value></Data>
      <Data name="target"><value>J-196</value></Data>
    </ExtendedData>
    <LineString>
      <coordinates>
        88.3033406,24.1344764
        88.303996,24.1327628
      </coordinates>
    </LineString>
  </Placemark>
  <Placemark>
    <name>P-197</name>
    <ExtendedData>
      <Data name="id"><value>P-197</value></Data>
      <Data name="source"><value>J-196</value></Data>
      <Data name="target"><value>J-197</value></Data>
    </ExtendedData>
    <LineString>
      <coordinates>
        88.303996,24.1327628
        88.300898,24.1316067
      </coordinates>
    </LineString>
  </Placemark>
  <Placemark>
    <name>P-198</name>
    <ExtendedData>
      <Data name="id"><value>P-198</value></Data>
      <Data name="source"><value>J-197</value></Data>
      <Data name="target"><value>J-198</value></Data>
    </ExtendedData>
    <LineString>
      <coordinates>
        88.300898,24.1316067
        88.3007224,24.1293255
      </coordinates>
    </LineString>
  </Placemark>
  <Placemark>
    <name>P-199</name>
    <ExtendedData>
      <Data name="id"><value>P-199</value></Data>
      <Data name="source"><value>J-198</value></Data>
      <Data name="target"><value>J-199</value></Data>
    </ExtendedData>
    <LineString>
      <coordinates>
        88.3007224,24.1293255
        88.3005038,24.1288163
      </coordinates>
    </LineString>
  </Placemark>
  <Placemark>
    <name>P-200</name>
    <ExtendedData>
      <Data name="id"><value>P-200</value></Data>
      <Data name="source"><value>J-196</value></Data>
      <Data name="target"><value>J-200</value></Data>
    </ExtendedData>
    <LineString>
      <coordinates>
        88.303996,24.1327628
        88.304099,24.1304639
      </coordinates>
    </LineString>
  </Placemark>
  <Placemark>
    <name>P-201</name>
    <ExtendedData>
      <Data name="id"><value>P-201</value></Data>
      <Data name="source"><value>J-200</value></Data>
      <Data name="target"><value>J-201</value></Data>
    </ExtendedData>
    <LineString>
      <coordinates>
        88.304099,24.1304639
        88.3044114,24.1282602
      </coordinates>
    </LineString>
  </Placemark>
  <Placemark>
    <name>P-202</name>
    <ExtendedData>
      <Data name="id"><value>P-202</value></Data>
      <Data name="source"><value>J-159</value></Data>
      <Data name="target"><value>J-202</value></Data>
    </ExtendedData>
    <LineString>
      <coordinates>
        88.2985219,24.1410924
        88.2976118,24.1402156
      </coordinates>
    </LineString>
  </Placemark>
  <Placemark>
    <name>P-203</name>
    <ExtendedData>
      <Data name="id"><value>P-203</value></Data>
      <Data name="source"><value>J-202</value></Data>
      <Data name="target"><value>J-203</value></Data>
    </ExtendedData>
    <LineString>
      <coordinates>
        88.2976118,24.1402156
        88.2972967,24.1397218
      </coordinates>
    </LineString>
  </Placemark>
  <Placemark>
    <name>P-204</name>
    <ExtendedData>
      <Data name="id"><value>P-204</value></Data>
      <Data name="source"><value>J-203</value></Data>
      <Data name="target"><value>J-204</value></Data>
    </ExtendedData>
    <LineString>
      <coordinates>
        88.2972967,24.1397218
        88.2974703,24.1392387
      </coordinates>
    </LineString>
  </Placemark>
  <Placemark>
    <name>P-205</name>
    <ExtendedData>
      <Data name="id"><value>P-205</value></Data>
      <Data name="source"><value>J-204</value></Data>
      <Data name="target"><value>J-205</value></Data>
    </ExtendedData>
    <LineString>
      <coordinates>
        88.2974703,24.1392387
        88.297811,24.1391248
      </coordinates>
    </LineString>
  </Placemark>
  <Placemark>
    <name>P-206</name>
    <ExtendedData>
      <Data name="id"><value>P-206</value></Data>
      <Data name="source"><value>J-204</value></Data>
      <Data name="target"><value>J-206</value></Data>
    </ExtendedData>
    <LineString>
      <coordinates>
        88.2974703,24.1392387
        88.2970872,24.138474
      </coordinates>
    </LineString>
  </Placemark>
  <Placemark>
    <name>P-207</name>
    <ExtendedData>
      <Data name="id"><value>P-207</value></Data>
      <Data name="source"><value>J-203</value></Data>
      <Data name="target"><value>J-207</value></Data>
    </ExtendedData>
    <LineString>
      <coordinates>
        88.2972967,24.1397218
        88.29635,24.1374345
      </coordinates>
    </LineString>
  </Placemark>
  <Placemark>
    <name>P-208</name>
    <ExtendedData>
      <Data name="id"><value>P-208</value></Data>
      <Data name="source"><value>J-207</value></Data>
      <Data name="target"><value>J-208</value></Data>
    </ExtendedData>
    <LineString>
      <coordinates>
        88.29635,24.1374345
        88.2970438,24.1384131
      </coordinates>
    </LineString>
  </Placemark>
  <Placemark>
    <name>P-209</name>
    <ExtendedData>
      <Data name="id"><value>P-209</value></Data>
      <Data name="source"><value>J-207</value></Data>
      <Data name="target"><value>J-209</value></Data>
    </ExtendedData>
    <LineString>
      <coordinates>
        88.29635,24.1374345
        88.2960801,24.1364797
      </coordinates>
    </LineString>
  </Placemark>
  <Placemark>
    <name>P-210</name>
    <ExtendedData>
      <Data name="id"><value>P-210</value></Data>
      <Data name="source"><value>J-209</value></Data>
      <Data name="target"><value>J-210</value></Data>
    </ExtendedData>
    <LineString>
      <coordinates>
        88.2960801,24.1364797
        88.2958381,24.1371242
      </coordinates>
    </LineString>
  </Placemark>
  <Placemark>
    <name>P-211</name>
    <ExtendedData>
      <Data name="id"><value>P-211</value></Data>
      <Data name="source"><value>J-210</value></Data>
      <Data name="target"><value>J-211</value></Data>
    </ExtendedData>
    <LineString>
      <coordinates>
        88.2958381,24.1371242
        88.2956679,24.1374228
      </coordinates>
    </LineString>
  </Placemark>
  <Placemark>
    <name>P-212</name>
    <ExtendedData>
      <Data name="id"><value>P-212</value></Data>
      <Data name="source"><value>J-203</value></Data>
      <Data name="target"><value>J-212</value></Data>
    </ExtendedData>
    <LineString>
      <coordinates>
        88.2972967,24.1397218
        88.2951426,24.1414593
      </coordinates>
    </LineString>
  </Placemark>
  <Placemark>
    <name>P-213</name>
    <ExtendedData>
      <Data name="id"><value>P-213</value></Data>
      <Data name="source"><value>J-212</value></Data>
      <Data name="target"><value>J-213</value></Data>
    </ExtendedData>
    <LineString>
      <coordinates>
        88.2951426,24.1414593
        88.2949193,24.1434665
      </coordinates>
    </LineString>
  </Placemark>
  <Placemark>
    <name>P-214</name>
    <ExtendedData>
      <Data name="id"><value>P-214</value></Data>
      <Data name="source"><value>J-213</value></Data>
      <Data name="target"><value>J-214</value></Data>
    </ExtendedData>
    <LineString>
      <coordinates>
        88.2949193,24.1434665
        88.2949653,24.1442182
      </coordinates>
    </LineString>
  </Placemark>
  <Placemark>
    <name>P-218</name>
    <ExtendedData>
      <Data name="id"><value>P-218</value></Data>
      <Data name="source"><value>J-209</value></Data>
      <Data name="target"><value>J-218</value></Data>
    </ExtendedData>
    <LineString>
      <coordinates>
        88.2960801,24.1364797
        88.2958254,24.1348881
      </coordinates>
    </LineString>
  </Placemark>
  <Placemark>
    <name>P-219</name>
    <ExtendedData>
      <Data name="id"><value>P-219</value></Data>
      <Data name="source"><value>J-218</value></Data>
      <Data name="target"><value>J-219</value></Data>
    </ExtendedData>
    <LineString>
      <coordinates>
        88.2958254,24.1348881
        88.2966612,24.1347465
      </coordinates>
    </LineString>
  </Placemark>
  <Placemark>
    <name>P-220</name>
    <ExtendedData>
      <Data name="id"><value>P-220</value></Data>
      <Data name="source"><value>J-218</value></Data>
      <Data name="target"><value>J-220</value></Data>
    </ExtendedData>
    <LineString>
      <coordinates>
        88.2958254,24.1348881
        88.2955161,24.1340498
      </coordinates>
    </LineString>
  </Placemark>
  <Placemark>
    <name>P-221</name>
    <ExtendedData>
      <Data name="id"><value>P-221</value></Data>
      <Data name="source"><value>J-220</value></Data>
      <Data name="target"><value>J-221</value></Data>
    </ExtendedData>
    <LineString>
      <coordinates>
        88.2955161,24.1340498
        88.296251,24.1339068
      </coordinates>
    </LineString>
  </Placemark>
  <Placemark>
    <name>P-222</name>
    <ExtendedData>
      <Data name="id"><value>P-222</value></Data>
      <Data name="source"><value>J-220</value></Data>
      <Data name="target"><value>J-222</value></Data>
    </ExtendedData>
    <LineString>
      <coordinates>
        88.2955161,24.1340498
        88.2948262,24.1325056
      </coordinates>
    </LineString>
  </Placemark>
  <Placemark>
    <name>P-223</name>
    <ExtendedData>
      <Data name="id"><value>P-223</value></Data>
      <Data name="source"><value>J-222</value></Data>
      <Data name="target"><value>J-223</value></Data>
    </ExtendedData>
    <LineString>
      <coordinates>
        88.2948262,24.1325056
        88.2957861,24.1324254
      </coordinates>
    </LineString>
  </Placemark>
  <Placemark>
    <name>P-224</name>
    <ExtendedData>
      <Data name="id"><value>P-224</value></Data>
      <Data name="source"><value>J-222</value></Data>
      <Data name="target"><value>J-224</value></Data>
    </ExtendedData>
    <LineString>
      <coordinates>
        88.2948262,24.1325056
        88.2944275,24.1311073
      </coordinates>
    </LineString>
  </Placemark>
  <Placemark>
    <name>P-225</name>
    <ExtendedData>
      <Data name="id"><value>P-225</value></Data>
      <Data name="source"><value>J-224</value></Data>
      <Data name="target"><value>J-225</value></Data>
    </ExtendedData>
    <LineString>
      <coordinates>
        88.2944275,24.1311073
        88.2952938,24.1309875
      </coordinates>
    </LineString>
  </Placemark>
  <Placemark>
    <name>P-226</name>
    <ExtendedData>
      <Data name="id"><value>P-226</value></Data>
      <Data name="source"><value>J-224</value></Data>
      <Data name="target"><value>J-226</value></Data>
    </ExtendedData>
    <LineString>
      <coordinates>
        88.2944275,24.1311073
        88.2942025,24.1291582
      </coordinates>
    </LineString>
  </Placemark>
  <Placemark>
    <name>P-227</name>
    <ExtendedData>
      <Data name="id"><value>P-227</value></Data>
      <Data name="source"><value>J-226</value></Data>
      <Data name="target"><value>J-227</value></Data>
    </ExtendedData>
    <LineString>
      <coordinates>
        88.2942025,24.1291582
        88.2982314,24.1283283
      </coordinates>
    </LineString>
  </Placemark>
  <Placemark>
    <name>P-228</name>
    <ExtendedData>
      <Data name="id"><value>P-228</value></Data>
      <Data name="source"><value>J-227</value></Data>
      <Data name="target"><value>J-228</value></Data>
    </ExtendedData>
    <LineString>
      <coordinates>
        88.2982314,24.1283283
        88.2999818,24.1281817
      </coordinates>
    </LineString>
  </Placemark>
  <Placemark>
    <name>P-229</name>
    <ExtendedData>
      <Data name="id"><value>P-229</value></Data>
      <Data name="source"><value>J-226</value></Data>
      <Data name="target"><value>J-229</value></Data>
    </ExtendedData>
    <LineString>
      <coordinates>
        88.2942025,24.1291582
        88.2941745,24.128941
      </coordinates>
    </LineString>
  </Placemark>
  <Placemark>
    <name>P-230</name>
    <ExtendedData>
      <Data name="id"><value>P-230</value></Data>
      <Data name="source"><value>J-229</value></Data>
      <Data name="target"><value>J-230</value></Data>
    </ExtendedData>
    <LineString>
      <coordinates>
        88.2941745,24.128941
        88.2951924,24.1287969
      </coordinates>
    </LineString>
  </Placemark>
  <Placemark>
    <name>P-231</name>
    <ExtendedData>
      <Data name="id"><value>P-231</value></Data>
      <Data name="source"><value>J-229</value></Data>
      <Data name="target"><value>J-231</value></Data>
    </ExtendedData>
    <LineString>
      <coordinates>
        88.2941745,24.128941
        88.2940106,24.1279436
      </coordinates>
    </LineString>
  </Placemark>
  <Placemark>
    <name>P-232</name>
    <ExtendedData>
      <Data name="id"><value>P-232</value></Data>
      <Data name="source"><value>J-231</value></Data>
      <Data name="target"><value>J-232</value></Data>
    </ExtendedData>
    <LineString>
      <coordinates>
        88.2940106,24.1279436
        88.2962871,24.127591
      </coordinates>
    </LineString>
  </Placemark>
  <Placemark>
    <name>P-233</name>
    <ExtendedData>
      <Data name="id"><value>P-233</value></Data>
      <Data name="source"><value>J-231</value></Data>
      <Data name="target"><value>J-233</value></Data>
    </ExtendedData>
    <LineString>
      <coordinates>
        88.2940106,24.1279436
        88.293736,24.126829
      </coordinates>
    </LineString>
  </Placemark>
  <Placemark>
    <name>P-234</name>
    <ExtendedData>
      <Data name="id"><value>P-234</value></Data>
      <Data name="source"><value>J-233</value></Data>
      <Data name="target"><value>J-234</value></Data>
    </ExtendedData>
    <LineString>
      <coordinates>
        88.293736,24.126829
        88.2963937,24.1262617
      </coordinates>
    </LineString>
  </Placemark>
  <Placemark>
    <name>P-235</name>
    <ExtendedData>
      <Data name="id"><value>P-235</value></Data>
      <Data name="source"><value>J-233</value></Data>
      <Data name="target"><value>J-235</value></Data>
    </ExtendedData>
    <LineString>
      <coordinates>
        88.293736,24.126829
        88.294701,24.1254786
      </coordinates>
    </LineString>
  </Placemark>
  <Placemark>
    <name>P-236</name>
    <ExtendedData>
      <Data name="id"><value>P-236</value></Data>
      <Data name="source"><value>J-235</value></Data>
      <Data name="target"><value>J-236</value></Data>
    </ExtendedData>
    <LineString>
      <coordinates>
        88.294701,24.1254786
        88.2962281,24.1252299
      </coordinates>
    </LineString>
  </Placemark>
  <Placemark>
    <name>P-237</name>
    <ExtendedData>
      <Data name="id"><value>P-237</value></Data>
      <Data name="source"><value>J-235</value></Data>
      <Data name="target"><value>J-237</value></Data>
    </ExtendedData>
    <LineString>
      <coordinates>
        88.294701,24.1254786
        88.2944173,24.1243609
      </coordinates>
    </LineString>
  </Placemark>
  <Placemark>
    <name>P-238</name>
    <ExtendedData>
      <Data name="id"><value>P-238</value></Data>
      <Data name="source"><value>J-235</value></Data>
      <Data name="target"><value>J-239</value></Data>
    </ExtendedData>
    <LineString>
      <coordinates>
        88.294701,24.1254786
        88.2938353,24.1249281
      </coordinates>
    </LineString>
  </Placemark>
  <Placemark>
    <name>P-239</name>
    <ExtendedData>
      <Data name="id"><value>P-239</value></Data>
      <Data name="source"><value>J-233</value></Data>
      <Data name="target"><value>J-240</value></Data>
    </ExtendedData>
    <LineString>
      <coordinates>
        88.293736,24.126829
        88.2934589,24.124243
      </coordinates>
    </LineString>
  </Placemark>
  <Placemark>
    <name>P-240</name>
    <ExtendedData>
      <Data name="id"><value>P-240</value></Data>
      <Data name="source"><value>J-240</value></Data>
      <Data name="target"><value>J-241</value></Data>
    </ExtendedData>
    <LineString>
      <coordinates>
        88.2934589,24.124243
        88.2938073,24.124882
      </coordinates>
    </LineString>
  </Placemark>
  <Placemark>
    <name>P-241</name>
    <ExtendedData>
      <Data name="id"><value>P-241</value></Data>
      <Data name="source"><value>J-240</value></Data>
      <Data name="target"><value>J-242</value></Data>
    </ExtendedData>
    <LineString>
      <coordinates>
        88.2934589,24.124243
        88.2941108,24.1242082
      </coordinates>
    </LineString>
  </Placemark>
  <Placemark>
    <name>P-242</name>
    <ExtendedData>
      <Data name="id"><value>P-242</value></Data>
      <Data name="source"><value>J-242</value></Data>
      <Data name="target"><value>J-243</value></Data>
    </ExtendedData>
    <LineString>
      <coordinates>
        88.2941108,24.1242082
        88.29436,24.1243216
      </coordinates>
    </LineString>
  </Placemark>
  <Placemark>
    <name>P-243</name>
    <ExtendedData>
      <Data name="id"><value>P-243</value></Data>
      <Data name="source"><value>J-240</value></Data>
      <Data name="target"><value>J-244</value></Data>
    </ExtendedData>
    <LineString>
      <coordinates>
        88.2934589,24.124243
        88.2933133,24.1232459
      </coordinates>
    </LineString>
  </Placemark>
  <Placemark>
    <name>P-244</name>
    <ExtendedData>
      <Data name="id"><value>P-244</value></Data>
      <Data name="source"><value>J-244</value></Data>
      <Data name="target"><value>J-245</value></Data>
    </ExtendedData>
    <LineString>
      <coordinates>
        88.2933133,24.1232459
        88.2930991,24.1220717
      </coordinates>
    </LineString>
  </Placemark>
  <Placemark>
    <name>P-245</name>
    <ExtendedData>
      <Data name="id"><value>P-245</value></Data>
      <Data name="source"><value>J-244</value></Data>
      <Data name="target"><value>J-246</value></Data>
    </ExtendedData>
    <LineString>
      <coordinates>
        88.2933133,24.1232459
        88.2915957,24.1234698
      </coordinates>
    </LineString>
  </Placemark>
  <Placemark>
    <name>P-246</name>
    <ExtendedData>
      <Data name="id"><value>P-246</value></Data>
      <Data name="source"><value>J-246</value></Data>
      <Data name="target"><value>J-247</value></Data>
    </ExtendedData>
    <LineString>
      <coordinates>
        88.2915957,24.1234698
        88.2915086,24.1232382
      </coordinates>
    </LineString>
  </Placemark>
  <Placemark>
    <name>P-247</name>
    <ExtendedData>
      <Data name="id"><value>P-247</value></Data>
      <Data name="source"><value>J-246</value></Data>
      <Data name="target"><value>J-248</value></Data>
    </ExtendedData>
    <LineString>
      <coordinates>
        88.2915957,24.1234698
        88.2913836,24.12351
      </coordinates>
    </LineString>
  </Placemark>
  <Placemark>
    <name>P-248</name>
    <ExtendedData>
      <Data name="id"><value>P-248</value></Data>
      <Data name="source"><value>J-248</value></Data>
      <Data name="target"><value>J-249</value></Data>
    </ExtendedData>
    <LineString>
      <coordinates>
        88.2913836,24.12351
        88.2910952,24.1232455
      </coordinates>
    </LineString>
  </Placemark>
  <Placemark>
    <name>P-249</name>
    <ExtendedData>
      <Data name="id"><value>P-249</value></Data>
      <Data name="source"><value>J-248</value></Data>
      <Data name="target"><value>J-250</value></Data>
    </ExtendedData>
    <LineString>
      <coordinates>
        88.2913836,24.12351
        88.291115,24.1235474
      </coordinates>
    </LineString>
  </Placemark>
  <Placemark>
    <name>P-250</name>
    <ExtendedData>
      <Data name="id"><value>P-250</value></Data>
      <Data name="source"><value>J-250</value></Data>
      <Data name="target"><value>J-251</value></Data>
    </ExtendedData>
    <LineString>
      <coordinates>
        88.291115,24.1235474
        88.290868,24.1236379
      </coordinates>
    </LineString>
  </Placemark>
  <Placemark>
    <name>P-251</name>
    <ExtendedData>
      <Data name="id"><value>P-251</value></Data>
      <Data name="source"><value>J-250</value></Data>
      <Data name="target"><value>J-252</value></Data>
    </ExtendedData>
    <LineString>
      <coordinates>
        88.291115,24.1235474
        88.2917549,24.1241298
      </coordinates>
    </LineString>
  </Placemark>
  <Placemark>
    <name>P-252</name>
    <ExtendedData>
      <Data name="id"><value>P-252</value></Data>
      <Data name="source"><value>J-233</value></Data>
      <Data name="target"><value>J-253</value></Data>
    </ExtendedData>
    <LineString>
      <coordinates>
        88.293736,24.126829
        88.2930512,24.1257291
      </coordinates>
    </LineString>
  </Placemark>
  <Placemark>
    <name>P-253</name>
    <ExtendedData>
      <Data name="id"><value>P-253</value></Data>
      <Data name="source"><value>J-253</value></Data>
      <Data name="target"><value>J-254</value></Data>
    </ExtendedData>
    <LineString>
      <coordinates>
        88.2930512,24.1257291
        88.2921862,24.1245192
      </coordinates>
    </LineString>
  </Placemark>
  <Placemark>
    <name>P-254</name>
    <ExtendedData>
      <Data name="id"><value>P-254</value></Data>
      <Data name="source"><value>J-254</value></Data>
      <Data name="target"><value>J-255</value></Data>
    </ExtendedData>
    <LineString>
      <coordinates>
        88.2921862,24.1245192
        88.2918024,24.1241733
      </coordinates>
    </LineString>
  </Placemark>
  <Placemark>
    <name>P-255</name>
    <ExtendedData>
      <Data name="id"><value>P-255</value></Data>
      <Data name="source"><value>J-233</value></Data>
      <Data name="target"><value>J-256</value></Data>
    </ExtendedData>
    <LineString>
      <coordinates>
        88.293736,24.126829
        88.2908001,24.1270123
      </coordinates>
    </LineString>
  </Placemark>
  <Placemark>
    <name>P-256</name>
    <ExtendedData>
      <Data name="id"><value>P-256</value></Data>
      <Data name="source"><value>J-256</value></Data>
      <Data name="target"><value>J-257</value></Data>
    </ExtendedData>
    <LineString>
      <coordinates>
        88.2908001,24.1270123
        88.2918134,24.1288723
      </coordinates>
    </LineString>
  </Placemark>
  <Placemark>
    <name>P-257</name>
    <ExtendedData>
      <Data name="id"><value>P-257</value></Data>
      <Data name="source"><value>J-256</value></Data>
      <Data name="target"><value>J-258</value></Data>
    </ExtendedData>
    <LineString>
      <coordinates>
        88.2908001,24.1270123
        88.2900515,24.1277535
      </coordinates>
    </LineString>
  </Placemark>
  <Placemark>
    <name>P-258</name>
    <ExtendedData>
      <Data name="id"><value>P-258</value></Data>
      <Data name="source"><value>J-258</value></Data>
      <Data name="target"><value>J-259</value></Data>
    </ExtendedData>
    <LineString>
      <coordinates>
        88.2900515,24.1277535
        88.2890561,24.1280978
      </coordinates>
    </LineString>
  </Placemark>
  <Placemark>
    <name>P-259</name>
    <ExtendedData>
      <Data name="id"><value>P-259</value></Data>
      <Data name="source"><value>J-259</value></Data>
      <Data name="target"><value>J-260</value></Data>
    </ExtendedData>
    <LineString>
      <coordinates>
        88.2890561,24.1280978
        88.2878764,24.1285781
      </coordinates>
    </LineString>
  </Placemark>
  <Placemark>
    <name>P-260</name>
    <ExtendedData>
      <Data name="id"><value>P-260</value></Data>
      <Data name="source"><value>J-260</value></Data>
      <Data name="target"><value>J-261</value></Data>
    </ExtendedData>
    <LineString>
      <coordinates>
        88.2878764,24.1285781
        88.2876795,24.1289941
      </coordinates>
    </LineString>
  </Placemark>
  <Placemark>
    <name>P-261</name>
    <ExtendedData>
      <Data name="id"><value>P-261</value></Data>
      <Data name="source"><value>J-260</value></Data>
      <Data name="target"><value>J-262</value></Data>
    </ExtendedData>
    <LineString>
      <coordinates>
        88.2878764,24.1285781
        88.2858066,24.1282419
      </coordinates>
    </LineString>
  </Placemark>
  <Placemark>
    <name>P-262</name>
    <ExtendedData>
      <Data name="id"><value>P-262</value></Data>
      <Data name="source"><value>J-262</value></Data>
      <Data name="target"><value>J-263</value></Data>
    </ExtendedData>
    <LineString>
      <coordinates>
        88.2858066,24.1282419
        88.2854682,24.1281488
      </coordinates>
    </LineString>
  </Placemark>
  <Placemark>
    <name>P-263</name>
    <ExtendedData>
      <Data name="id"><value>P-263</value></Data>
      <Data name="source"><value>J-262</value></Data>
      <Data name="target"><value>J-264</value></Data>
    </ExtendedData>
    <LineString>
      <coordinates>
        88.2858066,24.1282419
        88.2856572,24.1287737
      </coordinates>
    </LineString>
  </Placemark>
  <Placemark>
    <name>P-264</name>
    <ExtendedData>
      <Data name="id"><value>P-264</value></Data>
      <Data name="source"><value>J-264</value></Data>
      <Data name="target"><value>J-265</value></Data>
    </ExtendedData>
    <LineString>
      <coordinates>
        88.2856572,24.1287737
        88.2854936,24.129357
      </coordinates>
    </LineString>
  </Placemark>
  <Placemark>
    <name>P-265</name>
    <ExtendedData>
      <Data name="id"><value>P-265</value></Data>
      <Data name="source"><value>J-264</value></Data>
      <Data name="target"><value>J-266</value></Data>
    </ExtendedData>
    <LineString>
      <coordinates>
        88.2856572,24.1287737
        88.2824337,24.1281182
      </coordinates>
    </LineString>
  </Placemark>
  <Placemark>
    <name>P-266</name>
    <ExtendedData>
      <Data name="id"><value>P-266</value></Data>
      <Data name="source"><value>J-266</value></Data>
      <Data name="target"><value>J-267</value></Data>
    </ExtendedData>
    <LineString>
      <coordinates>
        88.2824337,24.1281182
        88.2810012,24.1281675
      </coordinates>
    </LineString>
  </Placemark>
  <Placemark>
    <name>P-267</name>
    <ExtendedData>
      <Data name="id"><value>P-267</value></Data>
      <Data name="source"><value>J-258</value></Data>
      <Data name="target"><value>J-268</value></Data>
    </ExtendedData>
    <LineString>
      <coordinates>
        88.2900515,24.1277535
        88.2909064,24.129672
      </coordinates>
    </LineString>
  </Placemark>
  <Placemark>
    <name>P-268</name>
    <ExtendedData>
      <Data name="id"><value>P-268</value></Data>
      <Data name="source"><value>J-268</value></Data>
      <Data name="target"><value>J-269</value></Data>
    </ExtendedData>
    <LineString>
      <coordinates>
        88.2909064,24.129672
        88.2917796,24.1289358
      </coordinates>
    </LineString>
  </Placemark>
  <Placemark>
    <name>P-269</name>
    <ExtendedData>
      <Data name="id"><value>P-269</value></Data>
      <Data name="source"><value>J-268</value></Data>
      <Data name="target"><value>J-270</value></Data>
    </ExtendedData>
    <LineString>
      <coordinates>
        88.2909064,24.129672
        88.2903098,24.1300549
      </coordinates>
    </LineString>
  </Placemark>
  <Placemark>
    <name>P-270</name>
    <ExtendedData>
      <Data name="id"><value>P-270</value></Data>
      <Data name="source"><value>J-268</value></Data>
      <Data name="target"><value>J-271</value></Data>
    </ExtendedData>
    <LineString>
      <coordinates>
        88.2909064,24.129672
        88.2913743,24.1304056
      </coordinates>
    </LineString>
  </Placemark>
  <Placemark>
    <name>P-271</name>
    <ExtendedData>
      <Data name="id"><value>P-271</value></Data>
      <Data name="source"><value>J-271</value></Data>
      <Data name="target"><value>J-272</value></Data>
    </ExtendedData>
    <LineString>
      <coordinates>
        88.2913743,24.1304056
        88.287884,24.1339814
      </coordinates>
    </LineString>
  </Placemark>
  <Placemark>
    <name>P-272</name>
    <ExtendedData>
      <Data name="id"><value>P-272</value></Data>
      <Data name="source"><value>J-272</value></Data>
      <Data name="target"><value>J-273</value></Data>
    </ExtendedData>
    <LineString>
      <coordinates>
        88.287884,24.1339814
        88.2876684,24.1330976
      </coordinates>
    </LineString>
  </Placemark>
  <Placemark>
    <name>P-273</name>
    <ExtendedData>
      <Data name="id"><value>P-273</value></Data>
      <Data name="source"><value>J-273</value></Data>
      <Data name="target"><value>J-274</value></Data>
    </ExtendedData>
    <LineString>
      <coordinates>
        88.2876684,24.1330976
        88.2873766,24.1337256
      </coordinates>
    </LineString>
  </Placemark>
  <Placemark>
    <name>P-274</name>
    <ExtendedData>
      <Data name="id"><value>P-274</value></Data>
      <Data name="source"><value>J-273</value></Data>
      <Data name="target"><value>J-275</value></Data>
    </ExtendedData>
    <LineString>
      <coordinates>
        88.2876684,24.1330976
        88.2868718,24.1319782
      </coordinates>
    </LineString>
  </Placemark>
  <Placemark>
    <name>P-275</name>
    <ExtendedData>
      <Data name="id"><value>P-275</value></Data>
      <Data name="source"><value>J-275</value></Data>
      <Data name="target"><value>J-276</value></Data>
    </ExtendedData>
    <LineString>
      <coordinates>
        88.2868718,24.1319782
        88.2868027,24.1316766
      </coordinates>
    </LineString>
  </Placemark>
  <Placemark>
    <name>P-276</name>
    <ExtendedData>
      <Data name="id"><value>P-276</value></Data>
      <Data name="source"><value>J-272</value></Data>
      <Data name="target"><value>J-277</value></Data>
    </ExtendedData>
    <LineString>
      <coordinates>
        88.287884,24.1339814
        88.286446,24.1353879
      </coordinates>
    </LineString>
  </Placemark>
  <Placemark>
    <name>P-277</name>
    <ExtendedData>
      <Data name="id"><value>P-277</value></Data>
      <Data name="source"><value>J-277</value></Data>
      <Data name="target"><value>J-278</value></Data>
    </ExtendedData>
    <LineString>
      <coordinates>
        88.286446,24.1353879
        88.2857519,24.1356234
      </coordinates>
    </LineString>
  </Placemark>
  <Placemark>
    <name>P-278</name>
    <ExtendedData>
      <Data name="id"><value>P-278</value></Data>
      <Data name="source"><value>J-278</value></Data>
      <Data name="target"><value>J-279</value></Data>
    </ExtendedData>
    <LineString>
      <coordinates>
        88.2857519,24.1356234
        88.2852946,24.1350571
      </coordinates>
    </LineString>
  </Placemark>
  <Placemark>
    <name>P-279</name>
    <ExtendedData>
      <Data name="id"><value>P-279</value></Data>
      <Data name="source"><value>J-278</value></Data>
      <Data name="target"><value>J-280</value></Data>
    </ExtendedData>
    <LineString>
      <coordinates>
        88.2857519,24.1356234
        88.2855577,24.1359619
      </coordinates>
    </LineString>
  </Placemark>
  <Placemark>
    <name>P-280</name>
    <ExtendedData>
      <Data name="id"><value>P-280</value></Data>
      <Data name="source"><value>J-280</value></Data>
      <Data name="target"><value>J-281</value></Data>
    </ExtendedData>
    <LineString>
      <coordinates>
        88.2855577,24.1359619
        88.2865938,24.1364647
      </coordinates>
    </LineString>
  </Placemark>
  <Placemark>
    <name>P-281</name>
    <ExtendedData>
      <Data name="id"><value>P-281</value></Data>
      <Data name="source"><value>J-280</value></Data>
      <Data name="target"><value>J-282</value></Data>
    </ExtendedData>
    <LineString>
      <coordinates>
        88.2855577,24.1359619
        88.2840057,24.1358859
      </coordinates>
    </LineString>
  </Placemark>
  <Placemark>
    <name>P-282</name>
    <ExtendedData>
      <Data name="id"><value>P-282</value></Data>
      <Data name="source"><value>J-282</value></Data>
      <Data name="target"><value>J-283</value></Data>
    </ExtendedData>
    <LineString>
      <coordinates>
        88.2840057,24.1358859
        88.2804215,24.1356919
      </coordinates>
    </LineString>
  </Placemark>
  <Placemark>
    <name>P-283</name>
    <ExtendedData>
      <Data name="id"><value>P-283</value></Data>
      <Data name="source"><value>J-283</value></Data>
      <Data name="target"><value>J-284</value></Data>
    </ExtendedData>
    <LineString>
      <coordinates>
        88.2804215,24.1356919
        88.2771892,24.1349108
      </coordinates>
    </LineString>
  </Placemark>
  <Placemark>
    <name>P-284</name>
    <ExtendedData>
      <Data name="id"><value>P-284</value></Data>
      <Data name="source"><value>J-284</value></Data>
      <Data name="target"><value>J-285</value></Data>
    </ExtendedData>
    <LineString>
      <coordinates>
        88.2771892,24.1349108
        88.2776931,24.1348274
      </coordinates>
    </LineString>
  </Placemark>
  <Placemark>
    <name>P-285</name>
    <ExtendedData>
      <Data name="id"><value>P-285</value></Data>
      <Data name="source"><value>J-284</value></Data>
      <Data name="target"><value>J-286</value></Data>
    </ExtendedData>
    <LineString>
      <coordinates>
        88.2771892,24.1349108
        88.2772285,24.1341949
      </coordinates>
    </LineString>
  </Placemark>
  <Placemark>
    <name>P-286</name>
    <ExtendedData>
      <Data name="id"><value>P-286</value></Data>
      <Data name="source"><value>J-284</value></Data>
      <Data name="target"><value>J-287</value></Data>
    </ExtendedData>
    <LineString>
      <coordinates>
        88.2771892,24.1349108
        88.2762122,24.1349638
      </coordinates>
    </LineString>
  </Placemark>
  <Placemark>
    <name>P-287</name>
    <ExtendedData>
      <Data name="id"><value>P-287</value></Data>
      <Data name="source"><value>J-99</value></Data>
      <Data name="target"><value>J-288</value></Data>
    </ExtendedData>
    <LineString>
      <coordinates>
        88.2999774,24.153122
        88.3044619,24.1532163
      </coordinates>
    </LineString>
  </Placemark>
  <Placemark>
    <name>P-288</name>
    <ExtendedData>
      <Data name="id"><value>P-288</value></Data>
      <Data name="source"><value>J-288</value></Data>
      <Data name="target"><value>J-289</value></Data>
    </ExtendedData>
    <LineString>
      <coordinates>
        88.3044619,24.1532163
        88.3031129,24.1549084
      </coordinates>
    </LineString>
  </Placemark>
  <Placemark>
    <name>P-289</name>
    <ExtendedData>
      <Data name="id"><value>P-289</value></Data>
      <Data name="source"><value>J-289</value></Data>
      <Data name="target"><value>J-290</value></Data>
    </ExtendedData>
    <LineString>
      <coordinates>
        88.3031129,24.1549084
        88.3020948,24.1554568
      </coordinates>
    </LineString>
  </Placemark>
  <Placemark>
    <name>P-290</name>
    <ExtendedData>
      <Data name="id"><value>P-290</value></Data>
      <Data name="source"><value>J-288</value></Data>
      <Data name="target"><value>J-291</value></Data>
    </ExtendedData>
    <LineString>
      <coordinates>
        88.3044619,24.1532163
        88.3047469,24.1532164
      </coordinates>
    </LineString>
  </Placemark>
  <Placemark>
    <name>P-291</name>
    <ExtendedData>
      <Data name="id"><value>P-291</value></Data>
      <Data name="source"><value>J-291</value></Data>
      <Data name="target"><value>J-292</value></Data>
    </ExtendedData>
    <LineString>
      <coordinates>
        88.3047469,24.1532164
        88.3047621,24.1521162
      </coordinates>
    </LineString>
  </Placemark>
  <Placemark>
    <name>P-292</name>
    <ExtendedData>
      <Data name="id"><value>P-292</value></Data>
      <Data name="source"><value>J-291</value></Data>
      <Data name="target"><value>J-293</value></Data>
    </ExtendedData>
    <LineString>
      <coordinates>
        88.3047469,24.1532164
        88.3067162,24.152903
      </coordinates>
    </LineString>
  </Placemark>
  <Placemark>
    <name>P-293</name>
    <ExtendedData>
      <Data name="id"><value>P-293</value></Data>
      <Data name="source"><value>J-293</value></Data>
      <Data name="target"><value>J-294</value></Data>
    </ExtendedData>
    <LineString>
      <coordinates>
        88.3067162,24.152903
        88.3068621,24.1524058
      </coordinates>
    </LineString>
  </Placemark>
  <Placemark>
    <name>P-294</name>
    <ExtendedData>
      <Data name="id"><value>P-294</value></Data>
      <Data name="source"><value>J-293</value></Data>
      <Data name="target"><value>J-295</value></Data>
    </ExtendedData>
    <LineString>
      <coordinates>
        88.3067162,24.152903
        88.3100847,24.1530037
      </coordinates>
    </LineString>
  </Placemark>
  <Placemark>
    <name>P-295</name>
    <ExtendedData>
      <Data name="id"><value>P-295</value></Data>
      <Data name="source"><value>J-295</value></Data>
      <Data name="target"><value>J-296</value></Data>
    </ExtendedData>
    <LineString>
      <coordinates>
        88.3100847,24.1530037
        88.3119771,24.1533605
      </coordinates>
    </LineString>
  </Placemark>
  <Placemark>
    <name>P-296</name>
    <ExtendedData>
      <Data name="id"><value>P-296</value></Data>
      <Data name="source"><value>J-296</value></Data>
      <Data name="target"><value>J-297</value></Data>
    </ExtendedData>
    <LineString>
      <coordinates>
        88.3119771,24.1533605
        88.3130696,24.153602
      </coordinates>
    </LineString>
  </Placemark>
  <Placemark>
    <name>P-297</name>
    <ExtendedData>
      <Data name="id"><value>P-297</value></Data>
      <Data name="source"><value>J-296</value></Data>
      <Data name="target"><value>J-298</value></Data>
    </ExtendedData>
    <LineString>
      <coordinates>
        88.3119771,24.1533605
        88.3116673,24.1519605
      </coordinates>
    </LineString>
  </Placemark>
  <Placemark>
    <name>P-298</name>
    <ExtendedData>
      <Data name="id"><value>P-298</value></Data>
      <Data name="source"><value>J-298</value></Data>
      <Data name="target"><value>J-299</value></Data>
    </ExtendedData>
    <LineString>
      <coordinates>
        88.3116673,24.1519605
        88.3115616,24.1513723
      </coordinates>
    </LineString>
  </Placemark>
  <Placemark>
    <name>P-299</name>
    <ExtendedData>
      <Data name="id"><value>P-299</value></Data>
      <Data name="source"><value>J-298</value></Data>
      <Data name="target"><value>J-300</value></Data>
    </ExtendedData>
    <LineString>
      <coordinates>
        88.3116673,24.1519605
        88.3121555,24.1519528
      </coordinates>
    </LineString>
  </Placemark>
  <Placemark>
    <name>P-300</name>
    <ExtendedData>
      <Data name="id"><value>P-300</value></Data>
      <Data name="source"><value>J-300</value></Data>
      <Data name="target"><value>J-301</value></Data>
    </ExtendedData>
    <LineString>
      <coordinates>
        88.3121555,24.1519528
        88.3122667,24.1507601
      </coordinates>
    </LineString>
  </Placemark>
  <Placemark>
    <name>P-301</name>
    <ExtendedData>
      <Data name="id"><value>P-301</value></Data>
      <Data name="source"><value>J-300</value></Data>
      <Data name="target"><value>J-302</value></Data>
    </ExtendedData>
    <LineString>
      <coordinates>
        88.3121555,24.1519528
        88.3125056,24.1519559
      </coordinates>
    </LineString>
  </Placemark>
  <Placemark>
    <name>P-302</name>
    <ExtendedData>
      <Data name="id"><value>P-302</value></Data>
      <Data name="source"><value>J-302</value></Data>
      <Data name="target"><value>J-303</value></Data>
    </ExtendedData>
    <LineString>
      <coordinates>
        88.3125056,24.1519559
        88.3128866,24.1519703
      </coordinates>
    </LineString>
  </Placemark>
  <Placemark>
    <name>P-303</name>
    <ExtendedData>
      <Data name="id"><value>P-303</value></Data>
      <Data name="source"><value>J-303</value></Data>
      <Data name="target"><value>J-304</value></Data>
    </ExtendedData>
    <LineString>
      <coordinates>
        88.3128866,24.1519703
        88.3126789,24.1525628
      </coordinates>
    </LineString>
  </Placemark>
  <Placemark>
    <name>P-304</name>
    <ExtendedData>
      <Data name="id"><value>P-304</value></Data>
      <Data name="source"><value>J-302</value></Data>
      <Data name="target"><value>J-305</value></Data>
    </ExtendedData>
    <LineString>
      <coordinates>
        88.3125056,24.1519559
        88.3126234,24.151356
      </coordinates>
    </LineString>
  </Placemark>
  <Placemark>
    <name>P-305</name>
    <ExtendedData>
      <Data name="id"><value>P-305</value></Data>
      <Data name="source"><value>J-303</value></Data>
      <Data name="target"><value>J-306</value></Data>
    </ExtendedData>
    <LineString>
      <coordinates>
        88.3128866,24.1519703
        88.3134032,24.1519459
      </coordinates>
    </LineString>
  </Placemark>
  <Placemark>
    <name>P-306</name>
    <ExtendedData>
      <Data name="id"><value>P-306</value></Data>
      <Data name="source"><value>J-306</value></Data>
      <Data name="target"><value>J-307</value></Data>
    </ExtendedData>
    <LineString>
      <coordinates>
        88.3134032,24.1519459
        88.3134247,24.1510547
      </coordinates>
    </LineString>
  </Placemark>
  <Placemark>
    <name>P-307</name>
    <ExtendedData>
      <Data name="id"><value>P-307</value></Data>
      <Data name="source"><value>J-306</value></Data>
      <Data name="target"><value>J-308</value></Data>
    </ExtendedData>
    <LineString>
      <coordinates>
        88.3134032,24.1519459
        88.3164516,24.1513657
      </coordinates>
    </LineString>
  </Placemark>
  <Placemark>
    <name>P-308</name>
    <ExtendedData>
      <Data name="id"><value>P-308</value></Data>
      <Data name="source"><value>J-308</value></Data>
      <Data name="target"><value>J-309</value></Data>
    </ExtendedData>
    <LineString>
      <coordinates>
        88.3164516,24.1513657
        88.32506,24.149125
      </coordinates>
    </LineString>
  </Placemark>
  <Placemark>
    <name>P-309</name>
    <ExtendedData>
      <Data name="id"><value>P-309</value></Data>
      <Data name="source"><value>J-309</value></Data>
      <Data name="target"><value>J-310</value></Data>
    </ExtendedData>
    <LineString>
      <coordinates>
        88.32506,24.149125
        88.3235797,24.1442636
      </coordinates>
    </LineString>
  </Placemark>
  <Placemark>
    <name>P-310</name>
    <ExtendedData>
      <Data name="id"><value>P-310</value></Data>
      <Data name="source"><value>J-310</value></Data>
      <Data name="target"><value>J-311</value></Data>
    </ExtendedData>
    <LineString>
      <coordinates>
        88.3235797,24.1442636
        88.3197495,24.1436077
      </coordinates>
    </LineString>
  </Placemark>
  <Placemark>
    <name>P-311</name>
    <ExtendedData>
      <Data name="id"><value>P-311</value></Data>
      <Data name="source"><value>J-311</value></Data>
      <Data name="target"><value>J-312</value></Data>
    </ExtendedData>
    <LineString>
      <coordinates>
        88.3197495,24.1436077
        88.3183282,24.1416385
      </coordinates>
    </LineString>
  </Placemark>
  <Placemark>
    <name>P-312</name>
    <ExtendedData>
      <Data name="id"><value>P-312</value></Data>
      <Data name="source"><value>J-312</value></Data>
      <Data name="target"><value>J-313</value></Data>
    </ExtendedData>
    <LineString>
      <coordinates>
        88.3183282,24.1416385
        88.315741,24.14174
      </coordinates>
    </LineString>
  </Placemark>
  <Placemark>
    <name>P-313</name>
    <ExtendedData>
      <Data name="id"><value>P-313</value></Data>
      <Data name="source"><value>J-312</value></Data>
      <Data name="target"><value>J-314</value></Data>
    </ExtendedData>
    <LineString>
      <coordinates>
        88.3183282,24.1416385
        88.3178608,24.1389421
      </coordinates>
    </LineString>
  </Placemark>
  <Placemark>
    <name>P-314</name>
    <ExtendedData>
      <Data name="id"><value>P-314</value></Data>
      <Data name="source"><value>J-314</value></Data>
      <Data name="target"><value>J-315</value></Data>
    </ExtendedData>
    <LineString>
      <coordinates>
        88.3178608,24.1389421
        88.3184725,24.1389404
      </coordinates>
    </LineString>
  </Placemark>
  <Placemark>
    <name>P-315</name>
    <ExtendedData>
      <Data name="id"><value>P-315</value></Data>
      <Data name="source"><value>J-314</value></Data>
      <Data name="target"><value>J-316</value></Data>
    </ExtendedData>
    <LineString>
      <coordinates>
        88.3178608,24.1389421
        88.3171051,24.1373336
      </coordinates>
    </LineString>
  </Placemark>
  <Placemark>
    <name>P-316</name>
    <ExtendedData>
      <Data name="id"><value>P-316</value></Data>
      <Data name="source"><value>J-316</value></Data>
      <Data name="target"><value>J-317</value></Data>
    </ExtendedData>
    <LineString>
      <coordinates>
        88.3171051,24.1373336
        88.3164678,24.1339739
      </coordinates>
    </LineString>
  </Placemark>
  <Placemark>
    <name>P-317</name>
    <ExtendedData>
      <Data name="id"><value>P-317</value></Data>
      <Data name="source"><value>J-317</value></Data>
      <Data name="target"><value>J-318</value></Data>
    </ExtendedData>
    <LineString>
      <coordinates>
        88.3164678,24.1339739
        88.3141721,24.1341605
      </coordinates>
    </LineString>
  </Placemark>
  <Placemark>
    <name>P-318</name>
    <ExtendedData>
      <Data name="id"><value>P-318</value></Data>
      <Data name="source"><value>J-317</value></Data>
      <Data name="target"><value>J-319</value></Data>
    </ExtendedData>
    <LineString>
      <coordinates>
        88.3164678,24.1339739
        88.3169913,24.1328301
      </coordinates>
    </LineString>
  </Placemark>
  <Placemark>
    <name>P-319</name>
    <ExtendedData>
      <Data name="id"><value>P-319</value></Data>
      <Data name="source"><value>J-319</value></Data>
      <Data name="target"><value>J-320</value></Data>
    </ExtendedData>
    <LineString>
      <coordinates>
        88.3169913,24.1328301
        88.3181268,24.1326994
      </coordinates>
    </LineString>
  </Placemark>
  <Placemark>
    <name>P-320</name>
    <ExtendedData>
      <Data name="id"><value>P-320</value></Data>
      <Data name="source"><value>J-319</value></Data>
      <Data name="target"><value>J-321</value></Data>
    </ExtendedData>
    <LineString>
      <coordinates>
        88.3169913,24.1328301
        88.317269,24.1308993
      </coordinates>
    </LineString>
  </Placemark>
  <Placemark>
    <name>P-321</name>
    <ExtendedData>
      <Data name="id"><value>P-321</value></Data>
      <Data name="source"><value>J-321</value></Data>
      <Data name="target"><value>J-322</value></Data>
    </ExtendedData>
    <LineString>
      <coordinates>
        88.317269,24.1308993
        88.3165246,24.1293669
      </coordinates>
    </LineString>
  </Placemark>
  <Placemark>
    <name>P-322</name>
    <ExtendedData>
      <Data name="id"><value>P-322</value></Data>
      <Data name="source"><value>J-322</value></Data>
      <Data name="target"><value>J-323</value></Data>
    </ExtendedData>
    <LineString>
      <coordinates>
        88.3165246,24.1293669
        88.3157105,24.1292572
      </coordinates>
    </LineString>
  </Placemark>
  <Placemark>
    <name>P-323</name>
    <ExtendedData>
      <Data name="id"><value>P-323</value></Data>
      <Data name="source"><value>J-323</value></Data>
      <Data name="target"><value>J-324</value></Data>
    </ExtendedData>
    <LineString>
      <coordinates>
        88.3157105,24.1292572
        88.3154796,24.1291398
      </coordinates>
    </LineString>
  </Placemark>
  <Placemark>
    <name>P-435</name>
    <ExtendedData>
      <Data name="id"><value>P-435</value></Data>
      <Data name="source"><value>J-296</value></Data>
      <Data name="target"><value>J-297</value></Data>
    </ExtendedData>
    <LineString>
      <coordinates>
        88.3119771,24.1533605
        88.3130696,24.153602
      </coordinates>
    </LineString>
  </Placemark>
  <Placemark>
    <name>P-436</name>
    <ExtendedData>
      <Data name="id"><value>P-436</value></Data>
      <Data name="source"><value>J-296</value></Data>
      <Data name="target"><value>J-438</value></Data>
    </ExtendedData>
    <LineString>
      <coordinates>
        88.3119771,24.1533605
        88.312144,24.153855
      </coordinates>
    </LineString>
  </Placemark>
  <Placemark>
    <name>P-437</name>
    <ExtendedData>
      <Data name="id"><value>P-437</value></Data>
      <Data name="source"><value>J-438</value></Data>
      <Data name="target"><value>J-439</value></Data>
    </ExtendedData>
    <LineString>
      <coordinates>
        88.312144,24.153855
        88.3116064,24.1542328
      </coordinates>
    </LineString>
  </Placemark>
  <Placemark>
    <name>P-438</name>
    <ExtendedData>
      <Data name="id"><value>P-438</value></Data>
      <Data name="source"><value>J-439</value></Data>
      <Data name="target"><value>J-440</value></Data>
    </ExtendedData>
    <LineString>
      <coordinates>
        88.3116064,24.1542328
        88.311447,24.1547896
      </coordinates>
    </LineString>
  </Placemark>
  <Placemark>
    <name>P-439</name>
    <ExtendedData>
      <Data name="id"><value>P-439</value></Data>
      <Data name="source"><value>J-440</value></Data>
      <Data name="target"><value>J-441</value></Data>
    </ExtendedData>
    <LineString>
      <coordinates>
        88.311447,24.1547896
        88.3113035,24.1550292
      </coordinates>
    </LineString>
  </Placemark>
  <Placemark>
    <name>P-440</name>
    <ExtendedData>
      <Data name="id"><value>P-440</value></Data>
      <Data name="source"><value>J-296</value></Data>
      <Data name="target"><value>J-442</value></Data>
    </ExtendedData>
    <LineString>
      <coordinates>
        88.3119771,24.1533605
        88.31092,24.1542052
      </coordinates>
    </LineString>
  </Placemark>
  <Placemark>
    <name>P-441</name>
    <ExtendedData>
      <Data name="id"><value>P-441</value></Data>
      <Data name="source"><value>J-442</value></Data>
      <Data name="target"><value>J-443</value></Data>
    </ExtendedData>
    <LineString>
      <coordinates>
        88.31092,24.1542052
        88.3114628,24.1543333
      </coordinates>
    </LineString>
  </Placemark>
  <Placemark>
    <name>P-442</name>
    <ExtendedData>
      <Data name="id"><value>P-442</value></Data>
      <Data name="source"><value>J-442</value></Data>
      <Data name="target"><value>J-444</value></Data>
    </ExtendedData>
    <LineString>
      <coordinates>
        88.31092,24.1542052
        88.3105695,24.1548478
      </coordinates>
    </LineString>
  </Placemark>
  <Placemark>
    <name>P-443</name>
    <ExtendedData>
      <Data name="id"><value>P-443</value></Data>
      <Data name="source"><value>J-444</value></Data>
      <Data name="target"><value>J-445</value></Data>
    </ExtendedData>
    <LineString>
      <coordinates>
        88.3105695,24.1548478
        88.3101997,24.1547038
      </coordinates>
    </LineString>
  </Placemark>
  <Placemark>
    <name>P-444</name>
    <ExtendedData>
      <Data name="id"><value>P-444</value></Data>
      <Data name="source"><value>J-444</value></Data>
      <Data name="target"><value>J-446</value></Data>
    </ExtendedData>
    <LineString>
      <coordinates>
        88.3105695,24.1548478
        88.3101916,24.1553497
      </coordinates>
    </LineString>
  </Placemark>
  <Placemark>
    <name>P-445</name>
    <ExtendedData>
      <Data name="id"><value>P-445</value></Data>
      <Data name="source"><value>J-438</value></Data>
      <Data name="target"><value>J-447</value></Data>
    </ExtendedData>
    <LineString>
      <coordinates>
        88.312144,24.153855
        88.3121717,24.1540122
      </coordinates>
    </LineString>
  </Placemark>
  <Placemark>
    <name>P-446</name>
    <ExtendedData>
      <Data name="id"><value>P-446</value></Data>
      <Data name="source"><value>J-447</value></Data>
      <Data name="target"><value>J-448</value></Data>
    </ExtendedData>
    <LineString>
      <coordinates>
        88.3121717,24.1540122
        88.3125335,24.1540069
      </coordinates>
    </LineString>
  </Placemark>
  <Placemark>
    <name>P-447</name>
    <ExtendedData>
      <Data name="id"><value>P-447</value></Data>
      <Data name="source"><value>J-448</value></Data>
      <Data name="target"><value>J-449</value></Data>
    </ExtendedData>
    <LineString>
      <coordinates>
        88.3125335,24.1540069
        88.3127644,24.1539921
      </coordinates>
    </LineString>
  </Placemark>
  <Placemark>
    <name>P-448</name>
    <ExtendedData>
      <Data name="id"><value>P-448</value></Data>
      <Data name="source"><value>J-448</value></Data>
      <Data name="target"><value>J-450</value></Data>
    </ExtendedData>
    <LineString>
      <coordinates>
        88.3125335,24.1540069
        88.3125175,24.1542705
      </coordinates>
    </LineString>
  </Placemark>
  <Placemark>
    <name>P-449</name>
    <ExtendedData>
      <Data name="id"><value>P-449</value></Data>
      <Data name="source"><value>J-447</value></Data>
      <Data name="target"><value>J-451</value></Data>
    </ExtendedData>
    <LineString>
      <coordinates>
        88.3121717,24.1540122
        88.3131103,24.1594999
      </coordinates>
    </LineString>
  </Placemark>
  <Placemark>
    <name>P-450</name>
    <ExtendedData>
      <Data name="id"><value>P-450</value></Data>
      <Data name="source"><value>J-451</value></Data>
      <Data name="target"><value>J-452</value></Data>
    </ExtendedData>
    <LineString>
      <coordinates>
        88.3131103,24.1594999
        88.313912,24.1595256
      </coordinates>
    </LineString>
  </Placemark>
  <Placemark>
    <name>P-451</name>
    <ExtendedData>
      <Data name="id"><value>P-451</value></Data>
      <Data name="source"><value>J-451</value></Data>
      <Data name="target"><value>J-453</value></Data>
    </ExtendedData>
    <LineString>
      <coordinates>
        88.3131103,24.1594999
        88.313414,24.1612669
      </coordinates>
    </LineString>
  </Placemark>
  <Placemark>
    <name>P-452</name>
    <ExtendedData>
      <Data name="id"><value>P-452</value></Data>
      <Data name="source"><value>J-453</value></Data>
      <Data name="target"><value>J-454</value></Data>
    </ExtendedData>
    <LineString>
      <coordinates>
        88.313414,24.1612669
        88.3123704,24.161322
      </coordinates>
    </LineString>
  </Placemark>
  <Placemark>
    <name>P-453</name>
    <ExtendedData>
      <Data name="id"><value>P-453</value></Data>
      <Data name="source"><value>J-455</value></Data>
      <Data name="target"><value>J-453</value></Data>
    </ExtendedData>
    <LineString>
      <coordinates>
        88.3134619,24.1619442
        88.313414,24.1612669
      </coordinates>
    </LineString>
  </Placemark>
  <Placemark>
    <name>P-454</name>
    <ExtendedData>
      <Data name="id"><value>P-454</value></Data>
      <Data name="source"><value>J-455</value></Data>
      <Data name="target"><value>J-456</value></Data>
    </ExtendedData>
    <LineString>
      <coordinates>
        88.3134619,24.1619442
        88.312842,24.1619579
      </coordinates>
    </LineString>
  </Placemark>
  <Placemark>
    <name>P-455</name>
    <ExtendedData>
      <Data name="id"><value>P-455</value></Data>
      <Data name="source"><value>J-455</value></Data>
      <Data name="target"><value>J-457</value></Data>
    </ExtendedData>
    <LineString>
      <coordinates>
        88.3134619,24.1619442
        88.3139765,24.1642516
      </coordinates>
    </LineString>
  </Placemark>
  <Placemark>
    <name>P-456</name>
    <ExtendedData>
      <Data name="id"><value>P-456</value></Data>
      <Data name="source"><value>J-457</value></Data>
      <Data name="target"><value>J-458</value></Data>
    </ExtendedData>
    <LineString>
      <coordinates>
        88.3139765,24.1642516
        88.3190759,24.1638263
      </coordinates>
    </LineString>
  </Placemark>
  <Placemark>
    <name>P-457</name>
    <ExtendedData>
      <Data name="id"><value>P-457</value></Data>
      <Data name="source"><value>J-458</value></Data>
      <Data name="target"><value>J-459</value></Data>
    </ExtendedData>
    <LineString>
      <coordinates>
        88.3190759,24.1638263
        88.3190951,24.1637029
      </coordinates>
    </LineString>
  </Placemark>
  <Placemark>
    <name>P-458</name>
    <ExtendedData>
      <Data name="id"><value>P-458</value></Data>
      <Data name="source"><value>J-459</value></Data>
      <Data name="target"><value>J-460</value></Data>
    </ExtendedData>
    <LineString>
      <coordinates>
        88.3190951,24.1637029
        88.3190779,24.1634488
      </coordinates>
    </LineString>
  </Placemark>
  <Placemark>
    <name>P-459</name>
    <ExtendedData>
      <Data name="id"><value>P-459</value></Data>
      <Data name="source"><value>J-460</value></Data>
      <Data name="target"><value>J-461</value></Data>
    </ExtendedData>
    <LineString>
      <coordinates>
        88.3190779,24.1634488
        88.3194216,24.1633868
      </coordinates>
    </LineString>
  </Placemark>
  <Placemark>
    <name>P-460</name>
    <ExtendedData>
      <Data name="id"><value>P-460</value></Data>
      <Data name="source"><value>J-459</value></Data>
      <Data name="target"><value>J-462</value></Data>
    </ExtendedData>
    <LineString>
      <coordinates>
        88.3190951,24.1637029
        88.3195674,24.1636587
      </coordinates>
    </LineString>
  </Placemark>
  <Placemark>
    <name>P-461</name>
    <ExtendedData>
      <Data name="id"><value>P-461</value></Data>
      <Data name="source"><value>J-458</value></Data>
      <Data name="target"><value>J-463</value></Data>
    </ExtendedData>
    <LineString>
      <coordinates>
        88.3190759,24.1638263
        88.3224553,24.1643929
      </coordinates>
    </LineString>
  </Placemark>
  <Placemark>
    <name>P-462</name>
    <ExtendedData>
      <Data name="id"><value>P-462</value></Data>
      <Data name="source"><value>J-463</value></Data>
      <Data name="target"><value>J-464</value></Data>
    </ExtendedData>
    <LineString>
      <coordinates>
        88.3224553,24.1643929
        88.3265855,24.1638525
      </coordinates>
    </LineString>
  </Placemark>
  <Placemark>
    <name>P-463</name>
    <ExtendedData>
      <Data name="id"><value>P-463</value></Data>
      <Data name="source"><value>J-464</value></Data>
      <Data name="target"><value>J-465</value></Data>
    </ExtendedData>
    <LineString>
      <coordinates>
        88.3265855,24.1638525
        88.3278649,24.1637904
      </coordinates>
    </LineString>
  </Placemark>
  <Placemark>
    <name>P-464</name>
    <ExtendedData>
      <Data name="id"><value>P-464</value></Data>
      <Data name="source"><value>J-465</value></Data>
      <Data name="target"><value>J-466</value></Data>
    </ExtendedData>
    <LineString>
      <coordinates>
        88.3278649,24.1637904
        88.3275448,24.1678073
      </coordinates>
    </LineString>
  </Placemark>
  <Placemark>
    <name>P-465</name>
    <ExtendedData>
      <Data name="id"><value>P-465</value></Data>
      <Data name="source"><value>J-466</value></Data>
      <Data name="target"><value>J-467</value></Data>
    </ExtendedData>
    <LineString>
      <coordinates>
        88.3275448,24.1678073
        88.3282406,24.1679238
      </coordinates>
    </LineString>
  </Placemark>
  <Placemark>
    <name>P-466</name>
    <ExtendedData>
      <Data name="id"><value>P-466</value></Data>
      <Data name="source"><value>J-466</value></Data>
      <Data name="target"><value>J-468</value></Data>
    </ExtendedData>
    <LineString>
      <coordinates>
        88.3275448,24.1678073
        88.3273267,24.1684174
      </coordinates>
    </LineString>
  </Placemark>
  <Placemark>
    <name>P-467</name>
    <ExtendedData>
      <Data name="id"><value>P-467</value></Data>
      <Data name="source"><value>J-468</value></Data>
      <Data name="target"><value>J-469</value></Data>
    </ExtendedData>
    <LineString>
      <coordinates>
        88.3273267,24.1684174
        88.3280304,24.1692321
      </coordinates>
    </LineString>
  </Placemark>
  <Placemark>
    <name>P-468</name>
    <ExtendedData>
      <Data name="id"><value>P-468</value></Data>
      <Data name="source"><value>J-469</value></Data>
      <Data name="target"><value>J-470</value></Data>
    </ExtendedData>
    <LineString>
      <coordinates>
        88.3280304,24.1692321
        88.3317156,24.1706694
      </coordinates>
    </LineString>
  </Placemark>
  <Placemark>
    <name>P-469</name>
    <ExtendedData>
      <Data name="id"><value>P-469</value></Data>
      <Data name="source"><value>J-470</value></Data>
      <Data name="target"><value>J-471</value></Data>
    </ExtendedData>
    <LineString>
      <coordinates>
        88.3317156,24.1706694
        88.3315787,24.1717477
      </coordinates>
    </LineString>
  </Placemark>
  <Placemark>
    <name>P-470</name>
    <ExtendedData>
      <Data name="id"><value>P-470</value></Data>
      <Data name="source"><value>J-471</value></Data>
      <Data name="target"><value>J-472</value></Data>
    </ExtendedData>
    <LineString>
      <coordinates>
        88.3315787,24.1717477
        88.331266,24.1721926
      </coordinates>
    </LineString>
  </Placemark>
  <Placemark>
    <name>P-471</name>
    <ExtendedData>
      <Data name="id"><value>P-471</value></Data>
      <Data name="source"><value>J-469</value></Data>
      <Data name="target"><value>J-473</value></Data>
    </ExtendedData>
    <LineString>
      <coordinates>
        88.3280304,24.1692321
        88.3281189,24.1711632
      </coordinates>
    </LineString>
  </Placemark>
  <Placemark>
    <name>P-472</name>
    <ExtendedData>
      <Data name="id"><value>P-472</value></Data>
      <Data name="source"><value>J-473</value></Data>
      <Data name="target"><value>J-474</value></Data>
    </ExtendedData>
    <LineString>
      <coordinates>
        88.3281189,24.1711632
        88.3277178,24.17117
      </coordinates>
    </LineString>
  </Placemark>
  <Placemark>
    <name>P-473</name>
    <ExtendedData>
      <Data name="id"><value>P-473</value></Data>
      <Data name="source"><value>J-473</value></Data>
      <Data name="target"><value>J-475</value></Data>
    </ExtendedData>
    <LineString>
      <coordinates>
        88.3281189,24.1711632
        88.3279368,24.171891
      </coordinates>
    </LineString>
  </Placemark>
  <Placemark>
    <name>P-474</name>
    <ExtendedData>
      <Data name="id"><value>P-474</value></Data>
      <Data name="source"><value>J-468</value></Data>
      <Data name="target"><value>J-476</value></Data>
    </ExtendedData>
    <LineString>
      <coordinates>
        88.3273267,24.1684174
        88.3249833,24.168449
      </coordinates>
    </LineString>
  </Placemark>
  <Placemark>
    <name>P-475</name>
    <ExtendedData>
      <Data name="id"><value>P-475</value></Data>
      <Data name="source"><value>J-476</value></Data>
      <Data name="target"><value>J-477</value></Data>
    </ExtendedData>
    <LineString>
      <coordinates>
        88.3249833,24.168449
        88.3250314,24.1677338
      </coordinates>
    </LineString>
  </Placemark>
  <Placemark>
    <name>P-476</name>
    <ExtendedData>
      <Data name="id"><value>P-476</value></Data>
      <Data name="source"><value>J-476</value></Data>
      <Data name="target"><value>J-478</value></Data>
    </ExtendedData>
    <LineString>
      <coordinates>
        88.3249833,24.168449
        88.3245762,24.1685039
      </coordinates>
    </LineString>
  </Placemark>
  <Placemark>
    <name>P-477</name>
    <ExtendedData>
      <Data name="id"><value>P-477</value></Data>
      <Data name="source"><value>J-478</value></Data>
      <Data name="target"><value>J-479</value></Data>
    </ExtendedData>
    <LineString>
      <coordinates>
        88.3245762,24.1685039
        88.3246607,24.1693323
      </coordinates>
    </LineString>
  </Placemark>
  <Placemark>
    <name>P-478</name>
    <ExtendedData>
      <Data name="id"><value>P-478</value></Data>
      <Data name="source"><value>J-479</value></Data>
      <Data name="target"><value>J-480</value></Data>
    </ExtendedData>
    <LineString>
      <coordinates>
        88.3246607,24.1693323
        88.3252109,24.1685171
      </coordinates>
    </LineString>
  </Placemark>
  <Placemark>
    <name>P-479</name>
    <ExtendedData>
      <Data name="id"><value>P-479</value></Data>
      <Data name="source"><value>J-479</value></Data>
      <Data name="target"><value>J-481</value></Data>
    </ExtendedData>
    <LineString>
      <coordinates>
        88.3246607,24.1693323
        88.324818,24.1702094
      </coordinates>
    </LineString>
  </Placemark>
  <Placemark>
    <name>P-480</name>
    <ExtendedData>
      <Data name="id"><value>P-480</value></Data>
      <Data name="source"><value>J-481</value></Data>
      <Data name="target"><value>J-482</value></Data>
    </ExtendedData>
    <LineString>
      <coordinates>
        88.324818,24.1702094
        88.3248091,24.17045
      </coordinates>
    </LineString>
  </Placemark>
  <Placemark>
    <name>P-481</name>
    <ExtendedData>
      <Data name="id"><value>P-481</value></Data>
      <Data name="source"><value>J-481</value></Data>
      <Data name="target"><value>J-483</value></Data>
    </ExtendedData>
    <LineString>
      <coordinates>
        88.324818,24.1702094
        88.3253287,24.1700727
      </coordinates>
    </LineString>
  </Placemark>
  <Placemark>
    <name>P-482</name>
    <ExtendedData>
      <Data name="id"><value>P-482</value></Data>
      <Data name="source"><value>J-483</value></Data>
      <Data name="target"><value>J-484</value></Data>
    </ExtendedData>
    <LineString>
      <coordinates>
        88.3253287,24.1700727
        88.3256516,24.1699709
      </coordinates>
    </LineString>
  </Placemark>
  <Placemark>
    <name>P-483</name>
    <ExtendedData>
      <Data name="id"><value>P-483</value></Data>
      <Data name="source"><value>J-483</value></Data>
      <Data name="target"><value>J-485</value></Data>
    </ExtendedData>
    <LineString>
      <coordinates>
        88.3253287,24.1700727
        88.3259491,24.1710846
      </coordinates>
    </LineString>
  </Placemark>
  <Placemark>
    <name>P-484</name>
    <ExtendedData>
      <Data name="id"><value>P-484</value></Data>
      <Data name="source"><value>J-485</value></Data>
      <Data name="target"><value>J-486</value></Data>
    </ExtendedData>
    <LineString>
      <coordinates>
        88.3259491,24.1710846
        88.3259754,24.1719331
      </coordinates>
    </LineString>
  </Placemark>
  <Placemark>
    <name>P-485</name>
    <ExtendedData>
      <Data name="id"><value>P-485</value></Data>
      <Data name="source"><value>J-486</value></Data>
      <Data name="target"><value>J-487</value></Data>
    </ExtendedData>
    <LineString>
      <coordinates>
        88.3259754,24.1719331
        88.3259875,24.1722569
      </coordinates>
    </LineString>
  </Placemark>
  <Placemark>
    <name>P-486</name>
    <ExtendedData>
      <Data name="id"><value>P-486</value></Data>
      <Data name="source"><value>J-478</value></Data>
      <Data name="target"><value>J-488</value></Data>
    </ExtendedData>
    <LineString>
      <coordinates>
        88.3245762,24.1685039
        88.3231134,24.1689691
      </coordinates>
    </LineString>
  </Placemark>
  <Placemark>
    <name>P-487</name>
    <ExtendedData>
      <Data name="id"><value>P-487</value></Data>
      <Data name="source"><value>J-488</value></Data>
      <Data name="target"><value>J-489</value></Data>
    </ExtendedData>
    <LineString>
      <coordinates>
        88.3231134,24.1689691
        88.3235015,24.1697602
      </coordinates>
    </LineString>
  </Placemark>
  <Placemark>
    <name>P-488</name>
    <ExtendedData>
      <Data name="id"><value>P-488</value></Data>
      <Data name="source"><value>J-489</value></Data>
      <Data name="target"><value>J-490</value></Data>
    </ExtendedData>
    <LineString>
      <coordinates>
        88.3235015,24.1697602
        88.3243254,24.1700676
      </coordinates>
    </LineString>
  </Placemark>
  <Placemark>
    <name>P-489</name>
    <ExtendedData>
      <Data name="id"><value>P-489</value></Data>
      <Data name="source"><value>J-490</value></Data>
      <Data name="target"><value>J-491</value></Data>
    </ExtendedData>
    <LineString>
      <coordinates>
        88.3243254,24.1700676
        88.3247111,24.169974
      </coordinates>
    </LineString>
  </Placemark>
  <Placemark>
    <name>P-490</name>
    <ExtendedData>
      <Data name="id"><value>P-490</value></Data>
      <Data name="source"><value>J-490</value></Data>
      <Data name="target"><value>J-492</value></Data>
    </ExtendedData>
    <LineString>
      <coordinates>
        88.3243254,24.1700676
        88.3237029,24.1703975
      </coordinates>
    </LineString>
  </Placemark>
  <Placemark>
    <name>P-491</name>
    <ExtendedData>
      <Data name="id"><value>P-491</value></Data>
      <Data name="source"><value>J-489</value></Data>
      <Data name="target"><value>J-493</value></Data>
    </ExtendedData>
    <LineString>
      <coordinates>
        88.3235015,24.1697602
        88.3236947,24.1707339
      </coordinates>
    </LineString>
  </Placemark>
  <Placemark>
    <name>P-492</name>
    <ExtendedData>
      <Data name="id"><value>P-492</value></Data>
      <Data name="source"><value>J-493</value></Data>
      <Data name="target"><value>J-494</value></Data>
    </ExtendedData>
    <LineString>
      <coordinates>
        88.3236947,24.1707339
        88.3231117,24.1701072
      </coordinates>
    </LineString>
  </Placemark>
  <Placemark>
    <name>P-493</name>
    <ExtendedData>
      <Data name="id"><value>P-493</value></Data>
      <Data name="source"><value>J-493</value></Data>
      <Data name="target"><value>J-495</value></Data>
    </ExtendedData>
    <LineString>
      <coordinates>
        88.3236947,24.1707339
        88.3239768,24.1706993
      </coordinates>
    </LineString>
  </Placemark>
  <Placemark>
    <name>P-494</name>
    <ExtendedData>
      <Data name="id"><value>P-494</value></Data>
      <Data name="source"><value>J-495</value></Data>
      <Data name="target"><value>J-496</value></Data>
    </ExtendedData>
    <LineString>
      <coordinates>
        88.3239768,24.1706993
        88.3243374,24.170587
      </coordinates>
    </LineString>
  </Placemark>
  <Placemark>
    <name>P-495</name>
    <ExtendedData>
      <Data name="id"><value>P-495</value></Data>
      <Data name="source"><value>J-495</value></Data>
      <Data name="target"><value>J-497</value></Data>
    </ExtendedData>
    <LineString>
      <coordinates>
        88.3239768,24.1706993
        88.3248044,24.1715453
      </coordinates>
    </LineString>
  </Placemark>
  <Placemark>
    <name>P-496</name>
    <ExtendedData>
      <Data name="id"><value>P-496</value></Data>
      <Data name="source"><value>J-497</value></Data>
      <Data name="target"><value>J-498</value></Data>
    </ExtendedData>
    <LineString>
      <coordinates>
        88.3248044,24.1715453
        88.3249874,24.17208
      </coordinates>
    </LineString>
  </Placemark>
  <Placemark>
    <name>P-497</name>
    <ExtendedData>
      <Data name="id"><value>P-497</value></Data>
      <Data name="source"><value>J-488</value></Data>
      <Data name="target"><value>J-604</value></Data>
    </ExtendedData>
    <LineString>
      <coordinates>
        88.3231134,24.1689691
        88.3209364,24.1693896
      </coordinates>
    </LineString>
  </Placemark>
  <Placemark>
    <name>P-498</name>
    <ExtendedData>
      <Data name="id"><value>P-498</value></Data>
      <Data name="source"><value>J-457</value></Data>
      <Data name="target"><value>J-500</value></Data>
    </ExtendedData>
    <LineString>
      <coordinates>
        88.3139765,24.1642516
        88.3140649,24.1647328
      </coordinates>
    </LineString>
  </Placemark>
  <Placemark>
    <name>P-499</name>
    <ExtendedData>
      <Data name="id"><value>P-499</value></Data>
      <Data name="source"><value>J-500</value></Data>
      <Data name="target"><value>J-506</value></Data>
    </ExtendedData>
    <LineString>
      <coordinates>
        88.3140649,24.1647328
        88.3123039,24.1649853
      </coordinates>
    </LineString>
  </Placemark>
  <Placemark>
    <name>P-500</name>
    <ExtendedData>
      <Data name="id"><value>P-500</value></Data>
      <Data name="source"><value>J-506</value></Data>
      <Data name="target"><value>J-502</value></Data>
    </ExtendedData>
    <LineString>
      <coordinates>
        88.3123039,24.1649853
        88.3124355,24.1657243
      </coordinates>
    </LineString>
  </Placemark>
  <Placemark>
    <name>P-501</name>
    <ExtendedData>
      <Data name="id"><value>P-501</value></Data>
      <Data name="source"><value>J-502</value></Data>
      <Data name="target"><value>J-503</value></Data>
    </ExtendedData>
    <LineString>
      <coordinates>
        88.3124355,24.1657243
        88.3113048,24.166053
      </coordinates>
    </LineString>
  </Placemark>
  <Placemark>
    <name>P-502</name>
    <ExtendedData>
      <Data name="id"><value>P-502</value></Data>
      <Data name="source"><value>J-502</value></Data>
      <Data name="target"><value>J-504</value></Data>
    </ExtendedData>
    <LineString>
      <coordinates>
        88.3124355,24.1657243
        88.3134561,24.166322
      </coordinates>
    </LineString>
  </Placemark>
  <Placemark>
    <name>P-503</name>
    <ExtendedData>
      <Data name="id"><value>P-503</value></Data>
      <Data name="source"><value>J-504</value></Data>
      <Data name="target"><value>J-505</value></Data>
    </ExtendedData>
    <LineString>
      <coordinates>
        88.3134561,24.166322
        88.3141843,24.1662008
      </coordinates>
    </LineString>
  </Placemark>
  <Placemark>
    <name>P-504</name>
    <ExtendedData>
      <Data name="id"><value>P-504</value></Data>
      <Data name="source"><value>J-506</value></Data>
      <Data name="target"><value>J-507</value></Data>
    </ExtendedData>
    <LineString>
      <coordinates>
        88.3123039,24.1649853
        88.3105759,24.1654353
      </coordinates>
    </LineString>
  </Placemark>
  <Placemark>
    <name>P-505</name>
    <ExtendedData>
      <Data name="id"><value>P-505</value></Data>
      <Data name="source"><value>J-507</value></Data>
      <Data name="target"><value>J-508</value></Data>
    </ExtendedData>
    <LineString>
      <coordinates>
        88.3105759,24.1654353
        88.3105221,24.1647966
      </coordinates>
    </LineString>
  </Placemark>
  <Placemark>
    <name>P-506</name>
    <ExtendedData>
      <Data name="id"><value>P-506</value></Data>
      <Data name="source"><value>J-507</value></Data>
      <Data name="target"><value>J-509</value></Data>
    </ExtendedData>
    <LineString>
      <coordinates>
        88.3105759,24.1654353
        88.3093118,24.1656066
      </coordinates>
    </LineString>
  </Placemark>
  <Placemark>
    <name>P-507</name>
    <ExtendedData>
      <Data name="id"><value>P-507</value></Data>
      <Data name="source"><value>J-509</value></Data>
      <Data name="target"><value>J-510</value></Data>
    </ExtendedData>
    <LineString>
      <coordinates>
        88.3093118,24.1656066
        88.3085395,24.1649652
      </coordinates>
    </LineString>
  </Placemark>
  <Placemark>
    <name>P-508</name>
    <ExtendedData>
      <Data name="id"><value>P-508</value></Data>
      <Data name="source"><value>J-510</value></Data>
      <Data name="target"><value>J-511</value></Data>
    </ExtendedData>
    <LineString>
      <coordinates>
        88.3085395,24.1649652
        88.3078618,24.164888
      </coordinates>
    </LineString>
  </Placemark>
  <Placemark>
    <name>P-509</name>
    <ExtendedData>
      <Data name="id"><value>P-509</value></Data>
      <Data name="source"><value>J-510</value></Data>
      <Data name="target"><value>J-512</value></Data>
    </ExtendedData>
    <LineString>
      <coordinates>
        88.3085395,24.1649652
        88.3085821,24.1653215
      </coordinates>
    </LineString>
  </Placemark>
  <Placemark>
    <name>P-510</name>
    <ExtendedData>
      <Data name="id"><value>P-510</value></Data>
      <Data name="source"><value>J-512</value></Data>
      <Data name="target"><value>J-513</value></Data>
    </ExtendedData>
    <LineString>
      <coordinates>
        88.3085821,24.1653215
        88.3080487,24.1655642
      </coordinates>
    </LineString>
  </Placemark>
  <Placemark>
    <name>P-511</name>
    <ExtendedData>
      <Data name="id"><value>P-511</value></Data>
      <Data name="source"><value>J-512</value></Data>
      <Data name="target"><value>J-514</value></Data>
    </ExtendedData>
    <LineString>
      <coordinates>
        88.3085821,24.1653215
        88.3087134,24.165961
      </coordinates>
    </LineString>
  </Placemark>
  <Placemark>
    <name>P-512</name>
    <ExtendedData>
      <Data name="id"><value>P-512</value></Data>
      <Data name="source"><value>J-509</value></Data>
      <Data name="target"><value>J-515</value></Data>
    </ExtendedData>
    <LineString>
      <coordinates>
        88.3093118,24.1656066
        88.3087738,24.1660066
      </coordinates>
    </LineString>
  </Placemark>
  <Placemark>
    <name>P-513</name>
    <ExtendedData>
      <Data name="id"><value>P-513</value></Data>
      <Data name="source"><value>J-515</value></Data>
      <Data name="target"><value>J-516</value></Data>
    </ExtendedData>
    <LineString>
      <coordinates>
        88.3087738,24.1660066
        88.3087313,24.1667624
      </coordinates>
    </LineString>
  </Placemark>
  <Placemark>
    <name>P-514</name>
    <ExtendedData>
      <Data name="id"><value>P-514</value></Data>
      <Data name="source"><value>J-516</value></Data>
      <Data name="target"><value>J-517</value></Data>
    </ExtendedData>
    <LineString>
      <coordinates>
        88.3087313,24.1667624
        88.3074327,24.1668363
      </coordinates>
    </LineString>
  </Placemark>
  <Placemark>
    <name>P-515</name>
    <ExtendedData>
      <Data name="id"><value>P-515</value></Data>
      <Data name="source"><value>J-516</value></Data>
      <Data name="target"><value>J-518</value></Data>
    </ExtendedData>
    <LineString>
      <coordinates>
        88.3087313,24.1667624
        88.3075845,24.1676701
      </coordinates>
    </LineString>
  </Placemark>
  <Placemark>
    <name>P-516</name>
    <ExtendedData>
      <Data name="id"><value>P-516</value></Data>
      <Data name="source"><value>J-515</value></Data>
      <Data name="target"><value>J-519</value></Data>
    </ExtendedData>
    <LineString>
      <coordinates>
        88.3087738,24.1660066
        88.3072588,24.1662487
      </coordinates>
    </LineString>
  </Placemark>
  <Placemark>
    <name>P-517</name>
    <ExtendedData>
      <Data name="id"><value>P-517</value></Data>
      <Data name="source"><value>J-519</value></Data>
      <Data name="target"><value>J-520</value></Data>
    </ExtendedData>
    <LineString>
      <coordinates>
        88.3072588,24.1662487
        88.307396,24.1670576
      </coordinates>
    </LineString>
  </Placemark>
  <Placemark>
    <name>P-518</name>
    <ExtendedData>
      <Data name="id"><value>P-518</value></Data>
      <Data name="source"><value>J-520</value></Data>
      <Data name="target"><value>J-521</value></Data>
    </ExtendedData>
    <LineString>
      <coordinates>
        88.307396,24.1670576
        88.3070765,24.1670861
      </coordinates>
    </LineString>
  </Placemark>
  <Placemark>
    <name>P-519</name>
    <ExtendedData>
      <Data name="id"><value>P-519</value></Data>
      <Data name="source"><value>J-520</value></Data>
      <Data name="target"><value>J-522</value></Data>
    </ExtendedData>
    <LineString>
      <coordinates>
        88.307396,24.1670576
        88.3074382,24.1675285
      </coordinates>
    </LineString>
  </Placemark>
  <Placemark>
    <name>P-520</name>
    <ExtendedData>
      <Data name="id"><value>P-520</value></Data>
      <Data name="source"><value>J-522</value></Data>
      <Data name="target"><value>J-523</value></Data>
    </ExtendedData>
    <LineString>
      <coordinates>
        88.3074382,24.1675285
        88.306881,24.1676082
      </coordinates>
    </LineString>
  </Placemark>
  <Placemark>
    <name>P-521</name>
    <ExtendedData>
      <Data name="id"><value>P-521</value></Data>
      <Data name="source"><value>J-522</value></Data>
      <Data name="target"><value>J-524</value></Data>
    </ExtendedData>
    <LineString>
      <coordinates>
        88.3074382,24.1675285
        88.3075458,24.1682407
      </coordinates>
    </LineString>
  </Placemark>
  <Placemark>
    <name>P-522</name>
    <ExtendedData>
      <Data name="id"><value>P-522</value></Data>
      <Data name="source"><value>J-524</value></Data>
      <Data name="target"><value>J-525</value></Data>
    </ExtendedData>
    <LineString>
      <coordinates>
        88.3075458,24.1682407
        88.3064027,24.1686346
      </coordinates>
    </LineString>
  </Placemark>
  <Placemark>
    <name>P-523</name>
    <ExtendedData>
      <Data name="id"><value>P-523</value></Data>
      <Data name="source"><value>J-524</value></Data>
      <Data name="target"><value>J-526</value></Data>
    </ExtendedData>
    <LineString>
      <coordinates>
        88.3075458,24.1682407
        88.3100563,24.1696583
      </coordinates>
    </LineString>
  </Placemark>
  <Placemark>
    <name>P-524</name>
    <ExtendedData>
      <Data name="id"><value>P-524</value></Data>
      <Data name="source"><value>J-526</value></Data>
      <Data name="target"><value>J-527</value></Data>
    </ExtendedData>
    <LineString>
      <coordinates>
        88.3100563,24.1696583
        88.310009,24.1700235
      </coordinates>
    </LineString>
  </Placemark>
  <Placemark>
    <name>P-525</name>
    <ExtendedData>
      <Data name="id"><value>P-525</value></Data>
      <Data name="source"><value>J-519</value></Data>
      <Data name="target"><value>J-528</value></Data>
    </ExtendedData>
    <LineString>
      <coordinates>
        88.3072588,24.1662487
        88.3067022,24.1663171
      </coordinates>
    </LineString>
  </Placemark>
  <Placemark>
    <name>P-526</name>
    <ExtendedData>
      <Data name="id"><value>P-526</value></Data>
      <Data name="source"><value>J-528</value></Data>
      <Data name="target"><value>J-529</value></Data>
    </ExtendedData>
    <LineString>
      <coordinates>
        88.3067022,24.1663171
        88.3066752,24.1650966
      </coordinates>
    </LineString>
  </Placemark>
  <Placemark>
    <name>P-527</name>
    <ExtendedData>
      <Data name="id"><value>P-527</value></Data>
      <Data name="source"><value>J-529</value></Data>
      <Data name="target"><value>J-530</value></Data>
    </ExtendedData>
    <LineString>
      <coordinates>
        88.3066752,24.1650966
        88.3066193,24.164476
      </coordinates>
    </LineString>
  </Placemark>
  <Placemark>
    <name>P-528</name>
    <ExtendedData>
      <Data name="id"><value>P-528</value></Data>
      <Data name="source"><value>J-530</value></Data>
      <Data name="target"><value>J-531</value></Data>
    </ExtendedData>
    <LineString>
      <coordinates>
        88.3066193,24.164476
        88.3051935,24.1646772
      </coordinates>
    </LineString>
  </Placemark>
  <Placemark>
    <name>P-529</name>
    <ExtendedData>
      <Data name="id"><value>P-529</value></Data>
      <Data name="source"><value>J-531</value></Data>
      <Data name="target"><value>J-532</value></Data>
    </ExtendedData>
    <LineString>
      <coordinates>
        88.3051935,24.1646772
        88.3049535,24.1629686
      </coordinates>
    </LineString>
  </Placemark>
  <Placemark>
    <name>P-530</name>
    <ExtendedData>
      <Data name="id"><value>P-530</value></Data>
      <Data name="source"><value>J-528</value></Data>
      <Data name="target"><value>J-533</value></Data>
    </ExtendedData>
    <LineString>
      <coordinates>
        88.3067022,24.1663171
        88.3062224,24.1663638
      </coordinates>
    </LineString>
  </Placemark>
  <Placemark>
    <name>P-531</name>
    <ExtendedData>
      <Data name="id"><value>P-531</value></Data>
      <Data name="source"><value>J-533</value></Data>
      <Data name="target"><value>J-534</value></Data>
    </ExtendedData>
    <LineString>
      <coordinates>
        88.3062224,24.1663638
        88.3063042,24.1670634
      </coordinates>
    </LineString>
  </Placemark>
  <Placemark>
    <name>P-532</name>
    <ExtendedData>
      <Data name="id"><value>P-532</value></Data>
      <Data name="source"><value>J-533</value></Data>
      <Data name="target"><value>J-535</value></Data>
    </ExtendedData>
    <LineString>
      <coordinates>
        88.3062224,24.1663638
        88.3059376,24.1663576
      </coordinates>
    </LineString>
  </Placemark>
  <Placemark>
    <name>P-533</name>
    <ExtendedData>
      <Data name="id"><value>P-533</value></Data>
      <Data name="source"><value>J-535</value></Data>
      <Data name="target"><value>J-536</value></Data>
    </ExtendedData>
    <LineString>
      <coordinates>
        88.3059376,24.1663576
        88.3060384,24.1676196
      </coordinates>
    </LineString>
  </Placemark>
  <Placemark>
    <name>P-534</name>
    <ExtendedData>
      <Data name="id"><value>P-534</value></Data>
      <Data name="source"><value>J-535</value></Data>
      <Data name="target"><value>J-537</value></Data>
    </ExtendedData>
    <LineString>
      <coordinates>
        88.3059376,24.1663576
        88.3053333,24.166428
      </coordinates>
    </LineString>
  </Placemark>
  <Placemark>
    <name>P-535</name>
    <ExtendedData>
      <Data name="id"><value>P-535</value></Data>
      <Data name="source"><value>J-537</value></Data>
      <Data name="target"><value>J-538</value></Data>
    </ExtendedData>
    <LineString>
      <coordinates>
        88.3053333,24.166428
        88.3053533,24.1672524
      </coordinates>
    </LineString>
  </Placemark>
  <Placemark>
    <name>P-536</name>
    <ExtendedData>
      <Data name="id"><value>P-536</value></Data>
      <Data name="source"><value>J-537</value></Data>
      <Data name="target"><value>J-539</value></Data>
    </ExtendedData>
    <LineString>
      <coordinates>
        88.3053333,24.166428
        88.3051248,24.166443
      </coordinates>
    </LineString>
  </Placemark>
  <Placemark>
    <name>P-537</name>
    <ExtendedData>
      <Data name="id"><value>P-537</value></Data>
      <Data name="source"><value>J-539</value></Data>
      <Data name="target"><value>J-540</value></Data>
    </ExtendedData>
    <LineString>
      <coordinates>
        88.3051248,24.166443
        88.3050882,24.1658746
      </coordinates>
    </LineString>
  </Placemark>
  <Placemark>
    <name>P-538</name>
    <ExtendedData>
      <Data name="id"><value>P-538</value></Data>
      <Data name="source"><value>J-539</value></Data>
      <Data name="target"><value>J-541</value></Data>
    </ExtendedData>
    <LineString>
      <coordinates>
        88.3051248,24.166443
        88.3010805,24.1670311
      </coordinates>
    </LineString>
  </Placemark>
  <Placemark>
    <name>P-539</name>
    <ExtendedData>
      <Data name="id"><value>P-539</value></Data>
      <Data name="source"><value>J-541</value></Data>
      <Data name="target"><value>J-542</value></Data>
    </ExtendedData>
    <LineString>
      <coordinates>
        88.3010805,24.1670311
        88.2992986,24.167109
      </coordinates>
    </LineString>
  </Placemark>
  <Placemark>
    <name>P-540</name>
    <ExtendedData>
      <Data name="id"><value>P-540</value></Data>
      <Data name="source"><value>J-542</value></Data>
      <Data name="target"><value>J-543</value></Data>
    </ExtendedData>
    <LineString>
      <coordinates>
        88.2992986,24.167109
        88.298554,24.166969
      </coordinates>
    </LineString>
  </Placemark>
  <Placemark>
    <name>P-541</name>
    <ExtendedData>
      <Data name="id"><value>P-541</value></Data>
      <Data name="source"><value>J-531</value></Data>
      <Data name="target"><value>J-544</value></Data>
    </ExtendedData>
    <LineString>
      <coordinates>
        88.3051935,24.1646772
        88.3007088,24.1656793
      </coordinates>
    </LineString>
  </Placemark>
  <Placemark>
    <name>P-542</name>
    <ExtendedData>
      <Data name="id"><value>P-542</value></Data>
      <Data name="source"><value>J-544</value></Data>
      <Data name="target"><value>J-545</value></Data>
    </ExtendedData>
    <LineString>
      <coordinates>
        88.3007088,24.1656793
        88.300191,24.1649727
      </coordinates>
    </LineString>
  </Placemark>
  <Placemark>
    <name>P-543</name>
    <ExtendedData>
      <Data name="id"><value>P-543</value></Data>
      <Data name="source"><value>J-544</value></Data>
      <Data name="target"><value>J-546</value></Data>
    </ExtendedData>
    <LineString>
      <coordinates>
        88.3007088,24.1656793
        88.2995788,24.1661513
      </coordinates>
    </LineString>
  </Placemark>
  <Placemark>
    <name>P-544</name>
    <ExtendedData>
      <Data name="id"><value>P-544</value></Data>
      <Data name="source"><value>J-546</value></Data>
      <Data name="target"><value>J-547</value></Data>
    </ExtendedData>
    <LineString>
      <coordinates>
        88.2995788,24.1661513
        88.2994985,24.1653635
      </coordinates>
    </LineString>
  </Placemark>
  <Placemark>
    <name>P-545</name>
    <ExtendedData>
      <Data name="id"><value>P-545</value></Data>
      <Data name="source"><value>J-546</value></Data>
      <Data name="target"><value>J-548</value></Data>
    </ExtendedData>
    <LineString>
      <coordinates>
        88.2995788,24.1661513
        88.2994183,24.1664579
      </coordinates>
    </LineString>
  </Placemark>
  <Placemark>
    <name>P-546</name>
    <ExtendedData>
      <Data name="id"><value>P-546</value></Data>
      <Data name="source"><value>J-548</value></Data>
      <Data name="target"><value>J-549</value></Data>
    </ExtendedData>
    <LineString>
      <coordinates>
        88.2994183,24.1664579
        88.2993144,24.1670328
      </coordinates>
    </LineString>
  </Placemark>
  <Placemark>
    <name>P-547</name>
    <ExtendedData>
      <Data name="id"><value>P-547</value></Data>
      <Data name="source"><value>J-548</value></Data>
      <Data name="target"><value>J-550</value></Data>
    </ExtendedData>
    <LineString>
      <coordinates>
        88.2994183,24.1664579
        88.2989173,24.1663293
      </coordinates>
    </LineString>
  </Placemark>
  <Placemark>
    <name>P-548</name>
    <ExtendedData>
      <Data name="id"><value>P-548</value></Data>
      <Data name="source"><value>J-550</value></Data>
      <Data name="target"><value>J-551</value></Data>
    </ExtendedData>
    <LineString>
      <coordinates>
        88.2989173,24.1663293
        88.2988056,24.165626
      </coordinates>
    </LineString>
  </Placemark>
  <Placemark>
    <name>P-549</name>
    <ExtendedData>
      <Data name="id"><value>P-549</value></Data>
      <Data name="source"><value>J-550</value></Data>
      <Data name="target"><value>J-552</value></Data>
    </ExtendedData>
    <LineString>
      <coordinates>
        88.2989173,24.1663293
        88.2986845,24.1663104
      </coordinates>
    </LineString>
  </Placemark>
  <Placemark>
    <name>P-550</name>
    <ExtendedData>
      <Data name="id"><value>P-550</value></Data>
      <Data name="source"><value>J-552</value></Data>
      <Data name="target"><value>J-553</value></Data>
    </ExtendedData>
    <LineString>
      <coordinates>
        88.2986845,24.1663104
        88.2986016,24.1657913
      </coordinates>
    </LineString>
  </Placemark>
  <Placemark>
    <name>P-551</name>
    <ExtendedData>
      <Data name="id"><value>P-551</value></Data>
      <Data name="source"><value>J-552</value></Data>
      <Data name="target"><value>J-554</value></Data>
    </ExtendedData>
    <LineString>
      <coordinates>
        88.2986845,24.1663104
        88.2980587,24.1664813
      </coordinates>
    </LineString>
  </Placemark>
  <Placemark>
    <name>P-552</name>
    <ExtendedData>
      <Data name="id"><value>P-552</value></Data>
      <Data name="source"><value>J-555</value></Data>
      <Data name="target"><value>J-500</value></Data>
    </ExtendedData>
    <LineString>
      <coordinates>
        88.3148187,24.1689035
        88.3140649,24.1647328
      </coordinates>
    </LineString>
  </Placemark>
  <Placemark>
    <name>P-553</name>
    <ExtendedData>
      <Data name="id"><value>P-553</value></Data>
      <Data name="source"><value>J-555</value></Data>
      <Data name="target"><value>J-556</value></Data>
    </ExtendedData>
    <LineString>
      <coordinates>
        88.3148187,24.1689035
        88.3156754,24.1717962
      </coordinates>
    </LineString>
  </Placemark>
  <Placemark>
    <name>P-554</name>
    <ExtendedData>
      <Data name="id"><value>P-554</value></Data>
      <Data name="source"><value>J-556</value></Data>
      <Data name="target"><value>J-557</value></Data>
    </ExtendedData>
    <LineString>
      <coordinates>
        88.3156754,24.1717962
        88.3172684,24.17683
      </coordinates>
    </LineString>
  </Placemark>
  <Placemark>
    <name>P-555</name>
    <ExtendedData>
      <Data name="id"><value>P-555</value></Data>
      <Data name="source"><value>J-557</value></Data>
      <Data name="target"><value>J-558</value></Data>
    </ExtendedData>
    <LineString>
      <coordinates>
        88.3172684,24.17683
        88.3146706,24.177261
      </coordinates>
    </LineString>
  </Placemark>
  <Placemark>
    <name>P-556</name>
    <ExtendedData>
      <Data name="id"><value>P-556</value></Data>
      <Data name="source"><value>J-557</value></Data>
      <Data name="target"><value>J-559</value></Data>
    </ExtendedData>
    <LineString>
      <coordinates>
        88.3172684,24.17683
        88.3215573,24.1750349
      </coordinates>
    </LineString>
  </Placemark>
  <Placemark>
    <name>P-557</name>
    <ExtendedData>
      <Data name="id"><value>P-557</value></Data>
      <Data name="source"><value>J-559</value></Data>
      <Data name="target"><value>J-560</value></Data>
    </ExtendedData>
    <LineString>
      <coordinates>
        88.3215573,24.1750349
        88.3222419,24.1764303
      </coordinates>
    </LineString>
  </Placemark>
  <Placemark>
    <name>P-558</name>
    <ExtendedData>
      <Data name="id"><value>P-558</value></Data>
      <Data name="source"><value>J-557</value></Data>
      <Data name="target"><value>J-561</value></Data>
    </ExtendedData>
    <LineString>
      <coordinates>
        88.3172684,24.17683
        88.3193061,24.180284
      </coordinates>
    </LineString>
  </Placemark>
  <Placemark>
    <name>P-559</name>
    <ExtendedData>
      <Data name="id"><value>P-559</value></Data>
      <Data name="source"><value>J-561</value></Data>
      <Data name="target"><value>J-562</value></Data>
    </ExtendedData>
    <LineString>
      <coordinates>
        88.3193061,24.180284
        88.3197428,24.1800129
      </coordinates>
    </LineString>
  </Placemark>
  <Placemark>
    <name>P-560</name>
    <ExtendedData>
      <Data name="id"><value>P-560</value></Data>
      <Data name="source"><value>J-562</value></Data>
      <Data name="target"><value>J-563</value></Data>
    </ExtendedData>
    <LineString>
      <coordinates>
        88.3197428,24.1800129
        88.3204829,24.1792352
      </coordinates>
    </LineString>
  </Placemark>
  <Placemark>
    <name>P-561</name>
    <ExtendedData>
      <Data name="id"><value>P-561</value></Data>
      <Data name="source"><value>J-562</value></Data>
      <Data name="target"><value>J-564</value></Data>
    </ExtendedData>
    <LineString>
      <coordinates>
        88.3197428,24.1800129
        88.3204683,24.1798889
      </coordinates>
    </LineString>
  </Placemark>
  <Placemark>
    <name>P-562</name>
    <ExtendedData>
      <Data name="id"><value>P-562</value></Data>
      <Data name="source"><value>J-564</value></Data>
      <Data name="target"><value>J-565</value></Data>
    </ExtendedData>
    <LineString>
      <coordinates>
        88.3204683,24.1798889
        88.3212115,24.1797349
      </coordinates>
    </LineString>
  </Placemark>
  <Placemark>
    <name>P-563</name>
    <ExtendedData>
      <Data name="id"><value>P-563</value></Data>
      <Data name="source"><value>J-564</value></Data>
      <Data name="target"><value>J-566</value></Data>
    </ExtendedData>
    <LineString>
      <coordinates>
        88.3204683,24.1798889
        88.3203325,24.1805437
      </coordinates>
    </LineString>
  </Placemark>
  <Placemark>
    <name>P-564</name>
    <ExtendedData>
      <Data name="id"><value>P-564</value></Data>
      <Data name="source"><value>J-566</value></Data>
      <Data name="target"><value>J-567</value></Data>
    </ExtendedData>
    <LineString>
      <coordinates>
        88.3203325,24.1805437
        88.3203701,24.180733
      </coordinates>
    </LineString>
  </Placemark>
  <Placemark>
    <name>P-565</name>
    <ExtendedData>
      <Data name="id"><value>P-565</value></Data>
      <Data name="source"><value>J-567</value></Data>
      <Data name="target"><value>J-566</value></Data>
    </ExtendedData>
    <LineString>
      <coordinates>
        88.3203701,24.180733
        88.3203325,24.1805437
      </coordinates>
    </LineString>
  </Placemark>
  <Placemark>
    <name>P-566</name>
    <ExtendedData>
      <Data name="id"><value>P-566</value></Data>
      <Data name="source"><value>J-566</value></Data>
      <Data name="target"><value>J-568</value></Data>
    </ExtendedData>
    <LineString>
      <coordinates>
        88.3203325,24.1805437
        88.3199013,24.1808743
      </coordinates>
    </LineString>
  </Placemark>
  <Placemark>
    <name>P-567</name>
    <ExtendedData>
      <Data name="id"><value>P-567</value></Data>
      <Data name="source"><value>J-561</value></Data>
      <Data name="target"><value>J-569</value></Data>
    </ExtendedData>
    <LineString>
      <coordinates>
        88.3193061,24.180284
        88.31976,24.1809866
      </coordinates>
    </LineString>
  </Placemark>
  <Placemark>
    <name>P-568</name>
    <ExtendedData>
      <Data name="id"><value>P-568</value></Data>
      <Data name="source"><value>J-569</value></Data>
      <Data name="target"><value>J-570</value></Data>
    </ExtendedData>
    <LineString>
      <coordinates>
        88.31976,24.1809866
        88.3199843,24.1813245
      </coordinates>
    </LineString>
  </Placemark>
  <Placemark>
    <name>P-569</name>
    <ExtendedData>
      <Data name="id"><value>P-569</value></Data>
      <Data name="source"><value>J-569</value></Data>
      <Data name="target"><value>J-571</value></Data>
    </ExtendedData>
    <LineString>
      <coordinates>
        88.31976,24.1809866
        88.321895,24.1807589
      </coordinates>
    </LineString>
  </Placemark>
  <Placemark>
    <name>P-570</name>
    <ExtendedData>
      <Data name="id"><value>P-570</value></Data>
      <Data name="source"><value>J-565</value></Data>
      <Data name="target"><value>J-572</value></Data>
    </ExtendedData>
    <LineString>
      <coordinates>
        88.3212115,24.1797349
        88.3210111,24.1791892
      </coordinates>
    </LineString>
  </Placemark>
  <Placemark>
    <name>P-571</name>
    <ExtendedData>
      <Data name="id"><value>P-571</value></Data>
      <Data name="source"><value>J-565</value></Data>
      <Data name="target"><value>J-573</value></Data>
    </ExtendedData>
    <LineString>
      <coordinates>
        88.3212115,24.1797349
        88.3215334,24.1807602
      </coordinates>
    </LineString>
  </Placemark>
  <Placemark>
    <name>P-572</name>
    <ExtendedData>
      <Data name="id"><value>P-572</value></Data>
      <Data name="source"><value>J-556</value></Data>
      <Data name="target"><value>J-574</value></Data>
    </ExtendedData>
    <LineString>
      <coordinates>
        88.3156754,24.1717962
        88.3160274,24.1716481
      </coordinates>
    </LineString>
  </Placemark>
  <Placemark>
    <name>P-573</name>
    <ExtendedData>
      <Data name="id"><value>P-573</value></Data>
      <Data name="source"><value>J-574</value></Data>
      <Data name="target"><value>J-575</value></Data>
    </ExtendedData>
    <LineString>
      <coordinates>
        88.3160274,24.1716481
        88.3159744,24.1713967
      </coordinates>
    </LineString>
  </Placemark>
  <Placemark>
    <name>P-574</name>
    <ExtendedData>
      <Data name="id"><value>P-574</value></Data>
      <Data name="source"><value>J-574</value></Data>
      <Data name="target"><value>J-576</value></Data>
    </ExtendedData>
    <LineString>
      <coordinates>
        88.3160274,24.1716481
        88.3165285,24.1715238
      </coordinates>
    </LineString>
  </Placemark>
  <Placemark>
    <name>P-575</name>
    <ExtendedData>
      <Data name="id"><value>P-575</value></Data>
      <Data name="source"><value>J-576</value></Data>
      <Data name="target"><value>J-577</value></Data>
    </ExtendedData>
    <LineString>
      <coordinates>
        88.3165285,24.1715238
        88.3159698,24.1711226
      </coordinates>
    </LineString>
  </Placemark>
  <Placemark>
    <name>P-576</name>
    <ExtendedData>
      <Data name="id"><value>P-576</value></Data>
      <Data name="source"><value>J-576</value></Data>
      <Data name="target"><value>J-578</value></Data>
    </ExtendedData>
    <LineString>
      <coordinates>
        88.3165285,24.1715238
        88.3168413,24.1714252
      </coordinates>
    </LineString>
  </Placemark>
  <Placemark>
    <name>P-577</name>
    <ExtendedData>
      <Data name="id"><value>P-577</value></Data>
      <Data name="source"><value>J-578</value></Data>
      <Data name="target"><value>J-579</value></Data>
    </ExtendedData>
    <LineString>
      <coordinates>
        88.3168413,24.1714252
        88.3169753,24.1721077
      </coordinates>
    </LineString>
  </Placemark>
  <Placemark>
    <name>P-578</name>
    <ExtendedData>
      <Data name="id"><value>P-578</value></Data>
      <Data name="source"><value>J-579</value></Data>
      <Data name="target"><value>J-580</value></Data>
    </ExtendedData>
    <LineString>
      <coordinates>
        88.3169753,24.1721077
        88.3165914,24.1721898
      </coordinates>
    </LineString>
  </Placemark>
  <Placemark>
    <name>P-579</name>
    <ExtendedData>
      <Data name="id"><value>P-579</value></Data>
      <Data name="source"><value>J-580</value></Data>
      <Data name="target"><value>J-581</value></Data>
    </ExtendedData>
    <LineString>
      <coordinates>
        88.3165914,24.1721898
        88.3164341,24.1715949
      </coordinates>
    </LineString>
  </Placemark>
  <Placemark>
    <name>P-580</name>
    <ExtendedData>
      <Data name="id"><value>P-580</value></Data>
      <Data name="source"><value>J-580</value></Data>
      <Data name="target"><value>J-582</value></Data>
    </ExtendedData>
    <LineString>
      <coordinates>
        88.3165914,24.1721898
        88.3169476,24.1725037
      </coordinates>
    </LineString>
  </Placemark>
  <Placemark>
    <name>P-581</name>
    <ExtendedData>
      <Data name="id"><value>P-581</value></Data>
      <Data name="source"><value>J-579</value></Data>
      <Data name="target"><value>J-583</value></Data>
    </ExtendedData>
    <LineString>
      <coordinates>
        88.3169753,24.1721077
        88.3170643,24.1729224
      </coordinates>
    </LineString>
  </Placemark>
  <Placemark>
    <name>P-582</name>
    <ExtendedData>
      <Data name="id"><value>P-582</value></Data>
      <Data name="source"><value>J-583</value></Data>
      <Data name="target"><value>J-584</value></Data>
    </ExtendedData>
    <LineString>
      <coordinates>
        88.3170643,24.1729224
        88.3170894,24.17324
      </coordinates>
    </LineString>
  </Placemark>
  <Placemark>
    <name>P-583</name>
    <ExtendedData>
      <Data name="id"><value>P-583</value></Data>
      <Data name="source"><value>J-583</value></Data>
      <Data name="target"><value>J-585</value></Data>
    </ExtendedData>
    <LineString>
      <coordinates>
        88.3170643,24.1729224
        88.3160116,24.1730753
      </coordinates>
    </LineString>
  </Placemark>
  <Placemark>
    <name>P-584</name>
    <ExtendedData>
      <Data name="id"><value>P-584</value></Data>
      <Data name="source"><value>J-578</value></Data>
      <Data name="target"><value>J-586</value></Data>
    </ExtendedData>
    <LineString>
      <coordinates>
        88.3168413,24.1714252
        88.3169263,24.1713831
      </coordinates>
    </LineString>
  </Placemark>
  <Placemark>
    <name>P-585</name>
    <ExtendedData>
      <Data name="id"><value>P-585</value></Data>
      <Data name="source"><value>J-586</value></Data>
      <Data name="target"><value>J-587</value></Data>
    </ExtendedData>
    <LineString>
      <coordinates>
        88.3169263,24.1713831
        88.3167446,24.1707342
      </coordinates>
    </LineString>
  </Placemark>
  <Placemark>
    <name>P-586</name>
    <ExtendedData>
      <Data name="id"><value>P-586</value></Data>
      <Data name="source"><value>J-587</value></Data>
      <Data name="target"><value>J-588</value></Data>
    </ExtendedData>
    <LineString>
      <coordinates>
        88.3167446,24.1707342
        88.316078,24.1709033
      </coordinates>
    </LineString>
  </Placemark>
  <Placemark>
    <name>P-587</name>
    <ExtendedData>
      <Data name="id"><value>P-587</value></Data>
      <Data name="source"><value>J-588</value></Data>
      <Data name="target"><value>J-589</value></Data>
    </ExtendedData>
    <LineString>
      <coordinates>
        88.316078,24.1709033
        88.3161232,24.1710367
      </coordinates>
    </LineString>
  </Placemark>
  <Placemark>
    <name>P-588</name>
    <ExtendedData>
      <Data name="id"><value>P-588</value></Data>
      <Data name="source"><value>J-588</value></Data>
      <Data name="target"><value>J-590</value></Data>
    </ExtendedData>
    <LineString>
      <coordinates>
        88.316078,24.1709033
        88.3155072,24.1710046
      </coordinates>
    </LineString>
  </Placemark>
  <Placemark>
    <name>P-589</name>
    <ExtendedData>
      <Data name="id"><value>P-589</value></Data>
      <Data name="source"><value>J-586</value></Data>
      <Data name="target"><value>J-591</value></Data>
    </ExtendedData>
    <LineString>
      <coordinates>
        88.3169263,24.1713831
        88.3173677,24.1711706
      </coordinates>
    </LineString>
  </Placemark>
  <Placemark>
    <name>P-590</name>
    <ExtendedData>
      <Data name="id"><value>P-590</value></Data>
      <Data name="source"><value>J-591</value></Data>
      <Data name="target"><value>J-592</value></Data>
    </ExtendedData>
    <LineString>
      <coordinates>
        88.3173677,24.1711706
        88.3179957,24.1703834
      </coordinates>
    </LineString>
  </Placemark>
  <Placemark>
    <name>P-591</name>
    <ExtendedData>
      <Data name="id"><value>P-591</value></Data>
      <Data name="source"><value>J-591</value></Data>
      <Data name="target"><value>J-593</value></Data>
    </ExtendedData>
    <LineString>
      <coordinates>
        88.3173677,24.1711706
        88.3176838,24.1709724
      </coordinates>
    </LineString>
  </Placemark>
  <Placemark>
    <name>P-592</name>
    <ExtendedData>
      <Data name="id"><value>P-592</value></Data>
      <Data name="source"><value>J-593</value></Data>
      <Data name="target"><value>J-594</value></Data>
    </ExtendedData>
    <LineString>
      <coordinates>
        88.3176838,24.1709724
        88.3187266,24.170792
      </coordinates>
    </LineString>
  </Placemark>
  <Placemark>
    <name>P-593</name>
    <ExtendedData>
      <Data name="id"><value>P-593</value></Data>
      <Data name="source"><value>J-594</value></Data>
      <Data name="target"><value>J-595</value></Data>
    </ExtendedData>
    <LineString>
      <coordinates>
        88.3187266,24.170792
        88.3189666,24.172008
      </coordinates>
    </LineString>
  </Placemark>
  <Placemark>
    <name>P-594</name>
    <ExtendedData>
      <Data name="id"><value>P-594</value></Data>
      <Data name="source"><value>J-593</value></Data>
      <Data name="target"><value>J-596</value></Data>
    </ExtendedData>
    <LineString>
      <coordinates>
        88.3176838,24.1709724
        88.3177489,24.1709172
      </coordinates>
    </LineString>
  </Placemark>
  <Placemark>
    <name>P-595</name>
    <ExtendedData>
      <Data name="id"><value>P-595</value></Data>
      <Data name="source"><value>J-596</value></Data>
      <Data name="target"><value>J-597</value></Data>
    </ExtendedData>
    <LineString>
      <coordinates>
        88.3177489,24.1709172
        88.3176336,24.1706076
      </coordinates>
    </LineString>
  </Placemark>
  <Placemark>
    <name>P-596</name>
    <ExtendedData>
      <Data name="id"><value>P-596</value></Data>
      <Data name="source"><value>J-596</value></Data>
      <Data name="target"><value>J-598</value></Data>
    </ExtendedData>
    <LineString>
      <coordinates>
        88.3177489,24.1709172
        88.3181351,24.170569
      </coordinates>
    </LineString>
  </Placemark>
  <Placemark>
    <name>P-597</name>
    <ExtendedData>
      <Data name="id"><value>P-597</value></Data>
      <Data name="source"><value>J-598</value></Data>
      <Data name="target"><value>J-599</value></Data>
    </ExtendedData>
    <LineString>
      <coordinates>
        88.3181351,24.170569
        88.3178256,24.1695192
      </coordinates>
    </LineString>
  </Placemark>
  <Placemark>
    <name>P-598</name>
    <ExtendedData>
      <Data name="id"><value>P-598</value></Data>
      <Data name="source"><value>J-598</value></Data>
      <Data name="target"><value>J-600</value></Data>
    </ExtendedData>
    <LineString>
      <coordinates>
        88.3181351,24.170569
        88.3184485,24.1701429
      </coordinates>
    </LineString>
  </Placemark>
  <Placemark>
    <name>P-599</name>
    <ExtendedData>
      <Data name="id"><value>P-599</value></Data>
      <Data name="source"><value>J-600</value></Data>
      <Data name="target"><value>J-601</value></Data>
    </ExtendedData>
    <LineString>
      <coordinates>
        88.3184485,24.1701429
        88.3182862,24.1699703
      </coordinates>
    </LineString>
  </Placemark>
  <Placemark>
    <name>P-600</name>
    <ExtendedData>
      <Data name="id"><value>P-600</value></Data>
      <Data name="source"><value>J-600</value></Data>
      <Data name="target"><value>J-602</value></Data>
    </ExtendedData>
    <LineString>
      <coordinates>
        88.3184485,24.1701429
        88.3186366,24.1699907
      </coordinates>
    </LineString>
  </Placemark>
  <Placemark>
    <name>P-601</name>
    <ExtendedData>
      <Data name="id"><value>P-601</value></Data>
      <Data name="source"><value>J-602</value></Data>
      <Data name="target"><value>J-603</value></Data>
    </ExtendedData>
    <LineString>
      <coordinates>
        88.3186366,24.1699907
        88.3189494,24.1706138
      </coordinates>
    </LineString>
  </Placemark>
  <Placemark>
    <name>P-602</name>
    <ExtendedData>
      <Data name="id"><value>P-602</value></Data>
      <Data name="source"><value>J-602</value></Data>
      <Data name="target"><value>J-604</value></Data>
    </ExtendedData>
    <LineString>
      <coordinates>
        88.3186366,24.1699907
        88.3209364,24.1693896
      </coordinates>
    </LineString>
  </Placemark>
</Document>
</kml>